window,alpha,folds,mse
2,0.5482211966808708,64,4.110922909527875
2,0.5482211966808708,64,4.110922909527875
2,0.5482211966808708,64,4.110922909527875
2,0.5482211966808708,64,4.110922909527875
2,0.5482211966808708,64,4.110922909527875
2,0.5482211966808708,64,4.110922909527875
2,0.5848820230649372,64,4.110922944420622
2,0.5848820230649372,64,4.110922944420622
2,0.5848820230649372,64,4.110922944420622
2,0.5848820230649372,64,4.110922944420622
2,0.5848820230649372,64,4.110922944420622
2,0.5848820230649372,64,4.110922944420622
2,0.5848820230649372,64,4.110922944420622
2,0.5848820230649372,64,4.110922944420622
2,0.5138582972943202,64,4.110923376743214
2,0.5138582972943202,64,4.110923376743214
2,0.5138582972943202,64,4.110923376743214
2,0.5138582972943202,64,4.110923376743214
2,0.5138582972943202,64,4.110923376743214
2,0.5138582972943202,64,4.110923376743214
2,0.6239944441689813,64,4.110923511819241
2,0.6239944441689813,64,4.110923511819241
2,0.6239944441689813,64,4.110923511819241
2,0.6239944441689813,64,4.110923511819241
2,0.6239944441689813,64,4.110923511819241
2,0.6239944441689813,64,4.110923511819241
2,0.4816492891863252,64,4.110924314667296
2,0.4816492891863252,64,4.110924314667296
2,0.4816492891863252,64,4.110924314667296
2,0.4816492891863252,64,4.110924314667296
2,0.6657224038334415,64,4.110924640856359
2,0.6657224038334415,64,4.110924640856359
2,0.6657224038334415,64,4.110924640856359
2,0.6657224038334415,64,4.110924640856359
2,0.4514591649005106,64,4.110925691158286
2,0.4514591649005106,64,4.110925691158286
2,0.4514591649005106,64,4.110925691158286
2,0.4514591649005106,64,4.110925691158286
2,0.7102408092046375,64,4.110926359133144
2,0.7102408092046375,64,4.110926359133144
2,0.7102408092046375,64,4.110926359133144
2,0.7102408092046375,64,4.110926359133144
2,0.7102408092046375,64,4.110926359133144
2,0.4231613793450881,64,4.110927473584431
2,0.4231613793450881,64,4.110927473584431
2,0.4231613793450881,64,4.110927473584431
2,0.4231613793450881,64,4.110927473584431
2,0.4231613793450881,64,4.110927473584431
2,0.7577362638765357,64,4.11092869245245
2,0.7577362638765357,64,4.11092869245245
2,0.7577362638765357,64,4.11092869245245
2,0.7577362638765357,64,4.11092869245245
2,0.39663731936574764,64,4.110929629068529
2,0.39663731936574764,64,4.110929629068529
2,0.39663731936574764,64,4.110929629068529
2,0.39663731936574764,64,4.110929629068529
2,0.39663731936574764,64,4.110929629068529
2,0.8084078500594021,64,4.110931664553541
2,0.8084078500594021,64,4.110931664553541
2,0.8084078500594021,64,4.110931664553541
2,0.8084078500594021,64,4.110931664553541
2,0.8084078500594021,64,4.110931664553541
2,0.8084078500594021,64,4.110931664553541
2,0.8084078500594021,64,4.110931664553541
2,0.3717758065661061,64,4.11093212472253
2,0.3717758065661061,64,4.11093212472253
2,0.3717758065661061,64,4.11093212472253
2,0.3717758065661061,64,4.11093212472253
2,0.3717758065661061,64,4.11093212472253
2,0.3484726312917259,64,4.110934927870713
2,0.3484726312917259,64,4.110934927870713
2,0.3484726312917259,64,4.110934927870713
2,0.8624679630538962,64,4.110935296850801
2,0.8624679630538962,64,4.110935296850801
2,0.8624679630538962,64,4.110935296850801
2,0.8624679630538962,64,4.110935296850801
2,0.8624679630538962,64,4.110935296850801
2,0.8624679630538962,64,4.110935296850801
2,0.8624679630538962,64,4.110935296850801
2,0.8624679630538962,64,4.110935296850801
2,0.8624679630538962,64,4.110935296850801
2,0.3266301158243518,64,4.1109380062599605
2,0.920143201528384,64,4.110939608179047
2,0.920143201528384,64,4.110939608179047
2,0.920143201528384,64,4.110939608179047
2,0.920143201528384,64,4.110939608179047
2,0.920143201528384,64,4.110939608179047
2,0.30615670495544806,64,4.11094132825569
2,0.30615670495544806,64,4.11094132825569
2,0.30615670495544806,64,4.11094132825569
2,0.9816753173311735,64,4.1109446145481545
2,0.9816753173311735,64,4.1109446145481545
2,0.9816753173311735,64,4.1109446145481545
2,0.9816753173311735,64,4.1109446145481545
2,0.9816753173311735,64,4.1109446145481545
2,0.9816753173311735,64,4.1109446145481545
2,0.9816753173311735,64,4.1109446145481545
2,0.9816753173311735,64,4.1109446145481545
2,0.2869665822228788,64,4.110944863022201
2,0.2869665822228788,64,4.110944863022201
2,0.2869665822228788,64,4.110944863022201
2,0.2869665822228788,64,4.110944863022201
2,0.2869665822228788,64,4.110944863022201
2,0.2869665822228788,64,4.110944863022201
2,0.26897931020215227,64,4.110948580686384
2,0.26897931020215227,64,4.110948580686384
2,0.26897931020215227,64,4.110948580686384
2,0.26897931020215227,64,4.110948580686384
2,0.26897931020215227,64,4.110948580686384
2,0.26897931020215227,64,4.110948580686384
2,0.26897931020215227,64,4.110948580686384
2,1.0473222288188955,64,4.110950328910061
2,1.0473222288188955,64,4.110950328910061
2,1.0473222288188955,64,4.110950328910061
2,1.0473222288188955,64,4.110950328910061
2,1.0473222288188955,64,4.110950328910061
2,1.0473222288188955,64,4.110950328910061
2,1.0473222288188955,64,4.110950328910061
2,1.0473222288188955,64,4.110950328910061
2,1.0473222288188955,64,4.110950328910061
2,1.0473222288188955,64,4.110950328910061
2,0.25211949334446737,64,4.110952452483739
2,0.25211949334446737,64,4.110952452483739
2,0.25211949334446737,64,4.110952452483739
2,0.25211949334446737,64,4.110952452483739
2,0.25211949334446737,64,4.110952452483739
2,0.25211949334446737,64,4.110952452483739
2,0.25211949334446737,64,4.110952452483739
2,0.23631646194831477,64,4.11095645088611
2,0.23631646194831477,64,4.11095645088611
2,0.23631646194831477,64,4.11095645088611
2,0.23631646194831477,64,4.11095645088611
2,1.1173591019485078,64,4.110956760941351
2,1.1173591019485078,64,4.110956760941351
2,1.1173591019485078,64,4.110956760941351
2,1.1173591019485078,64,4.110956760941351
2,0.22150397593996615,64,4.110960549710592
2,0.22150397593996615,64,4.110960549710592
2,0.22150397593996615,64,4.110960549710592
2,0.22150397593996615,64,4.110960549710592
2,0.22150397593996615,64,4.110960549710592
2,0.22150397593996615,64,4.110960549710592
2,0.22150397593996615,64,4.110960549710592
2,1.192079503664454,64,4.110963916844803
2,1.192079503664454,64,4.110963916844803
2,1.192079503664454,64,4.110963916844803
2,0.20761994722121382,64,4.110964724209374
2,0.20761994722121382,64,4.110964724209374
2,0.20761994722121382,64,4.110964724209374
2,0.20761994722121382,64,4.110964724209374
2,0.20761994722121382,64,4.110964724209374
2,0.19460617942055622,64,4.110968951140615
2,0.19460617942055622,64,4.110968951140615
2,0.19460617942055622,64,4.110968951140615
2,0.19460617942055622,64,4.110968951140615
2,1.2717966324154717,64,4.110971799173446
2,1.2717966324154717,64,4.110971799173446
2,1.2717966324154717,64,4.110971799173446
2,1.2717966324154717,64,4.110971799173446
2,1.2717966324154717,64,4.110971799173446
2,1.2717966324154717,64,4.110971799173446
2,0.1824081239569649,64,4.1109732088205435
2,0.1824081239569649,64,4.1109732088205435
2,0.1824081239569649,64,4.1109732088205435
2,0.1824081239569649,64,4.1109732088205435
2,0.1824081239569649,64,4.1109732088205435
2,0.1824081239569649,64,4.1109732088205435
2,0.1824081239569649,64,4.1109732088205435
2,0.1824081239569649,64,4.1109732088205435
2,0.17097465139375173,64,4.1109774771574585
2,0.17097465139375173,64,4.1109774771574585
2,0.17097465139375173,64,4.1109774771574585
2,0.17097465139375173,64,4.1109774771574585
2,1.356844630958961,64,4.1109804066807385
2,1.356844630958961,64,4.1109804066807385
2,1.356844630958961,64,4.1109804066807385
2,1.356844630958961,64,4.1109804066807385
2,0.1602578371241384,64,4.110981737668297
2,0.1602578371241384,64,4.110981737668297
2,0.1602578371241384,64,4.110981737668297
2,0.1602578371241384,64,4.110981737668297
2,0.1602578371241384,64,4.110981737668297
2,0.1602578371241384,64,4.110981737668297
2,0.1602578371241384,64,4.110981737668297
2,0.1502127604902106,64,4.110985973478899
2,0.1502127604902106,64,4.110985973478899
2,0.1502127604902106,64,4.110985973478899
2,0.1502127604902106,64,4.110985973478899
2,1.447579986955596,64,4.110989734200464
2,1.447579986955596,64,4.110989734200464
2,1.447579986955596,64,4.110989734200464
2,1.447579986955596,64,4.110989734200464
2,1.447579986955596,64,4.110989734200464
2,1.447579986955596,64,4.110989734200464
2,0.14079731649323968,64,4.110990169309116
2,0.14079731649323968,64,4.110990169309116
2,0.14079731649323968,64,4.110990169309116
2,0.13197203930613743,64,4.110994311444141
2,0.13197203930613743,64,4.110994311444141
2,0.13197203930613743,64,4.110994311444141
2,0.13197203930613743,64,4.110994311444141
2,0.1236999368482776,64,4.110998387693526
2,0.1236999368482776,64,4.110998387693526
2,0.1236999368482776,64,4.110998387693526
2,0.1236999368482776,64,4.110998387693526
2,0.1236999368482776,64,4.110998387693526
2,1.5443830272249786,64,4.110999772559863
2,1.5443830272249786,64,4.110999772559863
2,1.5443830272249786,64,4.110999772559863
2,1.5443830272249786,64,4.110999772559863
2,0.11594633572928544,64,4.111002387339481
2,0.11594633572928544,64,4.111002387339481
2,0.11594633572928544,64,4.111002387339481
2,0.11594633572928544,64,4.111002387339481
2,0.10867873591186367,64,4.111006301076047
2,0.10867873591186367,64,4.111006301076047
2,0.10867873591186367,64,4.111006301076047
2,0.10867873591186367,64,4.111006301076047
2,1.6476595119256485,64,4.111010508529267
2,1.6476595119256485,64,4.111010508529267
2,1.6476595119256485,64,4.111010508529267
2,1.6476595119256485,64,4.111010508529267
2,1.6476595119256485,64,4.111010508529267
2,0.09548159797274021,64,4.111013840240183
2,0.09548159797274021,64,4.111013840240183
2,0.09548159797274021,64,4.111013840240183
2,0.09548159797274021,64,4.111013840240183
2,0.09548159797274021,64,4.111013840240183
2,0.09548159797274021,64,4.111013840240183
2,0.09548159797274021,64,4.111013840240183
2,0.0894967426547247,64,4.111017453471463
2,0.0894967426547247,64,4.111017453471463
2,0.0894967426547247,64,4.111017453471463
2,0.0894967426547247,64,4.111017453471463
2,0.08388702237778593,64,4.111020956240287
2,1.7578423353415833,64,4.111021924811191
2,1.7578423353415833,64,4.111021924811191
2,0.07862892340741143,64,4.111024345177608
2,0.07862892340741143,64,4.111024345177608
2,0.07862892340741143,64,4.111024345177608
2,0.07862892340741143,64,4.111024345177608
2,0.07862892340741143,64,4.111024345177608
2,0.07862892340741143,64,4.111024345177608
2,0.07862892340741143,64,4.111024345177608
2,0.07862892340741143,64,4.111024345177608
2,0.07862892340741143,64,4.111024345177608
2,0.07370040586690031,64,4.111027617855685
2,0.07370040586690031,64,4.111027617855685
2,0.07370040586690031,64,4.111027617855685
2,0.06908081135489438,64,4.111030772704779
2,0.06908081135489438,64,4.111030772704779
2,0.06908081135489438,64,4.111030772704779
2,0.06908081135489438,64,4.111030772704779
2,0.06908081135489438,64,4.111030772704779
2,0.06908081135489438,64,4.111030772704779
2,0.06908081135489438,64,4.111030772704779
2,0.06475077635350907,64,4.111033808931331
2,0.06475077635350907,64,4.111033808931331
2,0.06475077635350907,64,4.111033808931331
2,0.06475077635350907,64,4.111033808931331
2,0.06475077635350907,64,4.111033808931331
2,0.06475077635350907,64,4.111033808931331
2,1.8753933404042986,64,4.111034000071341
2,1.8753933404042986,64,4.111034000071341
2,1.8753933404042986,64,4.111034000071341
2,0.06069215106410441,64,4.11103672643849
2,0.06069215106410441,64,4.11103672643849
2,0.06069215106410441,64,4.11103672643849
2,0.06069215106410441,64,4.11103672643849
2,0.06069215106410441,64,4.11103672643849
2,0.056887923330489094,64,4.1110395257495735
2,0.056887923330489094,64,4.1110395257495735
2,0.056887923330489094,64,4.1110395257495735
2,0.056887923330489094,64,4.1110395257495735
2,0.05332214733067242,64,4.111042207935048
2,0.05332214733067242,64,4.111042207935048
2,0.05332214733067242,64,4.111042207935048
2,0.05332214733067242,64,4.111042207935048
2,0.05332214733067242,64,4.111042207935048
2,0.05332214733067242,64,4.111042207935048
2,0.05332214733067242,64,4.111042207935048
2,0.05332214733067242,64,4.111042207935048
2,0.04997987673826894,64,4.111044774543427
2,2.0008052545562065,64,4.111046709013418
2,2.0008052545562065,64,4.111046709013418
2,2.0008052545562065,64,4.111046709013418
2,2.0008052545562065,64,4.111046709013418
2,2.0008052545562065,64,4.111046709013418
2,2.0008052545562065,64,4.111046709013418
2,0.046847102073393855,64,4.111047227536298
2,0.043910691980449945,64,4.111049569227815
2,0.043910691980449945,64,4.111049569227815
2,0.043910691980449945,64,4.111049569227815
2,0.043910691980449945,64,4.111049569227815
2,0.043910691980449945,64,4.111049569227815
2,0.043910691980449945,64,4.111049569227815
2,0.043910691980449945,64,4.111049569227815
2,0.043910691980449945,64,4.111049569227815
2,0.041158338186664825,64,4.111051802228619
2,0.041158338186664825,64,4.111051802228619
2,0.041158338186664825,64,4.111051802228619
2,0.03857850391066673,64,4.111053929394272
2,0.03857850391066673,64,4.111053929394272
2,0.03857850391066673,64,4.111053929394272
2,0.03857850391066673,64,4.111053929394272
2,0.036160375504848116,64,4.111055953778184
2,0.036160375504848116,64,4.111055953778184
2,0.036160375504848116,64,4.111055953778184
2,0.036160375504848116,64,4.111055953778184
2,0.036160375504848116,64,4.111055953778184
2,0.03389381712882037,64,4.111057878588833
2,0.03389381712882037,64,4.111057878588833
2,0.03389381712882037,64,4.111057878588833
2,0.031769328263969374,64,4.1110597071512895
2,0.031769328263969374,64,4.1110597071512895
2,0.031769328263969374,64,4.1110597071512895
2,0.031769328263969374,64,4.1110597071512895
2,0.031769328263969374,64,4.1110597071512895
2,0.031769328263969374,64,4.1110597071512895
2,0.031769328263969374,64,4.1110597071512895
2,0.031769328263969374,64,4.1110597071512895
2,2.134603755069697,64,4.111060022498881
2,2.134603755069697,64,4.111060022498881
2,0.029778003891029147,64,4.111061442872677
2,0.029778003891029147,64,4.111061442872677
2,0.029778003891029147,64,4.111061442872677
2,0.029778003891029147,64,4.111061442872677
2,0.027911497163753848,64,4.111063089211543
2,0.027911497163753848,64,4.111063089211543
2,0.026161984422231045,64,4.111064649650774
2,0.026161984422231045,64,4.111064649650774
2,0.026161984422231045,64,4.111064649650774
2,0.026161984422231045,64,4.111064649650774
2,0.026161984422231045,64,4.111064649650774
2,0.026161984422231045,64,4.111064649650774
2,0.024522132399185402,64,4.111066127673888
2,0.024522132399185402,64,4.111066127673888
2,0.024522132399185402,64,4.111066127673888
2,0.022985067481815197,64,4.111067526744472
2,0.022985067481815197,64,4.111067526744472
2,0.022985067481815197,64,4.111067526744472
2,0.022985067481815197,64,4.111067526744472
2,0.022985067481815197,64,4.111067526744472
2,0.021544346900318846,64,4.1110688502884445
2,0.021544346900318846,64,4.1110688502884445
2,0.021544346900318846,64,4.1110688502884445
2,0.021544346900318846,64,4.1110688502884445
2,0.020193931722345407,64,4.111070101678991
2,0.020193931722345407,64,4.111070101678991
2,0.020193931722345407,64,4.111070101678991
2,0.020193931722345407,64,4.111070101678991
2,0.018928161540172444,64,4.11107128422387
2,0.018928161540172444,64,4.11107128422387
2,0.018928161540172444,64,4.11107128422387
2,0.018928161540172444,64,4.11107128422387
2,0.018928161540172444,64,4.11107128422387
2,0.018928161540172444,64,4.11107128422387
2,0.018928161540172444,64,4.11107128422387
2,0.0177417307445096,64,4.111072401154878
2,0.0177417307445096,64,4.111072401154878
2,0.0177417307445096,64,4.111072401154878
2,0.0177417307445096,64,4.111072401154878
2,0.0177417307445096,64,4.111072401154878
2,0.0177417307445096,64,4.111072401154878
2,0.0177417307445096,64,4.111072401154878
2,0.01662966628547748,64,4.111073455619303
2,0.01662966628547748,64,4.111073455619303
2,0.01662966628547748,64,4.111073455619303
2,0.01662966628547748,64,4.111073455619303
2,0.01662966628547748,64,4.111073455619303
2,0.01662966628547748,64,4.111073455619303
2,2.2773496724789104,64,4.111073907711989
2,2.2773496724789104,64,4.111073907711989
2,2.2773496724789104,64,4.111073907711989
2,2.2773496724789104,64,4.111073907711989
2,2.2773496724789104,64,4.111073907711989
2,2.2773496724789104,64,4.111073907711989
2,0.015587306827544245,64,4.111074450673074
2,0.015587306827544245,64,4.111074450673074
2,0.0146102832110459,64,4.111075389275479
2,0.0146102832110459,64,4.111075389275479
2,0.0146102832110459,64,4.111075389275479
2,0.0146102832110459,64,4.111075389275479
2,0.0146102832110459,64,4.111075389275479
2,0.0146102832110459,64,4.111075389275479
2,0.0146102832110459,64,4.111075389275479
2,0.0146102832110459,64,4.111075389275479
2,0.0146102832110459,64,4.111075389275479
2,0.013694500138392414,64,4.1110762742852724
2,0.013694500138392414,64,4.1110762742852724
2,0.013694500138392414,64,4.1110762742852724
2,0.012836119008195774,64,4.1110771084579545
2,0.012031541825367172,64,4.111077894444115
2,0.012031541825367172,64,4.111077894444115
2,0.012031541825367172,64,4.111077894444115
2,0.012031541825367172,64,4.111077894444115
2,0.012031541825367172,64,4.111077894444115
2,0.012031541825367172,64,4.111077894444115
2,0.012031541825367172,64,4.111077894444115
2,0.012031541825367172,64,4.111077894444115
2,0.012031541825367172,64,4.111077894444115
2,0.011277396119740902,64,4.1110786347887
2,0.011277396119740902,64,4.1110786347887
2,0.011277396119740902,64,4.1110786347887
2,0.011277396119740902,64,4.1110786347887
2,0.010570520810009826,64,4.111079331931061
2,0.010570520810009826,64,4.111079331931061
2,0.010570520810009826,64,4.111079331931061
2,0.010570520810009826,64,4.111079331931061
2,0.010570520810009826,64,4.111079331931061
2,0.010570520810009826,64,4.111079331931061
2,0.010570520810009826,64,4.111079331931061
2,0.010570520810009826,64,4.111079331931061
2,0.010570520810009826,64,4.111079331931061
2,0.010570520810009826,64,4.111079331931061
2,0.009907952953719419,64,4.111079988205647
2,0.009907952953719419,64,4.111079988205647
2,0.009907952953719419,64,4.111079988205647
2,0.009286915327781859,64,4.111080605843309
2,0.009286915327781859,64,4.111080605843309
2,0.009286915327781859,64,4.111080605843309
2,0.009286915327781859,64,4.111080605843309
2,0.009286915327781859,64,4.111080605843309
2,0.009286915327781859,64,4.111080605843309
2,0.009286915327781859,64,4.111080605843309
2,0.009286915327781859,64,4.111080605843309
2,0.008704804787452367,64,4.111081186973026
2,0.008704804787452367,64,4.111081186973026
2,0.008704804787452367,64,4.111081186973026
2,0.008704804787452367,64,4.111081186973026
2,0.00815918135497331,64,4.111081733624072
2,0.00815918135497331,64,4.111081733624072
2,0.00815918135497331,64,4.111081733624072
2,0.00815918135497331,64,4.111081733624072
2,0.007647757992149969,64,4.111082247728467
2,0.007647757992149969,64,4.111082247728467
2,0.007647757992149969,64,4.111082247728467
2,0.007647757992149969,64,4.111082247728467
2,0.007647757992149969,64,4.111082247728467
2,0.007168391013988566,64,4.111082731123708
2,0.007168391013988566,64,4.111082731123708
2,0.007168391013988566,64,4.111082731123708
2,0.006719071103214418,64,4.111083185555662
2,0.006719071103214418,64,4.111083185555662
2,0.006719071103214418,64,4.111083185555662
2,0.006719071103214418,64,4.111083185555662
2,0.006719071103214418,64,4.111083185555662
2,0.006719071103214418,64,4.111083185555662
2,0.00629791488800657,64,4.111083612681641
2,0.00629791488800657,64,4.111083612681641
2,0.00629791488800657,64,4.111083612681641
2,0.00629791488800657,64,4.111083612681641
2,0.00629791488800657,64,4.111083612681641
2,0.005903157047645993,64,4.111084014073568
2,0.005903157047645993,64,4.111084014073568
2,0.005903157047645993,64,4.111084014073568
2,0.005533142912987591,64,4.111084391221189
2,0.005533142912987591,64,4.111084391221189
2,0.005533142912987591,64,4.111084391221189
2,0.005533142912987591,64,4.111084391221189
2,0.005533142912987591,64,4.111084391221189
2,0.005533142912987591,64,4.111084391221189
2,0.005533142912987591,64,4.111084391221189
2,0.0051863215307398,64,4.111084745535363
2,0.0051863215307398,64,4.111084745535363
2,0.0051863215307398,64,4.111084745535363
2,0.0051863215307398,64,4.111084745535363
2,0.004861239162480226,64,4.111085078351307
2,0.004861239162480226,64,4.111085078351307
2,0.004861239162480226,64,4.111085078351307
2,0.004861239162480226,64,4.111085078351307
2,0.004861239162480226,64,4.111085078351307
2,0.004861239162480226,64,4.111085078351307
2,0.004861239162480226,64,4.111085078351307
2,0.004861239162480226,64,4.111085078351307
2,0.004861239162480226,64,4.111085078351307
2,0.00455653319115766,64,4.111085390931879
2,0.00455653319115766,64,4.111085390931879
2,0.00455653319115766,64,4.111085390931879
2,0.00455653319115766,64,4.111085390931879
2,0.00455653319115766,64,4.111085390931879
2,0.00455653319115766,64,4.111085390931879
2,0.00455653319115766,64,4.111085390931879
2,0.00455653319115766,64,4.111085390931879
2,0.004270926409538859,64,4.111085684470785
2,0.004270926409538859,64,4.111085684470785
2,0.004270926409538859,64,4.111085684470785
2,0.004003221666659722,64,4.11108596009573
2,0.004003221666659722,64,4.11108596009573
2,0.004003221666659722,64,4.11108596009573
2,0.0037522968498406367,64,4.111086218871556
2,0.0037522968498406367,64,4.111086218871556
2,0.0037522968498406367,64,4.111086218871556
2,0.0037522968498406367,64,4.111086218871556
2,0.003296645809180352,64,4.111086689838832
2,0.003296645809180352,64,4.111086689838832
2,0.003296645809180352,64,4.111086689838832
2,0.003296645809180352,64,4.111086689838832
2,0.003090009675919158,64,4.111086903872355
2,0.003090009675919158,64,4.111086903872355
2,0.003090009675919158,64,4.111086903872355
2,0.003090009675919158,64,4.111086903872355
2,0.003090009675919158,64,4.111086903872355
2,0.003090009675919158,64,4.111086903872355
2,0.0028963256442911586,64,4.111087104746501
2,0.0028963256442911586,64,4.111087104746501
2,0.0028963256442911586,64,4.111087104746501
2,0.0028963256442911586,64,4.111087104746501
2,0.0028963256442911586,64,4.111087104746501
2,0.0028963256442911586,64,4.111087104746501
2,0.0028963256442911586,64,4.111087104746501
2,0.0028963256442911586,64,4.111087104746501
2,0.002714781867239066,64,4.111087293255322
2,0.002714781867239066,64,4.111087293255322
2,0.002714781867239066,64,4.111087293255322
2,0.002714781867239066,64,4.111087293255322
2,0.002544617384863764,64,4.111087470146764
2,0.002544617384863764,64,4.111087470146764
2,0.002544617384863764,64,4.111087470146764
2,0.002544617384863764,64,4.111087470146764
2,0.002544617384863764,64,4.111087470146764
2,0.002385118934780594,64,4.111087636125157
2,0.002385118934780594,64,4.111087636125157
2,0.002385118934780594,64,4.111087636125157
2,0.002385118934780594,64,4.111087636125157
2,0.002385118934780594,64,4.111087636125157
2,0.0022356179624047783,64,4.111087791853521
2,0.0022356179624047783,64,4.111087791853521
2,0.0022356179624047783,64,4.111087791853521
2,0.0022356179624047783,64,4.111087791853521
2,0.0020954878186343613,64,4.111087937955841
2,0.0020954878186343613,64,4.111087937955841
2,0.0020954878186343613,64,4.111087937955841
2,0.0020954878186343613,64,4.111087937955841
2,0.0020954878186343613,64,4.111087937955841
2,0.0020954878186343613,64,4.111087937955841
2,0.0020954878186343613,64,4.111087937955841
2,0.0020954878186343613,64,4.111087937955841
2,0.0020954878186343613,64,4.111087937955841
2,0.0019641411331843433,64,4.111088075019213
2,0.0019641411331843433,64,4.111088075019213
2,0.0019641411331843433,64,4.111088075019213
2,0.0019641411331843433,64,4.111088075019213
2,0.0019641411331843433,64,4.111088075019213
2,0.0019641411331843433,64,4.111088075019213
2,0.0018410273525621594,64,4.111088203595874
2,0.0018410273525621594,64,4.111088203595874
2,0.0017256304323646236,64,4.111088324205182
2,0.0017256304323646236,64,4.111088324205182
2,0.0017256304323646236,64,4.111088324205182
2,0.0017256304323646236,64,4.111088324205182
2,2.429641341360074,64,4.111088328369545
2,2.429641341360074,64,4.111088328369545
2,2.429641341360074,64,4.111088328369545
2,0.0016174666742233374,64,4.11108843733544
2,0.0016174666742233374,64,4.11108843733544
2,0.0016174666742233374,64,4.11108843733544
2,0.0016174666742233374,64,4.11108843733544
2,0.0016174666742233374,64,4.11108843733544
2,0.0016174666742233374,64,4.11108843733544
2,0.0015160826983319608,64,4.111088543445686
2,0.0015160826983319608,64,4.111088543445686
2,0.0015160826983319608,64,4.111088543445686
2,0.001421053543056891,64,4.111088642967372
2,0.001421053543056891,64,4.111088642967372
2,0.001421053543056891,64,4.111088642967372
2,0.001421053543056891,64,4.111088642967372
2,0.001421053543056891,64,4.111088642967372
2,0.001421053543056891,64,4.111088642967372
2,0.0013319808836657373,64,4.1110887363059145
2,0.0013319808836657373,64,4.1110887363059145
2,0.0013319808836657373,64,4.1110887363059145
2,0.0013319808836657373,64,4.1110887363059145
2,0.0013319808836657373,64,4.1110887363059145
2,0.0013319808836657373,64,4.1110887363059145
2,0.0013319808836657373,64,4.1110887363059145
2,0.0012484913627071772,64,4.111088823842238
2,0.0012484913627071772,64,4.111088823842238
2,0.0012484913627071772,64,4.111088823842238
2,0.0012484913627071772,64,4.111088823842238
2,0.0011702350250437908,64,4.111088905934196
2,0.0011702350250437908,64,4.111088905934196
2,0.0011702350250437908,64,4.111088905934196
2,0.0011702350250437908,64,4.111088905934196
2,0.0010968838509781778,64,4.111088982917911
2,0.0010968838509781778,64,4.111088982917911
2,0.0010968838509781778,64,4.111088982917911
2,0.001028130381323781,64,4.111089055109052
2,0.001028130381323781,64,4.111089055109052
2,0.001028130381323781,64,4.111089055109052
2,0.0009636864286572604,64,4.111089122804055
2,0.0009636864286572604,64,4.111089122804055
2,0.0009636864286572604,64,4.111089122804055
2,0.0009636864286572604,64,4.111089122804055
2,0.0009636864286572604,64,4.111089122804055
2,0.0009636864286572604,64,4.111089122804055
2,0.0009636864286572604,64,4.111089122804055
2,0.0009032818693504984,64,4.111089186281241
2,0.0009032818693504984,64,4.111089186281241
2,0.0008466635113189044,64,4.111089245801935
2,0.0008466635113189044,64,4.111089245801935
2,0.0008466635113189044,64,4.111089245801935
2,0.0008466635113189044,64,4.111089245801935
2,0.0008466635113189044,64,4.111089245801935
2,0.0007935940327400761,64,4.11108930161142
2,0.0007935940327400761,64,4.11108930161142
2,0.0007935940327400761,64,4.11108930161142
2,0.0007935940327400761,64,4.11108930161142
2,0.0007935940327400761,64,4.11108930161142
2,0.0007935940327400761,64,4.11108930161142
2,0.0007935940327400761,64,4.11108930161142
2,0.0007935940327400761,64,4.11108930161142
2,0.0007438509872943369,64,4.111089353939953
2,0.0007438509872943369,64,4.111089353939953
2,0.0007438509872943369,64,4.111089353939953
2,0.0007438509872943369,64,4.111089353939953
2,0.0007438509872943369,64,4.111089353939953
2,0.0007438509872943369,64,4.111089353939953
2,0.0007438509872943369,64,4.111089353939953
2,0.0006972258717575121,64,4.11108940300363
2,0.0006972258717575121,64,4.11108940300363
2,0.0006972258717575121,64,4.11108940300363
2,0.0006972258717575121,64,4.11108940300363
2,0.0006535232520376654,64,4.111089449005265
2,0.0006535232520376654,64,4.111089449005265
2,0.0006535232520376654,64,4.111089449005265
2,0.0006125599439924746,64,4.11108949213518
2,0.0006125599439924746,64,4.11108949213518
2,0.0006125599439924746,64,4.11108949213518
2,0.0006125599439924746,64,4.11108949213518
2,0.0006125599439924746,64,4.11108949213518
2,0.0006125599439924746,64,4.11108949213518
2,0.0006125599439924746,64,4.11108949213518
2,0.0005741642455935716,64,4.1110895325719525
2,0.0005741642455935716,64,4.1110895325719525
2,0.0005741642455935716,64,4.1110895325719525
2,0.0005741642455935716,64,4.1110895325719525
2,0.0005381752172193701,64,4.111089570483154
2,0.0005044420070596583,64,4.11108960602599
2,0.0005044420070596583,64,4.11108960602599
2,0.0005044420070596583,64,4.11108960602599
2,0.00047282321880431997,64,4.111089639347943
2,0.00047282321880431997,64,4.111089639347943
2,0.00047282321880431997,64,4.111089639347943
2,0.00047282321880431997,64,4.111089639347943
2,0.00047282321880431997,64,4.111089639347943
2,0.00047282321880431997,64,4.111089639347943
2,0.00047282321880431997,64,4.111089639347943
2,0.00047282321880431997,64,4.111089639347943
2,0.00047282321880431997,64,4.111089639347943
2,0.00047282321880431997,64,4.111089639347943
2,0.00044318631896577576,64,4.11108967058739
2,0.00044318631896577576,64,4.11108967058739
2,0.00041540708135088687,64,4.111089699874115
2,0.00041540708135088687,64,4.111089699874115
2,0.00041540708135088687,64,4.111089699874115
2,0.0003893690663537568,64,4.111089727329853
2,0.0003893690663537568,64,4.111089727329853
2,0.0003893690663537568,64,4.111089727329853
2,0.0003649631328868352,64,4.111089753068807
2,0.0003649631328868352,64,4.111089753068807
2,0.0003649631328868352,64,4.111089753068807
2,0.0003649631328868352,64,4.111089753068807
2,0.0003420869809045341,64,4.11108977719808
2,0.0003420869809045341,64,4.11108977719808
2,0.0003420869809045341,64,4.11108977719808
2,0.0003206447226017888,64,4.111089799818124
2,0.0003206447226017888,64,4.111089799818124
2,0.0003206447226017888,64,4.111089799818124
2,0.0003206447226017888,64,4.111089799818124
2,0.0003005464804902063,64,4.11108982102315
2,0.0003005464804902063,64,4.11108982102315
2,0.0003005464804902063,64,4.11108982102315
2,0.0003005464804902063,64,4.11108982102315
2,0.0003005464804902063,64,4.11108982102315
2,0.0002817080106670869,64,4.11108984090151
2,0.0002817080106670869,64,4.11108984090151
2,0.0002817080106670869,64,4.11108984090151
2,0.00026405034969821797,64,4.11108985953606
2,0.00026405034969821797,64,4.11108985953606
2,0.00026405034969821797,64,4.11108985953606
2,0.00026405034969821797,64,4.11108985953606
2,0.00026405034969821797,64,4.11108985953606
2,0.00026405034969821797,64,4.11108985953606
2,0.00024749948363430473,64,4.111089877004494
2,0.00024749948363430473,64,4.111089877004494
2,0.00024749948363430473,64,4.111089877004494
2,0.00024749948363430473,64,4.111089877004494
2,0.00024749948363430473,64,4.111089877004494
2,0.00024749948363430473,64,4.111089877004494
2,0.00024749948363430473,64,4.111089877004494
2,0.00024749948363430473,64,4.111089877004494
2,0.00023198603777369232,64,4.111089893379679
2,0.00023198603777369232,64,4.111089893379679
2,0.00023198603777369232,64,4.111089893379679
2,0.00023198603777369232,64,4.111089893379679
2,0.0002174449858709829,64,4.111089908729933
2,0.0002174449858709829,64,4.111089908729933
2,0.0002174449858709829,64,4.111089908729933
2,0.0002174449858709829,64,4.111089908729933
2,0.0002174449858709829,64,4.111089908729933
2,0.0002174449858709829,64,4.111089908729933
2,0.0002038153775726666,64,4.111089923119325
2,0.0002038153775726666,64,4.111089923119325
2,0.00019104008293728184,64,4.111089936607918
2,0.00019104008293728184,64,4.111089936607918
2,0.00019104008293728184,64,4.111089936607918
2,0.00019104008293728184,64,4.111089936607918
2,0.00019104008293728184,64,4.111089936607918
2,0.00019104008293728184,64,4.111089936607918
2,0.00019104008293728184,64,4.111089936607918
2,0.00017906555296923774,64,4.11108994925204
2,0.00017906555296923774,64,4.11108994925204
2,0.00017906555296923774,64,4.11108994925204
2,0.00017906555296923774,64,4.11108994925204
2,0.00017906555296923774,64,4.11108994925204
2,0.00017906555296923774,64,4.11108994925204
2,0.00017906555296923774,64,4.11108994925204
2,0.00017906555296923774,64,4.11108994925204
2,0.00017906555296923774,64,4.11108994925204
2,0.00017906555296923774,64,4.11108994925204
2,0.00017906555296923774,64,4.11108994925204
2,0.00016784159516254819,64,4.111089961104498
2,0.00016784159516254819,64,4.111089961104498
2,0.00016784159516254819,64,4.111089961104498
2,0.00016784159516254819,64,4.111089961104498
2,0.00016784159516254819,64,4.111089961104498
2,0.00016784159516254819,64,4.111089961104498
2,0.00016784159516254819,64,4.111089961104498
2,0.00016784159516254819,64,4.111089961104498
2,0.0001573211631136461,64,4.1110899722148115
2,0.0001573211631136461,64,4.1110899722148115
2,0.0001573211631136461,64,4.1110899722148115
2,0.00014746015932141904,64,4.111089982629403
2,0.00014746015932141904,64,4.111089982629403
2,0.00014746015932141904,64,4.111089982629403
2,0.00014746015932141904,64,4.111089982629403
2,0.00014746015932141904,64,4.111089982629403
2,0.00014746015932141904,64,4.111089982629403
2,0.00013821725034787873,64,4.111089992391799
2,0.00012955369356469471,64,4.111090001542806
2,0.00012955369356469471,64,4.111090001542806
2,0.00012955369356469471,64,4.111090001542806
2,0.00012955369356469471,64,4.111090001542806
2,0.00012143317475937916,64,4.111090010120678
2,0.00012143317475937916,64,4.111090010120678
2,0.00012143317475937916,64,4.111090010120678
2,0.00012143317475937916,64,4.111090010120678
2,0.00012143317475937916,64,4.111090010120678
2,0.00012143317475937916,64,4.111090010120678
2,0.00011382165592043307,64,4.11109001816129
2,0.00011382165592043307,64,4.11109001816129
2,0.00011382165592043307,64,4.11109001816129
2,0.00011382165592043307,64,4.11109001816129
2,0.00010668723256342958,64,4.1110900256982745
2,0.00010668723256342958,64,4.1110900256982745
2,0.00010668723256342958,64,4.1110900256982745
2,0.00010668723256342958,64,4.1110900256982745
2,0.00010668723256342958,64,4.1110900256982745
2,0.00010668723256342958,64,4.1110900256982745
2,0.00010668723256342958,64,4.1110900256982745
2,0.0001,64,4.111090032763139
2,0.0001,64,4.111090032763139
2,2.592117108314055,64,4.11110324497382
2,2.592117108314055,64,4.11110324497382
2,2.592117108314055,64,4.11110324497382
2,2.592117108314055,64,4.11110324497382
2,2.592117108314055,64,4.11110324497382
2,2.7654580076634643,64,4.111118615106091
2,2.7654580076634643,64,4.111118615106091
2,2.7654580076634643,64,4.111118615106091
2,2.7654580076634643,64,4.111118615106091
2,2.7654580076634643,64,4.111118615106091
2,2.950390616079903,64,4.111134393757307
2,2.950390616079903,64,4.111134393757307
2,2.950390616079903,64,4.111134393757307
2,3.147690098106772,64,4.111150533691393
2,3.147690098106772,64,4.111150533691393
2,3.147690098106772,64,4.111150533691393
2,3.147690098106772,64,4.111150533691393
2,3.358183455343213,64,4.111166985835925
2,3.358183455343213,64,4.111166985835925
2,3.358183455343213,64,4.111166985835925
2,3.358183455343213,64,4.111166985835925
2,3.358183455343213,64,4.111166985835925
2,3.358183455343213,64,4.111166985835925
2,3.358183455343213,64,4.111166985835925
2,3.358183455343213,64,4.111166985835925
2,3.358183455343213,64,4.111166985835925
2,3.582752992908632,64,4.111183699694119
2,3.582752992908632,64,4.111183699694119
2,3.582752992908632,64,4.111183699694119
2,3.8223400177176696,64,4.1112006237715235
2,3.8223400177176696,64,4.1112006237715235
2,3.8223400177176696,64,4.1112006237715235
2,4.077948784067481,64,4.111217706010423
2,4.077948784067481,64,4.111217706010423
2,4.350650703075626,64,4.111234894224736
2,4.350650703075626,64,4.111234894224736
2,4.350650703075626,64,4.111234894224736
2,4.350650703075626,64,4.111234894224736
2,4.350650703075626,64,4.111234894224736
2,4.641588833612782,64,4.111252136528205
2,4.641588833612782,64,4.111252136528205
2,4.641588833612782,64,4.111252136528205
2,4.641588833612782,64,4.111252136528205
2,4.9519826735546415,64,4.1112693817489046
2,4.9519826735546415,64,4.1112693817489046
2,4.9519826735546415,64,4.1112693817489046
2,5.283133271435983,64,4.111286579823496
2,5.283133271435983,64,4.111286579823496
2,5.283133271435983,64,4.111286579823496
2,5.283133271435983,64,4.111286579823496
2,5.283133271435983,64,4.111286579823496
2,5.283133271435983,64,4.111286579823496
2,5.636428679932827,64,4.11130368216525
2,5.636428679932827,64,4.11130368216525
2,5.636428679932827,64,4.11130368216525
2,5.636428679932827,64,4.11130368216525
2,5.636428679932827,64,4.11130368216525
2,5.636428679932827,64,4.11130368216525
2,6.013349774031784,64,4.111320642000653
2,6.013349774031784,64,4.111320642000653
2,6.013349774031784,64,4.111320642000653
2,6.415476458273763,64,4.11133741467023
2,6.415476458273763,64,4.11133741467023
2,6.415476458273763,64,4.11133741467023
2,6.415476458273763,64,4.11133741467023
2,6.415476458273763,64,4.11133741467023
2,6.415476458273763,64,4.11133741467023
2,6.844494289090598,64,4.111353957890252
2,6.844494289090598,64,4.111353957890252
2,6.844494289090598,64,4.111353957890252
2,6.844494289090598,64,4.111353957890252
2,6.844494289090598,64,4.111353957890252
2,6.844494289090598,64,4.111353957890252
2,6.844494289090598,64,4.111353957890252
2,6.844494289090598,64,4.111353957890252
2,6.844494289090598,64,4.111353957890252
2,7.3022015399927485,64,4.111370231972973
2,7.3022015399927485,64,4.111370231972973
2,7.3022015399927485,64,4.111370231972973
2,7.3022015399927485,64,4.111370231972973
2,7.3022015399927485,64,4.111370231972973
2,7.3022015399927485,64,4.111370231972973
2,7.790516739222392,64,4.1113862000041355
2,7.790516739222392,64,4.1113862000041355
2,7.790516739222392,64,4.1113862000041355
2,8.311486711467111,64,4.111401827977418
2,8.311486711467111,64,4.111401827977418
2,8.311486711467111,64,4.111401827977418
2,8.311486711467111,64,4.111401827977418
2,8.311486711467111,64,4.111401827977418
2,8.311486711467111,64,4.111401827977418
2,8.311486711467111,64,4.111401827977418
2,8.867295157341472,64,4.111417084886561
2,8.867295157341472,64,4.111417084886561
2,8.867295157341472,64,4.111417084886561
2,9.460271806598614,64,4.111431942776708
2,9.460271806598614,64,4.111431942776708
2,9.460271806598614,64,4.111431942776708
2,9.460271806598614,64,4.111431942776708
2,9.460271806598614,64,4.111431942776708
2,10.092902183438433,64,4.111446376757314
2,10.092902183438433,64,4.111446376757314
2,10.092902183438433,64,4.111446376757314
2,10.767838024844412,64,4.111460364979628
2,10.767838024844412,64,4.111460364979628
2,10.767838024844412,64,4.111460364979628
2,10.767838024844412,64,4.111460364979628
2,11.48790839561917,64,4.11147388858228
2,11.48790839561917,64,4.11147388858228
2,11.48790839561917,64,4.11147388858228
2,11.48790839561917,64,4.11147388858228
2,11.48790839561917,64,4.11147388858228
2,11.48790839561917,64,4.11147388858228
2,11.48790839561917,64,4.11147388858228
2,11.48790839561917,64,4.11147388858228
2,11.48790839561917,64,4.11147388858228
2,12.256131546707989,64,4.111486931608895
2,12.256131546707989,64,4.111486931608895
2,12.256131546707989,64,4.111486931608895
2,12.256131546707989,64,4.111486931608895
2,12.256131546707989,64,4.111486931608895
2,12.256131546707989,64,4.111486931608895
2,12.256131546707989,64,4.111486931608895
2,13.075727566516196,64,4.111499480901946
2,13.075727566516196,64,4.111499480901946
2,13.950131878249618,64,4.111511525977173
2,13.950131878249618,64,4.111511525977173
2,13.950131878249618,64,4.111511525977173
2,13.950131878249618,64,4.111511525977173
2,13.950131878249618,64,4.111511525977173
2,14.883009639853281,64,4.111523058882982
2,14.883009639853281,64,4.111523058882982
2,14.883009639853281,64,4.111523058882982
2,14.883009639853281,64,4.111523058882982
2,15.878271106907928,64,4.111534074049141
2,15.878271106907928,64,4.111534074049141
2,15.878271106907928,64,4.111534074049141
2,15.878271106907928,64,4.111534074049141
2,16.940088022878722,64,4.111544568128987
2,16.940088022878722,64,4.111544568128987
2,16.940088022878722,64,4.111544568128987
2,16.940088022878722,64,4.111544568128987
2,16.940088022878722,64,4.111544568128987
2,16.940088022878722,64,4.111544568128987
2,16.940088022878722,64,4.111544568128987
2,18.07291110541828,64,4.111554539839151
2,18.07291110541828,64,4.111554539839151
2,18.07291110541828,64,4.111554539839151
2,18.07291110541828,64,4.111554539839151
2,18.07291110541828,64,4.111554539839151
2,19.281488702019512,64,4.111563989800595
2,19.281488702019512,64,4.111563989800595
2,19.281488702019512,64,4.111563989800595
2,19.281488702019512,64,4.111563989800595
2,19.281488702019512,64,4.111563989800595
2,19.281488702019512,64,4.111563989800595
2,19.281488702019512,64,4.111563989800595
2,19.281488702019512,64,4.111563989800595
2,20.570886693214934,64,4.111572920384451
2,20.570886693214934,64,4.111572920384451
2,20.570886693214934,64,4.111572920384451
2,21.946509726749827,64,4.111581335565953
2,21.946509726749827,64,4.111581335565953
2,21.946509726749827,64,4.111581335565953
2,21.946509726749827,64,4.111581335565953
2,21.946509726749827,64,4.111581335565953
2,21.946509726749827,64,4.111581335565953
2,21.946509726749827,64,4.111581335565953
2,21.946509726749827,64,4.111581335565953
2,21.946509726749827,64,4.111581335565953
2,21.946509726749827,64,4.111581335565953
2,21.946509726749827,64,4.111581335565953
2,23.414123871733302,64,4.1115892407893915
2,23.414123871733302,64,4.1115892407893915
2,24.979880787725563,64,4.11159664284684
2,24.979880787725563,64,4.11159664284684
2,24.979880787725563,64,4.11159664284684
2,26.65034351006826,64,4.111603549773154
2,26.65034351006826,64,4.111603549773154
2,26.65034351006826,64,4.111603549773154
2,26.65034351006826,64,4.111603549773154
2,26.65034351006826,64,4.111603549773154
2,26.65034351006826,64,4.111603549773154
2,26.65034351006826,64,4.111603549773154
2,26.65034351006826,64,4.111603549773154
2,28.432513959539357,64,4.111609970759494
2,28.432513959539357,64,4.111609970759494
2,28.432513959539357,64,4.111609970759494
2,28.432513959539357,64,4.111609970759494
2,30.333862291643364,64,4.111615916087554
2,30.333862291643364,64,4.111615916087554
2,30.333862291643364,64,4.111615916087554
2,30.333862291643364,64,4.111615916087554
2,30.333862291643364,64,4.111615916087554
2,32.36235820855605,64,4.111621397086473
2,32.36235820855605,64,4.111621397086473
2,32.36235820855605,64,4.111621397086473
2,32.36235820855605,64,4.111621397086473
2,34.526504364972304,64,4.111626426114381
2,34.526504364972304,64,4.111626426114381
2,34.526504364972304,64,4.111626426114381
2,34.526504364972304,64,4.111626426114381
2,34.526504364972304,64,4.111626426114381
2,34.526504364972304,64,4.111626426114381
2,36.8353720078807,64,4.111631016566507
2,36.8353720078807,64,4.111631016566507
2,36.8353720078807,64,4.111631016566507
2,36.8353720078807,64,4.111631016566507
2,36.8353720078807,64,4.111631016566507
2,39.29863899965208,64,4.111635182911767
2,39.29863899965208,64,4.111635182911767
2,39.29863899965208,64,4.111635182911767
2,39.29863899965208,64,4.111635182911767
2,39.29863899965208,64,4.111635182911767
2,39.29863899965208,64,4.111635182911767
2,39.29863899965208,64,4.111635182911767
2,41.92663038382149,64,4.111638940759845
2,41.92663038382149,64,4.111638940759845
2,41.92663038382149,64,4.111638940759845
2,41.92663038382149,64,4.111638940759845
2,41.92663038382149,64,4.111638940759845
2,44.73036166359721,64,4.111642306960899
2,44.73036166359721,64,4.111642306960899
2,44.73036166359721,64,4.111642306960899
2,44.73036166359721,64,4.111642306960899
2,44.73036166359721,64,4.111642306960899
2,47.72158497450504,64,4.111645299740141
2,47.72158497450504,64,4.111645299740141
2,47.72158497450504,64,4.111645299740141
2,47.72158497450504,64,4.111645299740141
2,47.72158497450504,64,4.111645299740141
2,47.72158497450504,64,4.111645299740141
2,50.912838344704916,64,4.111647938869787
2,50.912838344704916,64,4.111647938869787
2,50.912838344704916,64,4.111647938869787
2,50.912838344704916,64,4.111647938869787
2,50.912838344704916,64,4.111647938869787
2,50.912838344704916,64,4.111647938869787
2,50.912838344704916,64,4.111647938869787
2,50.912838344704916,64,4.111647938869787
2,54.31749824945833,64,4.111650245881076
2,57.94983568003634,64,4.111652244319328
2,57.94983568003634,64,4.111652244319328
2,57.94983568003634,64,4.111652244319328
2,57.94983568003634,64,4.111652244319328
2,57.94983568003634,64,4.111652244319328
2,57.94983568003634,64,4.111652244319328
2,61.82507596208572,64,4.111653960045321
2,61.82507596208572,64,4.111653960045321
2,61.82507596208572,64,4.111653960045321
2,61.82507596208572,64,4.111653960045321
2,61.82507596208572,64,4.111653960045321
2,61.82507596208572,64,4.111653960045321
2,61.82507596208572,64,4.111653960045321
2,65.95946257418731,64,4.111655421586597
2,65.95946257418731,64,4.111655421586597
2,65.95946257418731,64,4.111655421586597
2,70.37032523411159,64,4.111656660542609
2,70.37032523411159,64,4.111656660542609
2,70.37032523411159,64,4.111656660542609
2,70.37032523411159,64,4.111656660542609
2,75.07615253815847,64,4.111657712048055
2,75.07615253815847,64,4.111657712048055
2,75.07615253815847,64,4.111657712048055
2,75.07615253815847,64,4.111657712048055
2,75.07615253815847,64,4.111657712048055
2,75.07615253815847,64,4.111657712048055
2,75.07615253815847,64,4.111657712048055
2,75.07615253815847,64,4.111657712048055
2,75.07615253815847,64,4.111657712048055
2,80.09666945806018,64,4.111658615299018
2,80.09666945806018,64,4.111658615299018
2,80.09666945806018,64,4.111658615299018
2,80.09666945806018,64,4.111658615299018
2,85.45292002028222,64,4.111659414146997
2,85.45292002028222,64,4.111659414146997
2,85.45292002028222,64,4.111659414146997
2,85.45292002028222,64,4.111659414146997
2,85.45292002028222,64,4.111659414146997
2,85.45292002028222,64,4.111659414146997
2,85.45292002028222,64,4.111659414146997
2,85.45292002028222,64,4.111659414146997
2,85.45292002028222,64,4.111659414146997
2,91.16735551427986,64,4.111660157766201
2,91.16735551427986,64,4.111660157766201
2,91.16735551427986,64,4.111660157766201
2,91.16735551427986,64,4.111660157766201
2,91.16735551427986,64,4.111660157766201
2,91.16735551427986,64,4.111660157766201
2,97.26392859944849,64,4.111660901399856
2,97.26392859944849,64,4.111660901399856
2,97.26392859944849,64,4.111660901399856
2,97.26392859944849,64,4.111660901399856
2,97.26392859944849,64,4.111660901399856
2,103.7681937052218,64,4.111661707191606
2,103.7681937052218,64,4.111661707191606
2,103.7681937052218,64,4.111661707191606
2,103.7681937052218,64,4.111661707191606
2,103.7681937052218,64,4.111661707191606
2,103.7681937052218,64,4.111661707191606
2,103.7681937052218,64,4.111661707191606
2,103.7681937052218,64,4.111661707191606
2,110.70741414515996,64,4.111662645108342
2,110.70741414515996,64,4.111662645108342
2,118.11067639400605,64,4.111663793961044
2,118.11067639400605,64,4.111663793961044
2,118.11067639400605,64,4.111663793961044
2,118.11067639400605,64,4.111663793961044
2,126.00901200671282,64,4.111665242530405
2,126.00901200671282,64,4.111665242530405
2,126.00901200671282,64,4.111665242530405
2,126.00901200671282,64,4.111665242530405
2,126.00901200671282,64,4.111665242530405
2,134.43552769048173,64,4.111667090804056
2,134.43552769048173,64,4.111667090804056
2,134.43552769048173,64,4.111667090804056
2,134.43552769048173,64,4.111667090804056
2,134.43552769048173,64,4.111667090804056
2,134.43552769048173,64,4.111667090804056
2,134.43552769048173,64,4.111667090804056
2,134.43552769048173,64,4.111667090804056
2,143.42554407501817,64,4.11166945133227
2,143.42554407501817,64,4.11166945133227
2,143.42554407501817,64,4.11166945133227
2,153.01674376267866,64,4.111672450708861
2,163.24932927907625,64,4.111676231183798
2,163.24932927907625,64,4.111676231183798
2,163.24932927907625,64,4.111676231183798
2,163.24932927907625,64,4.111676231183798
2,163.24932927907625,64,4.111676231183798
2,163.24932927907625,64,4.111676231183798
2,163.24932927907625,64,4.111676231183798
2,163.24932927907625,64,4.111676231183798
2,163.24932927907625,64,4.111676231183798
2,174.16619158620682,64,4.111680952413668
2,174.16619158620682,64,4.111680952413668
2,185.81308986444498,64,4.111686793355602
2,185.81308986444498,64,4.111686793355602
2,185.81308986444498,64,4.111686793355602
2,185.81308986444498,64,4.111686793355602
2,185.81308986444498,64,4.111686793355602
2,185.81308986444498,64,4.111686793355602
2,185.81308986444498,64,4.111686793355602
2,198.238843316975,64,4.111693954309585
2,198.238843316975,64,4.111693954309585
2,198.238843316975,64,4.111693954309585
2,198.238843316975,64,4.111693954309585
2,198.238843316975,64,4.111693954309585
2,198.238843316975,64,4.111693954309585
2,198.238843316975,64,4.111693954309585
2,211.49553580063366,64,4.111702659113183
2,211.49553580063366,64,4.111702659113183
2,225.63873414089372,64,4.111713157491699
2,225.63873414089372,64,4.111713157491699
2,225.63873414089372,64,4.111713157491699
2,240.72772104607358,64,4.111725727565466
2,240.72772104607358,64,4.111725727565466
2,240.72772104607358,64,4.111725727565466
2,240.72772104607358,64,4.111725727565466
2,240.72772104607358,64,4.111725727565466
2,240.72772104607358,64,4.111725727565466
2,256.82574359706877,64,4.111740678514585
2,256.82574359706877,64,4.111740678514585
2,256.82574359706877,64,4.111740678514585
2,256.82574359706877,64,4.111740678514585
2,256.82574359706877,64,4.111740678514585
2,256.82574359706877,64,4.111740678514585
2,256.82574359706877,64,4.111740678514585
2,256.82574359706877,64,4.111740678514585
2,274.0002783541624,64,4.111758353399747
2,274.0002783541624,64,4.111758353399747
2,274.0002783541624,64,4.111758353399747
2,292.3233141921493,64,4.111779132135984
2,292.3233141921493,64,4.111779132135984
2,292.3233141921493,64,4.111779132135984
2,292.3233141921493,64,4.111779132135984
2,292.3233141921493,64,4.111779132135984
2,292.3233141921493,64,4.111779132135984
2,311.8716540493036,64,4.111803434614192
2,311.8716540493036,64,4.111803434614192
2,311.8716540493036,64,4.111803434614192
2,311.8716540493036,64,4.111803434614192
2,332.72723685499466,64,4.11183172396316
2,332.72723685499466,64,4.11183172396316
2,332.72723685499466,64,4.11183172396316
2,354.9774809853617,64,4.111864509942557
2,378.7156506866572,64,4.111902352455019
2,378.7156506866572,64,4.111902352455019
2,378.7156506866572,64,4.111902352455019
2,404.0412470021791,64,4.111945865163028
2,404.0412470021791,64,4.111945865163028
2,431.0604248413962,64,4.111995719193882
2,431.0604248413962,64,4.111995719193882
2,431.0604248413962,64,4.111995719193882
2,431.0604248413962,64,4.111995719193882
2,431.0604248413962,64,4.111995719193882
2,431.0604248413962,64,4.111995719193882
2,431.0604248413962,64,4.111995719193882
2,459.88643793944743,64,4.112052646913598
2,459.88643793944743,64,4.112052646913598
2,459.88643793944743,64,4.112052646913598
2,459.88643793944743,64,4.112052646913598
2,459.88643793944743,64,4.112052646913598
2,459.88643793944743,64,4.112052646913598
2,459.88643793944743,64,4.112052646913598
2,459.88643793944743,64,4.112052646913598
2,459.88643793944743,64,4.112052646913598
2,459.88643793944743,64,4.112052646913598
2,459.88643793944743,64,4.112052646913598
2,459.88643793944743,64,4.112052646913598
2,490.640113572131,64,4.1121174457482
2,490.640113572131,64,4.1121174457482
2,490.640113572131,64,4.1121174457482
2,490.640113572131,64,4.1121174457482
2,490.640113572131,64,4.1121174457482
2,490.640113572131,64,4.1121174457482
2,523.4503590161748,64,4.1121909820285545
2,523.4503590161748,64,4.1121909820285545
2,523.4503590161748,64,4.1121909820285545
2,558.454701877693,64,4.1122741948326755
2,558.454701877693,64,4.1122741948326755
2,558.454701877693,64,4.1122741948326755
2,558.454701877693,64,4.1122741948326755
2,558.454701877693,64,4.1122741948326755
2,595.7998665536622,64,4.112368099797345
2,595.7998665536622,64,4.112368099797345
2,595.7998665536622,64,4.112368099797345
2,595.7998665536622,64,4.112368099797345
2,635.6423892427093,64,4.1124737928689505
2,678.1492740831088,64,4.1125924539616685
2,678.1492740831088,64,4.1125924539616685
2,678.1492740831088,64,4.1125924539616685
2,678.1492740831088,64,4.1125924539616685
2,678.1492740831088,64,4.1125924539616685
2,678.1492740831088,64,4.1125924539616685
2,678.1492740831088,64,4.1125924539616685
2,678.1492740831088,64,4.1125924539616685
2,723.4986931682564,64,4.112725350489553
2,723.4986931682564,64,4.112725350489553
2,723.4986931682564,64,4.112725350489553
2,723.4986931682564,64,4.112725350489553
2,771.8807333737907,64,4.112873840737688
2,771.8807333737907,64,4.112873840737688
2,771.8807333737907,64,4.112873840737688
2,771.8807333737907,64,4.112873840737688
2,823.4981931268027,64,4.113039377036499
2,878.5674324568332,64,4.113223508702445
2,878.5674324568332,64,4.113223508702445
2,878.5674324568332,64,4.113223508702445
2,878.5674324568332,64,4.113223508702445
2,878.5674324568332,64,4.113223508702445
2,878.5674324568332,64,4.113223508702445
2,878.5674324568332,64,4.113223508702445
2,878.5674324568332,64,4.113223508702445
2,878.5674324568332,64,4.113223508702445
2,878.5674324568332,64,4.113223508702445
2,937.3192798917728,64,4.113427884707912
2,937.3192798917728,64,4.113427884707912
2,937.3192798917728,64,4.113427884707912
2,937.3192798917728,64,4.113427884707912
2,937.3192798917728,64,4.113427884707912
2,937.3192798917728,64,4.113427884707912
2,937.3192798917728,64,4.113427884707912
2,937.3192798917728,64,4.113427884707912
2,937.3192798917728,64,4.113427884707912
2,937.3192798917728,64,4.113427884707912
2,1000.0,64,4.113654256043081
2,1000.0,64,4.113654256043081
2,1000.0,64,4.113654256043081
2,1000.0,64,4.113654256043081
3,0.1824081239569649,64,4.165213335294981
3,0.1824081239569649,64,4.165213335294981
3,0.1824081239569649,64,4.165213335294981
3,0.1824081239569649,64,4.165213335294981
3,0.17097465139375173,64,4.165213357254727
3,0.17097465139375173,64,4.165213357254727
3,0.17097465139375173,64,4.165213357254727
3,0.17097465139375173,64,4.165213357254727
3,0.17097465139375173,64,4.165213357254727
3,0.19460617942055622,64,4.165213547392979
3,0.19460617942055622,64,4.165213547392979
3,0.19460617942055622,64,4.165213547392979
3,0.19460617942055622,64,4.165213547392979
3,0.19460617942055622,64,4.165213547392979
3,0.19460617942055622,64,4.165213547392979
3,0.1602578371241384,64,4.165213588382947
3,0.1602578371241384,64,4.165213588382947
3,0.1502127604902106,64,4.1652140050630795
3,0.1502127604902106,64,4.1652140050630795
3,0.1502127604902106,64,4.1652140050630795
3,0.1502127604902106,64,4.1652140050630795
3,0.1502127604902106,64,4.1652140050630795
3,0.20761994722121382,64,4.16521401965235
3,0.20761994722121382,64,4.16521401965235
3,0.20761994722121382,64,4.16521401965235
3,0.20761994722121382,64,4.16521401965235
3,0.20761994722121382,64,4.16521401965235
3,0.14079731649323968,64,4.165214584994313
3,0.14079731649323968,64,4.165214584994313
3,0.14079731649323968,64,4.165214584994313
3,0.14079731649323968,64,4.165214584994313
3,0.14079731649323968,64,4.165214584994313
3,0.14079731649323968,64,4.165214584994313
3,0.22150397593996615,64,4.165214779317033
3,0.22150397593996615,64,4.165214779317033
3,0.22150397593996615,64,4.165214779317033
3,0.13197203930613743,64,4.16521530722015
3,0.13197203930613743,64,4.16521530722015
3,0.13197203930613743,64,4.16521530722015
3,0.13197203930613743,64,4.16521530722015
3,0.13197203930613743,64,4.16521530722015
3,0.13197203930613743,64,4.16521530722015
3,0.23631646194831477,64,4.165215854680923
3,0.23631646194831477,64,4.165215854680923
3,0.23631646194831477,64,4.165215854680923
3,0.23631646194831477,64,4.165215854680923
3,0.23631646194831477,64,4.165215854680923
3,0.1236999368482776,64,4.165216152143213
3,0.1236999368482776,64,4.165216152143213
3,0.1236999368482776,64,4.165216152143213
3,0.1236999368482776,64,4.165216152143213
3,0.1236999368482776,64,4.165216152143213
3,0.11594633572928544,64,4.165217101527288
3,0.11594633572928544,64,4.165217101527288
3,0.11594633572928544,64,4.165217101527288
3,0.11594633572928544,64,4.165217101527288
3,0.11594633572928544,64,4.165217101527288
3,0.11594633572928544,64,4.165217101527288
3,0.25211949334446737,64,4.16521727498103
3,0.25211949334446737,64,4.16521727498103
3,0.25211949334446737,64,4.16521727498103
3,0.25211949334446737,64,4.16521727498103
3,0.25211949334446737,64,4.16521727498103
3,0.25211949334446737,64,4.16521727498103
3,0.10867873591186367,64,4.165218138487575
3,0.10867873591186367,64,4.165218138487575
3,0.10867873591186367,64,4.165218138487575
3,0.10867873591186367,64,4.165218138487575
3,0.10867873591186367,64,4.165218138487575
3,0.26897931020215227,64,4.165219070273944
3,0.26897931020215227,64,4.165219070273944
3,0.26897931020215227,64,4.165219070273944
3,0.26897931020215227,64,4.165219070273944
3,0.26897931020215227,64,4.165219070273944
3,0.1018666744844563,64,4.165219247470276
3,0.1018666744844563,64,4.165219247470276
3,0.1018666744844563,64,4.165219247470276
3,0.09548159797274021,64,4.165220414222698
3,0.09548159797274021,64,4.165220414222698
3,0.09548159797274021,64,4.165220414222698
3,0.09548159797274021,64,4.165220414222698
3,0.09548159797274021,64,4.165220414222698
3,0.09548159797274021,64,4.165220414222698
3,0.09548159797274021,64,4.165220414222698
3,0.09548159797274021,64,4.165220414222698
3,0.2869665822228788,64,4.165221271295548
3,0.2869665822228788,64,4.165221271295548
3,0.2869665822228788,64,4.165221271295548
3,0.2869665822228788,64,4.165221271295548
3,0.2869665822228788,64,4.165221271295548
3,0.0894967426547247,64,4.165221625755013
3,0.0894967426547247,64,4.165221625755013
3,0.0894967426547247,64,4.165221625755013
3,0.0894967426547247,64,4.165221625755013
3,0.0894967426547247,64,4.165221625755013
3,0.0894967426547247,64,4.165221625755013
3,0.08388702237778593,64,4.165222870294935
3,0.08388702237778593,64,4.165222870294935
3,0.08388702237778593,64,4.165222870294935
3,0.08388702237778593,64,4.165222870294935
3,0.08388702237778593,64,4.165222870294935
3,0.30615670495544806,64,4.165223909304058
3,0.30615670495544806,64,4.165223909304058
3,0.30615670495544806,64,4.165223909304058
3,0.30615670495544806,64,4.165223909304058
3,0.30615670495544806,64,4.165223909304058
3,0.30615670495544806,64,4.165223909304058
3,0.30615670495544806,64,4.165223909304058
3,0.30615670495544806,64,4.165223909304058
3,0.07862892340741143,64,4.165224137236478
3,0.07862892340741143,64,4.165224137236478
3,0.07862892340741143,64,4.165224137236478
3,0.07862892340741143,64,4.165224137236478
3,0.07862892340741143,64,4.165224137236478
3,0.07370040586690031,64,4.165225417083974
3,0.07370040586690031,64,4.165225417083974
3,0.07370040586690031,64,4.165225417083974
3,0.07370040586690031,64,4.165225417083974
3,0.07370040586690031,64,4.165225417083974
3,0.07370040586690031,64,4.165225417083974
3,0.07370040586690031,64,4.165225417083974
3,0.07370040586690031,64,4.165225417083974
3,0.06908081135489438,64,4.1652267013925215
3,0.06908081135489438,64,4.1652267013925215
3,0.06908081135489438,64,4.1652267013925215
3,0.3266301158243518,64,4.165227015906609
3,0.3266301158243518,64,4.165227015906609
3,0.3266301158243518,64,4.165227015906609
3,0.3266301158243518,64,4.165227015906609
3,0.3266301158243518,64,4.165227015906609
3,0.3266301158243518,64,4.165227015906609
3,0.3266301158243518,64,4.165227015906609
3,0.3266301158243518,64,4.165227015906609
3,0.3266301158243518,64,4.165227015906609
3,0.06475077635350907,64,4.165227982705786
3,0.06475077635350907,64,4.165227982705786
3,0.06475077635350907,64,4.165227982705786
3,0.06475077635350907,64,4.165227982705786
3,0.06475077635350907,64,4.165227982705786
3,0.06475077635350907,64,4.165227982705786
3,0.06069215106410441,64,4.165229254492336
3,0.06069215106410441,64,4.165229254492336
3,0.06069215106410441,64,4.165229254492336
3,0.06069215106410441,64,4.165229254492336
3,0.06069215106410441,64,4.165229254492336
3,0.06069215106410441,64,4.165229254492336
3,0.06069215106410441,64,4.165229254492336
3,0.06069215106410441,64,4.165229254492336
3,0.06069215106410441,64,4.165229254492336
3,0.06069215106410441,64,4.165229254492336
3,0.056887923330489094,64,4.165230511081217
3,0.056887923330489094,64,4.165230511081217
3,0.056887923330489094,64,4.165230511081217
3,0.056887923330489094,64,4.165230511081217
3,0.056887923330489094,64,4.165230511081217
3,0.056887923330489094,64,4.165230511081217
3,0.3484726312917259,64,4.165230622869666
3,0.3484726312917259,64,4.165230622869666
3,0.3484726312917259,64,4.165230622869666
3,0.3484726312917259,64,4.165230622869666
3,0.3484726312917259,64,4.165230622869666
3,0.3484726312917259,64,4.165230622869666
3,0.05332214733067242,64,4.165231747597673
3,0.05332214733067242,64,4.165231747597673
3,0.05332214733067242,64,4.165231747597673
3,0.04997987673826894,64,4.165232959899715
3,0.04997987673826894,64,4.165232959899715
3,0.04997987673826894,64,4.165232959899715
3,0.04997987673826894,64,4.165232959899715
3,0.046847102073393855,64,4.1652341445160666
3,0.046847102073393855,64,4.1652341445160666
3,0.046847102073393855,64,4.1652341445160666
3,0.046847102073393855,64,4.1652341445160666
3,0.3717758065661061,64,4.165234761913697
3,0.3717758065661061,64,4.165234761913697
3,0.3717758065661061,64,4.165234761913697
3,0.3717758065661061,64,4.165234761913697
3,0.3717758065661061,64,4.165234761913697
3,0.3717758065661061,64,4.165234761913697
3,0.3717758065661061,64,4.165234761913697
3,0.043910691980449945,64,4.165235298586101
3,0.043910691980449945,64,4.165235298586101
3,0.043910691980449945,64,4.165235298586101
3,0.043910691980449945,64,4.165235298586101
3,0.043910691980449945,64,4.165235298586101
3,0.043910691980449945,64,4.165235298586101
3,0.041158338186664825,64,4.165236419802075
3,0.041158338186664825,64,4.165236419802075
3,0.041158338186664825,64,4.165236419802075
3,0.03857850391066673,64,4.165237506354106
3,0.03857850391066673,64,4.165237506354106
3,0.03857850391066673,64,4.165237506354106
3,0.036160375504848116,64,4.165238556877991
3,0.036160375504848116,64,4.165238556877991
3,0.39663731936574764,64,4.165239464492698
3,0.39663731936574764,64,4.165239464492698
3,0.39663731936574764,64,4.165239464492698
3,0.39663731936574764,64,4.165239464492698
3,0.39663731936574764,64,4.165239464492698
3,0.39663731936574764,64,4.165239464492698
3,0.39663731936574764,64,4.165239464492698
3,0.03389381712882037,64,4.165239570406183
3,0.03389381712882037,64,4.165239570406183
3,0.03389381712882037,64,4.165239570406183
3,0.03389381712882037,64,4.165239570406183
3,0.031769328263969374,64,4.165240546321952
3,0.031769328263969374,64,4.165240546321952
3,0.031769328263969374,64,4.165240546321952
3,0.031769328263969374,64,4.165240546321952
3,0.031769328263969374,64,4.165240546321952
3,0.031769328263969374,64,4.165240546321952
3,0.031769328263969374,64,4.165240546321952
3,0.031769328263969374,64,4.165240546321952
3,0.031769328263969374,64,4.165240546321952
3,0.029778003891029147,64,4.165241484316736
3,0.029778003891029147,64,4.165241484316736
3,0.029778003891029147,64,4.165241484316736
3,0.029778003891029147,64,4.165241484316736
3,0.027911497163753848,64,4.165242384350815
3,0.027911497163753848,64,4.165242384350815
3,0.027911497163753848,64,4.165242384350815
3,0.026161984422231045,64,4.1652432466170755
3,0.026161984422231045,64,4.1652432466170755
3,0.026161984422231045,64,4.1652432466170755
3,0.026161984422231045,64,4.1652432466170755
3,0.024522132399185402,64,4.165244071507965
3,0.024522132399185402,64,4.165244071507965
3,0.024522132399185402,64,4.165244071507965
3,0.024522132399185402,64,4.165244071507965
3,0.4231613793450881,64,4.165244761559296
3,0.4231613793450881,64,4.165244761559296
3,0.4231613793450881,64,4.165244761559296
3,0.4231613793450881,64,4.165244761559296
3,0.022985067481815197,64,4.165244859585412
3,0.022985067481815197,64,4.165244859585412
3,0.022985067481815197,64,4.165244859585412
3,0.022985067481815197,64,4.165244859585412
3,0.022985067481815197,64,4.165244859585412
3,0.021544346900318846,64,4.16524561155356
3,0.021544346900318846,64,4.16524561155356
3,0.020193931722345407,64,4.1652463282343195
3,0.020193931722345407,64,4.1652463282343195
3,0.020193931722345407,64,4.1652463282343195
3,0.020193931722345407,64,4.1652463282343195
3,0.018928161540172444,64,4.165247010545395
3,0.018928161540172444,64,4.165247010545395
3,0.018928161540172444,64,4.165247010545395
3,0.018928161540172444,64,4.165247010545395
3,0.018928161540172444,64,4.165247010545395
3,0.018928161540172444,64,4.165247010545395
3,0.018928161540172444,64,4.165247010545395
3,0.018928161540172444,64,4.165247010545395
3,0.018928161540172444,64,4.165247010545395
3,0.018928161540172444,64,4.165247010545395
3,0.0177417307445096,64,4.165247659480707
3,0.0177417307445096,64,4.165247659480707
3,0.0177417307445096,64,4.165247659480707
3,0.0177417307445096,64,4.165247659480707
3,0.0177417307445096,64,4.165247659480707
3,0.0177417307445096,64,4.165247659480707
3,0.0177417307445096,64,4.165247659480707
3,0.0177417307445096,64,4.165247659480707
3,0.01662966628547748,64,4.165248276093103
3,0.01662966628547748,64,4.165248276093103
3,0.01662966628547748,64,4.165248276093103
3,0.01662966628547748,64,4.165248276093103
3,0.015587306827544245,64,4.165248861479029
3,0.015587306827544245,64,4.165248861479029
3,0.015587306827544245,64,4.165248861479029
3,0.0146102832110459,64,4.165249416765156
3,0.0146102832110459,64,4.165249416765156
3,0.0146102832110459,64,4.165249416765156
3,0.013694500138392414,64,4.165249943096713
3,0.013694500138392414,64,4.165249943096713
3,0.013694500138392414,64,4.165249943096713
3,0.013694500138392414,64,4.165249943096713
3,0.013694500138392414,64,4.165249943096713
3,0.013694500138392414,64,4.165249943096713
3,0.013694500138392414,64,4.165249943096713
3,0.012836119008195774,64,4.165250441627384
3,0.012836119008195774,64,4.165250441627384
3,0.012836119008195774,64,4.165250441627384
3,0.012836119008195774,64,4.165250441627384
3,0.012836119008195774,64,4.165250441627384
3,0.012836119008195774,64,4.165250441627384
3,0.4514591649005106,64,4.165250683316337
3,0.4514591649005106,64,4.165250683316337
3,0.4514591649005106,64,4.165250683316337
3,0.4514591649005106,64,4.165250683316337
3,0.4514591649005106,64,4.165250683316337
3,0.4514591649005106,64,4.165250683316337
3,0.4514591649005106,64,4.165250683316337
3,0.012031541825367172,64,4.16525091351061
3,0.012031541825367172,64,4.16525091351061
3,0.012031541825367172,64,4.16525091351061
3,0.012031541825367172,64,4.16525091351061
3,0.012031541825367172,64,4.16525091351061
3,0.012031541825367172,64,4.16525091351061
3,0.011277396119740902,64,4.165251359892216
3,0.011277396119740902,64,4.165251359892216
3,0.011277396119740902,64,4.165251359892216
3,0.011277396119740902,64,4.165251359892216
3,0.011277396119740902,64,4.165251359892216
3,0.011277396119740902,64,4.165251359892216
3,0.010570520810009826,64,4.165251781904162
3,0.010570520810009826,64,4.165251781904162
3,0.010570520810009826,64,4.165251781904162
3,0.010570520810009826,64,4.165251781904162
3,0.010570520810009826,64,4.165251781904162
3,0.010570520810009826,64,4.165251781904162
3,0.009907952953719419,64,4.165252180659294
3,0.009907952953719419,64,4.165252180659294
3,0.009907952953719419,64,4.165252180659294
3,0.009907952953719419,64,4.165252180659294
3,0.009907952953719419,64,4.165252180659294
3,0.009907952953719419,64,4.165252180659294
3,0.009907952953719419,64,4.165252180659294
3,0.009286915327781859,64,4.165252557247074
3,0.009286915327781859,64,4.165252557247074
3,0.009286915327781859,64,4.165252557247074
3,0.009286915327781859,64,4.165252557247074
3,0.009286915327781859,64,4.165252557247074
3,0.009286915327781859,64,4.165252557247074
3,0.009286915327781859,64,4.165252557247074
3,0.008704804787452367,64,4.165252912730058
3,0.008704804787452367,64,4.165252912730058
3,0.00815918135497331,64,4.165253248141127
3,0.00815918135497331,64,4.165253248141127
3,0.00815918135497331,64,4.165253248141127
3,0.007647757992149969,64,4.165253564481311
3,0.007647757992149969,64,4.165253564481311
3,0.007647757992149969,64,4.165253564481311
3,0.007647757992149969,64,4.165253564481311
3,0.007647757992149969,64,4.165253564481311
3,0.007647757992149969,64,4.165253564481311
3,0.007647757992149969,64,4.165253564481311
3,0.007168391013988566,64,4.165253862718202
3,0.007168391013988566,64,4.165253862718202
3,0.006719071103214418,64,4.165254143784809
3,0.006719071103214418,64,4.165254143784809
3,0.006719071103214418,64,4.165254143784809
3,0.006719071103214418,64,4.165254143784809
3,0.006719071103214418,64,4.165254143784809
3,0.006719071103214418,64,4.165254143784809
3,0.006719071103214418,64,4.165254143784809
3,0.006719071103214418,64,4.165254143784809
3,0.00629791488800657,64,4.1652544085788055
3,0.00629791488800657,64,4.1652544085788055
3,0.00629791488800657,64,4.1652544085788055
3,0.00629791488800657,64,4.1652544085788055
3,0.005903157047645993,64,4.1652546579622065
3,0.005533142912987591,64,4.165254892761238
3,0.005533142912987591,64,4.165254892761238
3,0.005533142912987591,64,4.165254892761238
3,0.005533142912987591,64,4.165254892761238
3,0.005533142912987591,64,4.165254892761238
3,0.005533142912987591,64,4.165254892761238
3,0.005533142912987591,64,4.165254892761238
3,0.005533142912987591,64,4.165254892761238
3,0.0051863215307398,64,4.165255113766555
3,0.0051863215307398,64,4.165255113766555
3,0.0051863215307398,64,4.165255113766555
3,0.0051863215307398,64,4.165255113766555
3,0.0051863215307398,64,4.165255113766555
3,0.0051863215307398,64,4.165255113766555
3,0.0051863215307398,64,4.165255113766555
3,0.004861239162480226,64,4.165255321733623
3,0.004861239162480226,64,4.165255321733623
3,0.004861239162480226,64,4.165255321733623
3,0.004861239162480226,64,4.165255321733623
3,0.004861239162480226,64,4.165255321733623
3,0.004861239162480226,64,4.165255321733623
3,0.00455653319115766,64,4.16525551738328
3,0.004270926409538859,64,4.1652557014024625
3,0.004270926409538859,64,4.1652557014024625
3,0.004270926409538859,64,4.1652557014024625
3,0.004270926409538859,64,4.1652557014024625
3,0.004270926409538859,64,4.1652557014024625
3,0.004270926409538859,64,4.1652557014024625
3,0.004270926409538859,64,4.1652557014024625
3,0.004270926409538859,64,4.1652557014024625
3,0.004270926409538859,64,4.1652557014024625
3,0.004270926409538859,64,4.1652557014024625
3,0.004003221666659722,64,4.1652558744450205
3,0.004003221666659722,64,4.1652558744450205
3,0.004003221666659722,64,4.1652558744450205
3,0.004003221666659722,64,4.1652558744450205
3,0.004003221666659722,64,4.1652558744450205
3,0.004003221666659722,64,4.1652558744450205
3,0.004003221666659722,64,4.1652558744450205
3,0.004003221666659722,64,4.1652558744450205
3,0.004003221666659722,64,4.1652558744450205
3,0.004003221666659722,64,4.1652558744450205
3,0.004003221666659722,64,4.1652558744450205
3,0.004003221666659722,64,4.1652558744450205
3,0.0037522968498406367,64,4.165256037132654
3,0.0037522968498406367,64,4.165256037132654
3,0.0037522968498406367,64,4.165256037132654
3,0.0037522968498406367,64,4.165256037132654
3,0.0037522968498406367,64,4.165256037132654
3,0.0037522968498406367,64,4.165256037132654
3,0.0037522968498406367,64,4.165256037132654
3,0.0037522968498406367,64,4.165256037132654
3,0.003517100181232793,64,4.165256190055897
3,0.003517100181232793,64,4.165256190055897
3,0.003517100181232793,64,4.165256190055897
3,0.003517100181232793,64,4.165256190055897
3,0.003517100181232793,64,4.165256190055897
3,0.003517100181232793,64,4.165256190055897
3,0.003517100181232793,64,4.165256190055897
3,0.003296645809180352,64,4.165256333775188
3,0.003296645809180352,64,4.165256333775188
3,0.003296645809180352,64,4.165256333775188
3,0.003296645809180352,64,4.165256333775188
3,0.003090009675919158,64,4.165256468821916
3,0.003090009675919158,64,4.165256468821916
3,0.003090009675919158,64,4.165256468821916
3,0.003090009675919158,64,4.165256468821916
3,0.0028963256442911586,64,4.165256595699555
3,0.0028963256442911586,64,4.165256595699555
3,0.0028963256442911586,64,4.165256595699555
3,0.0028963256442911586,64,4.165256595699555
3,0.0028963256442911586,64,4.165256595699555
3,0.0028963256442911586,64,4.165256595699555
3,0.0028963256442911586,64,4.165256595699555
3,0.0028963256442911586,64,4.165256595699555
3,0.0028963256442911586,64,4.165256595699555
3,0.0028963256442911586,64,4.165256595699555
3,0.002714781867239066,64,4.165256714884785
3,0.002714781867239066,64,4.165256714884785
3,0.002714781867239066,64,4.165256714884785
3,0.002714781867239066,64,4.165256714884785
3,0.002714781867239066,64,4.165256714884785
3,0.002544617384863764,64,4.165256826828607
3,0.002544617384863764,64,4.165256826828607
3,0.002544617384863764,64,4.165256826828607
3,0.002385118934780594,64,4.165256931957455
3,0.002385118934780594,64,4.165256931957455
3,0.002385118934780594,64,4.165256931957455
3,0.002385118934780594,64,4.165256931957455
3,0.002385118934780594,64,4.165256931957455
3,0.002385118934780594,64,4.165256931957455
3,0.002385118934780594,64,4.165256931957455
3,0.0022356179624047783,64,4.165257030674301
3,0.0022356179624047783,64,4.165257030674301
3,0.0022356179624047783,64,4.165257030674301
3,0.0022356179624047783,64,4.165257030674301
3,0.0022356179624047783,64,4.165257030674301
3,0.0020954878186343613,64,4.165257123359744
3,0.0020954878186343613,64,4.165257123359744
3,0.0020954878186343613,64,4.165257123359744
3,0.0020954878186343613,64,4.165257123359744
3,0.0020954878186343613,64,4.165257123359744
3,0.0019641411331843433,64,4.165257210373083
3,0.0019641411331843433,64,4.165257210373083
3,0.0019641411331843433,64,4.165257210373083
3,0.0019641411331843433,64,4.165257210373083
3,0.0019641411331843433,64,4.165257210373083
3,0.4816492891863252,64,4.165257258956077
3,0.4816492891863252,64,4.165257258956077
3,0.4816492891863252,64,4.165257258956077
3,0.4816492891863252,64,4.165257258956077
3,0.0018410273525621594,64,4.165257292053319
3,0.0018410273525621594,64,4.165257292053319
3,0.0018410273525621594,64,4.165257292053319
3,0.0018410273525621594,64,4.165257292053319
3,0.0018410273525621594,64,4.165257292053319
3,0.0018410273525621594,64,4.165257292053319
3,0.0018410273525621594,64,4.165257292053319
3,0.0018410273525621594,64,4.165257292053319
3,0.0017256304323646236,64,4.165257368720188
3,0.0017256304323646236,64,4.165257368720188
3,0.0016174666742233374,64,4.165257440675134
3,0.0016174666742233374,64,4.165257440675134
3,0.0016174666742233374,64,4.165257440675134
3,0.0016174666742233374,64,4.165257440675134
3,0.0016174666742233374,64,4.165257440675134
3,0.0015160826983319608,64,4.165257508202221
3,0.0015160826983319608,64,4.165257508202221
3,0.0015160826983319608,64,4.165257508202221
3,0.0015160826983319608,64,4.165257508202221
3,0.001421053543056891,64,4.165257571569087
3,0.0013319808836657373,64,4.165257631027764
3,0.0013319808836657373,64,4.165257631027764
3,0.0012484913627071772,64,4.165257686815529
3,0.0012484913627071772,64,4.165257686815529
3,0.0012484913627071772,64,4.165257686815529
3,0.0012484913627071772,64,4.165257686815529
3,0.0011702350250437908,64,4.165257739155736
3,0.0011702350250437908,64,4.165257739155736
3,0.0011702350250437908,64,4.165257739155736
3,0.0011702350250437908,64,4.165257739155736
3,0.0011702350250437908,64,4.165257739155736
3,0.0011702350250437908,64,4.165257739155736
3,0.0010968838509781778,64,4.165257788258533
3,0.0010968838509781778,64,4.165257788258533
3,0.0010968838509781778,64,4.165257788258533
3,0.0010968838509781778,64,4.165257788258533
3,0.0010968838509781778,64,4.165257788258533
3,0.001028130381323781,64,4.165257834321611
3,0.001028130381323781,64,4.165257834321611
3,0.001028130381323781,64,4.165257834321611
3,0.001028130381323781,64,4.165257834321611
3,0.001028130381323781,64,4.165257834321611
3,0.001028130381323781,64,4.165257834321611
3,0.001028130381323781,64,4.165257834321611
3,0.001028130381323781,64,4.165257834321611
3,0.001028130381323781,64,4.165257834321611
3,0.001028130381323781,64,4.165257834321611
3,0.0009636864286572604,64,4.165257877530897
3,0.0009636864286572604,64,4.165257877530897
3,0.0009636864286572604,64,4.165257877530897
3,0.0009636864286572604,64,4.165257877530897
3,0.0009636864286572604,64,4.165257877530897
3,0.0009032818693504984,64,4.165257918061236
3,0.0009032818693504984,64,4.165257918061236
3,0.0009032818693504984,64,4.165257918061236
3,0.0009032818693504984,64,4.165257918061236
3,0.0009032818693504984,64,4.165257918061236
3,0.0009032818693504984,64,4.165257918061236
3,0.0008466635113189044,64,4.16525795607698
3,0.0008466635113189044,64,4.16525795607698
3,0.0008466635113189044,64,4.16525795607698
3,0.0007935940327400761,64,4.165257991732622
3,0.0007935940327400761,64,4.165257991732622
3,0.0007935940327400761,64,4.165257991732622
3,0.0007935940327400761,64,4.165257991732622
3,0.0007935940327400761,64,4.165257991732622
3,0.0007438509872943369,64,4.165258025173342
3,0.0006972258717575121,64,4.165258056535554
3,0.0006972258717575121,64,4.165258056535554
3,0.0006972258717575121,64,4.165258056535554
3,0.0006972258717575121,64,4.165258056535554
3,0.0006972258717575121,64,4.165258056535554
3,0.0006972258717575121,64,4.165258056535554
3,0.0006972258717575121,64,4.165258056535554
3,0.0006972258717575121,64,4.165258056535554
3,0.0006972258717575121,64,4.165258056535554
3,0.0006972258717575121,64,4.165258056535554
3,0.0006972258717575121,64,4.165258056535554
3,0.0006535232520376654,64,4.165258085947407
3,0.0006535232520376654,64,4.165258085947407
3,0.0006535232520376654,64,4.165258085947407
3,0.0006535232520376654,64,4.165258085947407
3,0.0006535232520376654,64,4.165258085947407
3,0.0006535232520376654,64,4.165258085947407
3,0.0006535232520376654,64,4.165258085947407
3,0.0006535232520376654,64,4.165258085947407
3,0.0006125599439924746,64,4.165258113529296
3,0.0006125599439924746,64,4.165258113529296
3,0.0006125599439924746,64,4.165258113529296
3,0.0006125599439924746,64,4.165258113529296
3,0.0005741642455935716,64,4.165258139394265
3,0.0005741642455935716,64,4.165258139394265
3,0.0005741642455935716,64,4.165258139394265
3,0.0005741642455935716,64,4.165258139394265
3,0.0005741642455935716,64,4.165258139394265
3,0.0005381752172193701,64,4.165258163648496
3,0.0005381752172193701,64,4.165258163648496
3,0.0005381752172193701,64,4.165258163648496
3,0.0005381752172193701,64,4.165258163648496
3,0.0005044420070596583,64,4.16525818639168
3,0.0005044420070596583,64,4.16525818639168
3,0.0005044420070596583,64,4.16525818639168
3,0.0005044420070596583,64,4.16525818639168
3,0.0005044420070596583,64,4.16525818639168
3,0.0005044420070596583,64,4.16525818639168
3,0.00047282321880431997,64,4.1652582077174
3,0.00047282321880431997,64,4.1652582077174
3,0.00047282321880431997,64,4.1652582077174
3,0.00044318631896577576,64,4.165258227713545
3,0.00044318631896577576,64,4.165258227713545
3,0.00044318631896577576,64,4.165258227713545
3,0.00044318631896577576,64,4.165258227713545
3,0.00044318631896577576,64,4.165258227713545
3,0.00044318631896577576,64,4.165258227713545
3,0.00044318631896577576,64,4.165258227713545
3,0.00044318631896577576,64,4.165258227713545
3,0.00044318631896577576,64,4.165258227713545
3,0.00041540708135088687,64,4.165258246462574
3,0.00041540708135088687,64,4.165258246462574
3,0.00041540708135088687,64,4.165258246462574
3,0.0003893690663537568,64,4.165258264041899
3,0.0003893690663537568,64,4.165258264041899
3,0.0003649631328868352,64,4.165258280524181
3,0.0003649631328868352,64,4.165258280524181
3,0.0003649631328868352,64,4.165258280524181
3,0.0003649631328868352,64,4.165258280524181
3,0.0003649631328868352,64,4.165258280524181
3,0.0003649631328868352,64,4.165258280524181
3,0.0003649631328868352,64,4.165258280524181
3,0.0003420869809045341,64,4.165258295977589
3,0.0003420869809045341,64,4.165258295977589
3,0.0003420869809045341,64,4.165258295977589
3,0.0003206447226017888,64,4.165258310466098
3,0.0003206447226017888,64,4.165258310466098
3,0.0003206447226017888,64,4.165258310466098
3,0.0003206447226017888,64,4.165258310466098
3,0.0003206447226017888,64,4.165258310466098
3,0.0003206447226017888,64,4.165258310466098
3,0.0003005464804902063,64,4.165258324049743
3,0.0003005464804902063,64,4.165258324049743
3,0.0003005464804902063,64,4.165258324049743
3,0.0003005464804902063,64,4.165258324049743
3,0.0003005464804902063,64,4.165258324049743
3,0.0002817080106670869,64,4.1652583367848335
3,0.0002817080106670869,64,4.1652583367848335
3,0.0002817080106670869,64,4.1652583367848335
3,0.0002817080106670869,64,4.1652583367848335
3,0.00026405034969821797,64,4.165258348724219
3,0.00026405034969821797,64,4.165258348724219
3,0.00026405034969821797,64,4.165258348724219
3,0.00026405034969821797,64,4.165258348724219
3,0.00026405034969821797,64,4.165258348724219
3,0.00026405034969821797,64,4.165258348724219
3,0.00024749948363430473,64,4.165258359917459
3,0.00024749948363430473,64,4.165258359917459
3,0.00024749948363430473,64,4.165258359917459
3,0.00024749948363430473,64,4.165258359917459
3,0.00024749948363430473,64,4.165258359917459
3,0.00024749948363430473,64,4.165258359917459
3,0.00024749948363430473,64,4.165258359917459
3,0.00024749948363430473,64,4.165258359917459
3,0.00023198603777369232,64,4.165258370411054
3,0.00023198603777369232,64,4.165258370411054
3,0.00023198603777369232,64,4.165258370411054
3,0.00023198603777369232,64,4.165258370411054
3,0.0002174449858709829,64,4.165258380248624
3,0.0002174449858709829,64,4.165258380248624
3,0.0002174449858709829,64,4.165258380248624
3,0.0002174449858709829,64,4.165258380248624
3,0.0002174449858709829,64,4.165258380248624
3,0.0002174449858709829,64,4.165258380248624
3,0.0002174449858709829,64,4.165258380248624
3,0.0002038153775726666,64,4.165258389471084
3,0.0002038153775726666,64,4.165258389471084
3,0.0002038153775726666,64,4.165258389471084
3,0.0002038153775726666,64,4.165258389471084
3,0.0002038153775726666,64,4.165258389471084
3,0.0002038153775726666,64,4.165258389471084
3,0.00019104008293728184,64,4.165258398116794
3,0.00019104008293728184,64,4.165258398116794
3,0.00017906555296923774,64,4.165258406221755
3,0.00017906555296923774,64,4.165258406221755
3,0.00017906555296923774,64,4.165258406221755
3,0.00017906555296923774,64,4.165258406221755
3,0.00016784159516254819,64,4.165258413819717
3,0.00016784159516254819,64,4.165258413819717
3,0.00016784159516254819,64,4.165258413819717
3,0.00016784159516254819,64,4.165258413819717
3,0.00016784159516254819,64,4.165258413819717
3,0.00016784159516254819,64,4.165258413819717
3,0.00016784159516254819,64,4.165258413819717
3,0.00016784159516254819,64,4.165258413819717
3,0.00016784159516254819,64,4.165258413819717
3,0.0001573211631136461,64,4.165258420942333
3,0.0001573211631136461,64,4.165258420942333
3,0.0001573211631136461,64,4.165258420942333
3,0.0001573211631136461,64,4.165258420942333
3,0.0001573211631136461,64,4.165258420942333
3,0.0001573211631136461,64,4.165258420942333
3,0.00014746015932141904,64,4.165258427619285
3,0.00014746015932141904,64,4.165258427619285
3,0.00014746015932141904,64,4.165258427619285
3,0.00014746015932141904,64,4.165258427619285
3,0.00014746015932141904,64,4.165258427619285
3,0.00014746015932141904,64,4.165258427619285
3,0.00014746015932141904,64,4.165258427619285
3,0.00014746015932141904,64,4.165258427619285
3,0.00013821725034787873,64,4.165258433878423
3,0.00013821725034787873,64,4.165258433878423
3,0.00013821725034787873,64,4.165258433878423
3,0.00013821725034787873,64,4.165258433878423
3,0.00013821725034787873,64,4.165258433878423
3,0.00013821725034787873,64,4.165258433878423
3,0.00013821725034787873,64,4.165258433878423
3,0.00013821725034787873,64,4.165258433878423
3,0.00012955369356469471,64,4.165258439745839
3,0.00012955369356469471,64,4.165258439745839
3,0.00012955369356469471,64,4.165258439745839
3,0.00012955369356469471,64,4.165258439745839
3,0.00012955369356469471,64,4.165258439745839
3,0.00012955369356469471,64,4.165258439745839
3,0.00012143317475937916,64,4.165258445246018
3,0.00012143317475937916,64,4.165258445246018
3,0.00012143317475937916,64,4.165258445246018
3,0.00012143317475937916,64,4.165258445246018
3,0.00012143317475937916,64,4.165258445246018
3,0.00011382165592043307,64,4.165258450401918
3,0.00011382165592043307,64,4.165258450401918
3,0.00011382165592043307,64,4.165258450401918
3,0.00011382165592043307,64,4.165258450401918
3,0.00011382165592043307,64,4.165258450401918
3,0.00010668723256342958,64,4.16525845523506
3,0.00010668723256342958,64,4.16525845523506
3,0.00010668723256342958,64,4.16525845523506
3,0.00010668723256342958,64,4.16525845523506
3,0.0001,64,4.165258459765612
3,0.0001,64,4.165258459765612
3,0.5138582972943202,64,4.16526451638839
3,0.5138582972943202,64,4.16526451638839
3,0.5482211966808708,64,4.165272481959599
3,0.5482211966808708,64,4.165272481959599
3,0.5482211966808708,64,4.165272481959599
3,0.5482211966808708,64,4.165272481959599
3,0.5848820230649372,64,4.165281180164062
3,0.5848820230649372,64,4.165281180164062
3,0.5848820230649372,64,4.165281180164062
3,0.5848820230649372,64,4.165281180164062
3,0.5848820230649372,64,4.165281180164062
3,0.5848820230649372,64,4.165281180164062
3,0.5848820230649372,64,4.165281180164062
3,0.6239944441689813,64,4.165290633350746
3,0.6239944441689813,64,4.165290633350746
3,0.6239944441689813,64,4.165290633350746
3,0.6239944441689813,64,4.165290633350746
3,0.6657224038334415,64,4.165300861427694
3,0.6657224038334415,64,4.165300861427694
3,0.6657224038334415,64,4.165300861427694
3,0.6657224038334415,64,4.165300861427694
3,0.6657224038334415,64,4.165300861427694
3,0.6657224038334415,64,4.165300861427694
3,0.7102408092046375,64,4.165311881567495
3,0.7102408092046375,64,4.165311881567495
3,0.7102408092046375,64,4.165311881567495
3,0.7577362638765357,64,4.165323707917478
3,0.7577362638765357,64,4.165323707917478
3,0.7577362638765357,64,4.165323707917478
3,0.8084078500594021,64,4.165336351318573
3,0.8084078500594021,64,4.165336351318573
3,0.8084078500594021,64,4.165336351318573
3,0.8084078500594021,64,4.165336351318573
3,0.8084078500594021,64,4.165336351318573
3,0.8084078500594021,64,4.165336351318573
3,0.8084078500594021,64,4.165336351318573
3,0.8084078500594021,64,4.165336351318573
3,0.8084078500594021,64,4.165336351318573
3,0.8624679630538962,64,4.165349819037306
3,0.8624679630538962,64,4.165349819037306
3,0.8624679630538962,64,4.165349819037306
3,0.8624679630538962,64,4.165349819037306
3,0.8624679630538962,64,4.165349819037306
3,0.8624679630538962,64,4.165349819037306
3,0.8624679630538962,64,4.165349819037306
3,0.8624679630538962,64,4.165349819037306
3,0.8624679630538962,64,4.165349819037306
3,0.8624679630538962,64,4.165349819037306
3,0.920143201528384,64,4.165364114515694
3,0.9816753173311735,64,4.16537923714394
3,0.9816753173311735,64,4.16537923714394
3,0.9816753173311735,64,4.16537923714394
3,0.9816753173311735,64,4.16537923714394
3,1.0473222288188955,64,4.165395182061106
3,1.0473222288188955,64,4.165395182061106
3,1.0473222288188955,64,4.165395182061106
3,1.0473222288188955,64,4.165395182061106
3,1.0473222288188955,64,4.165395182061106
3,1.0473222288188955,64,4.165395182061106
3,1.0473222288188955,64,4.165395182061106
3,1.1173591019485078,64,4.165411939988903
3,1.1173591019485078,64,4.165411939988903
3,1.1173591019485078,64,4.165411939988903
3,1.192079503664454,64,4.165429497103567
3,1.192079503664454,64,4.165429497103567
3,1.192079503664454,64,4.165429497103567
3,1.192079503664454,64,4.165429497103567
3,1.192079503664454,64,4.165429497103567
3,1.192079503664454,64,4.165429497103567
3,1.192079503664454,64,4.165429497103567
3,1.2717966324154717,64,4.16544783495059
3,1.2717966324154717,64,4.16544783495059
3,1.2717966324154717,64,4.16544783495059
3,1.2717966324154717,64,4.16544783495059
3,1.356844630958961,64,4.165466930406589
3,1.356844630958961,64,4.165466930406589
3,1.356844630958961,64,4.165466930406589
3,1.356844630958961,64,4.165466930406589
3,1.447579986955596,64,4.16548675569198
3,1.447579986955596,64,4.16548675569198
3,1.5443830272249786,64,4.1655072784373575
3,1.5443830272249786,64,4.1655072784373575
3,1.5443830272249786,64,4.1655072784373575
3,1.5443830272249786,64,4.1655072784373575
3,1.5443830272249786,64,4.1655072784373575
3,1.5443830272249786,64,4.1655072784373575
3,1.5443830272249786,64,4.1655072784373575
3,1.5443830272249786,64,4.1655072784373575
3,1.5443830272249786,64,4.1655072784373575
3,1.5443830272249786,64,4.1655072784373575
3,1.6476595119256485,64,4.165528461805571
3,1.6476595119256485,64,4.165528461805571
3,1.6476595119256485,64,4.165528461805571
3,1.6476595119256485,64,4.165528461805571
3,1.6476595119256485,64,4.165528461805571
3,1.6476595119256485,64,4.165528461805571
3,1.6476595119256485,64,4.165528461805571
3,1.6476595119256485,64,4.165528461805571
3,1.7578423353415833,64,4.165550264670397
3,1.7578423353415833,64,4.165550264670397
3,1.7578423353415833,64,4.165550264670397
3,1.7578423353415833,64,4.165550264670397
3,1.8753933404042986,64,4.165572641851558
3,1.8753933404042986,64,4.165572641851558
3,1.8753933404042986,64,4.165572641851558
3,1.8753933404042986,64,4.165572641851558
3,1.8753933404042986,64,4.165572641851558
3,2.0008052545562065,64,4.1655955444045825
3,2.0008052545562065,64,4.1655955444045825
3,2.0008052545562065,64,4.1655955444045825
3,2.0008052545562065,64,4.1655955444045825
3,2.0008052545562065,64,4.1655955444045825
3,2.0008052545562065,64,4.1655955444045825
3,2.0008052545562065,64,4.1655955444045825
3,2.134603755069697,64,4.165618919962768
3,2.134603755069697,64,4.165618919962768
3,2.134603755069697,64,4.165618919962768
3,2.134603755069697,64,4.165618919962768
3,2.134603755069697,64,4.165618919962768
3,2.134603755069697,64,4.165618919962768
3,2.134603755069697,64,4.165618919962768
3,2.134603755069697,64,4.165618919962768
3,2.134603755069697,64,4.165618919962768
3,2.134603755069697,64,4.165618919962768
3,2.2773496724789104,64,4.165642713127161
3,2.2773496724789104,64,4.165642713127161
3,2.2773496724789104,64,4.165642713127161
3,2.2773496724789104,64,4.165642713127161
3,2.2773496724789104,64,4.165642713127161
3,2.2773496724789104,64,4.165642713127161
3,2.2773496724789104,64,4.165642713127161
3,2.429641341360074,64,4.165666865899341
3,2.429641341360074,64,4.165666865899341
3,2.429641341360074,64,4.165666865899341
3,2.429641341360074,64,4.165666865899341
3,2.592117108314055,64,4.165691318150616
3,2.592117108314055,64,4.165691318150616
3,2.592117108314055,64,4.165691318150616
3,2.7654580076634643,64,4.165716008120297
3,2.7654580076634643,64,4.165716008120297
3,2.7654580076634643,64,4.165716008120297
3,2.7654580076634643,64,4.165716008120297
3,2.950390616079903,64,4.165740872934965
3,3.147690098106772,64,4.1657658491399765
3,3.147690098106772,64,4.1657658491399765
3,3.147690098106772,64,4.1657658491399765
3,3.147690098106772,64,4.1657658491399765
3,3.147690098106772,64,4.1657658491399765
3,3.358183455343213,64,4.165790873234281
3,3.358183455343213,64,4.165790873234281
3,3.358183455343213,64,4.165790873234281
3,3.358183455343213,64,4.165790873234281
3,3.358183455343213,64,4.165790873234281
3,3.582752992908632,64,4.165815882199406
3,3.582752992908632,64,4.165815882199406
3,3.8223400177176696,64,4.16584081401379
3,3.8223400177176696,64,4.16584081401379
3,3.8223400177176696,64,4.16584081401379
3,3.8223400177176696,64,4.16584081401379
3,3.8223400177176696,64,4.16584081401379
3,3.8223400177176696,64,4.16584081401379
3,3.8223400177176696,64,4.16584081401379
3,4.077948784067481,64,4.165865608144006
3,4.077948784067481,64,4.165865608144006
3,4.077948784067481,64,4.165865608144006
3,4.077948784067481,64,4.165865608144006
3,4.077948784067481,64,4.165865608144006
3,4.077948784067481,64,4.165865608144006
3,4.350650703075626,64,4.165890206005161
3,4.350650703075626,64,4.165890206005161
3,4.350650703075626,64,4.165890206005161
3,4.350650703075626,64,4.165890206005161
3,4.641588833612782,64,4.165914551383619
3,4.641588833612782,64,4.165914551383619
3,4.641588833612782,64,4.165914551383619
3,4.641588833612782,64,4.165914551383619
3,4.9519826735546415,64,4.165938590816274
3,4.9519826735546415,64,4.165938590816274
3,4.9519826735546415,64,4.165938590816274
3,4.9519826735546415,64,4.165938590816274
3,4.9519826735546415,64,4.165938590816274
3,5.283133271435983,64,4.165962273921796
3,5.283133271435983,64,4.165962273921796
3,5.283133271435983,64,4.165962273921796
3,5.283133271435983,64,4.165962273921796
3,5.636428679932827,64,4.165985553680514
3,5.636428679932827,64,4.165985553680514
3,5.636428679932827,64,4.165985553680514
3,5.636428679932827,64,4.165985553680514
3,5.636428679932827,64,4.165985553680514
3,6.013349774031784,64,4.166008386660923
3,6.013349774031784,64,4.166008386660923
3,6.013349774031784,64,4.166008386660923
3,6.013349774031784,64,4.166008386660923
3,6.415476458273763,64,4.166030733192097
3,6.415476458273763,64,4.166030733192097
3,6.415476458273763,64,4.166030733192097
3,6.415476458273763,64,4.166030733192097
3,6.415476458273763,64,4.166030733192097
3,6.415476458273763,64,4.166030733192097
3,6.844494289090598,64,4.166052557482475
3,6.844494289090598,64,4.166052557482475
3,6.844494289090598,64,4.166052557482475
3,6.844494289090598,64,4.166052557482475
3,6.844494289090598,64,4.166052557482475
3,7.3022015399927485,64,4.166073827686657
3,7.3022015399927485,64,4.166073827686657
3,7.3022015399927485,64,4.166073827686657
3,7.3022015399927485,64,4.166073827686657
3,7.3022015399927485,64,4.166073827686657
3,7.3022015399927485,64,4.166073827686657
3,7.3022015399927485,64,4.166073827686657
3,7.3022015399927485,64,4.166073827686657
3,7.3022015399927485,64,4.166073827686657
3,7.3022015399927485,64,4.166073827686657
3,7.790516739222392,64,4.166094515922845
3,7.790516739222392,64,4.166094515922845
3,7.790516739222392,64,4.166094515922845
3,8.311486711467111,64,4.166114598244395
3,8.867295157341472,64,4.166134054569675
3,8.867295157341472,64,4.166134054569675
3,8.867295157341472,64,4.166134054569675
3,9.460271806598614,64,4.166152868574944
3,10.092902183438433,64,4.166171027555298
3,10.092902183438433,64,4.166171027555298
3,10.092902183438433,64,4.166171027555298
3,10.092902183438433,64,4.166171027555298
3,10.767838024844412,64,4.166188522258988
3,10.767838024844412,64,4.166188522258988
3,10.767838024844412,64,4.166188522258988
3,10.767838024844412,64,4.166188522258988
3,10.767838024844412,64,4.166188522258988
3,11.48790839561917,64,4.166205346700419
3,11.48790839561917,64,4.166205346700419
3,11.48790839561917,64,4.166205346700419
3,11.48790839561917,64,4.166205346700419
3,11.48790839561917,64,4.166205346700419
3,11.48790839561917,64,4.166205346700419
3,11.48790839561917,64,4.166205346700419
3,11.48790839561917,64,4.166205346700419
3,11.48790839561917,64,4.166205346700419
3,12.256131546707989,64,4.166221497957107
3,12.256131546707989,64,4.166221497957107
3,12.256131546707989,64,4.166221497957107
3,12.256131546707989,64,4.166221497957107
3,13.075727566516196,64,4.166236975955673
3,13.075727566516196,64,4.166236975955673
3,13.075727566516196,64,4.166236975955673
3,13.075727566516196,64,4.166236975955673
3,13.075727566516196,64,4.166236975955673
3,13.950131878249618,64,4.166251783251704
3,13.950131878249618,64,4.166251783251704
3,13.950131878249618,64,4.166251783251704
3,13.950131878249618,64,4.166251783251704
3,13.950131878249618,64,4.166251783251704
3,13.950131878249618,64,4.166251783251704
3,13.950131878249618,64,4.166251783251704
3,14.883009639853281,64,4.1662659248079645
3,15.878271106907928,64,4.166279407775095
3,15.878271106907928,64,4.166279407775095
3,15.878271106907928,64,4.166279407775095
3,15.878271106907928,64,4.166279407775095
3,16.940088022878722,64,4.166292241278503
3,16.940088022878722,64,4.166292241278503
3,18.07291110541828,64,4.166304436214774
3,18.07291110541828,64,4.166304436214774
3,18.07291110541828,64,4.166304436214774
3,18.07291110541828,64,4.166304436214774
3,19.281488702019512,64,4.1663160050605335
3,19.281488702019512,64,4.1663160050605335
3,19.281488702019512,64,4.1663160050605335
3,19.281488702019512,64,4.1663160050605335
3,19.281488702019512,64,4.1663160050605335
3,19.281488702019512,64,4.1663160050605335
3,19.281488702019512,64,4.1663160050605335
3,19.281488702019512,64,4.1663160050605335
3,20.570886693214934,64,4.166326961696291
3,20.570886693214934,64,4.166326961696291
3,20.570886693214934,64,4.166326961696291
3,20.570886693214934,64,4.166326961696291
3,21.946509726749827,64,4.166337321247476
3,21.946509726749827,64,4.166337321247476
3,21.946509726749827,64,4.166337321247476
3,21.946509726749827,64,4.166337321247476
3,23.414123871733302,64,4.166347099944567
3,23.414123871733302,64,4.166347099944567
3,23.414123871733302,64,4.166347099944567
3,23.414123871733302,64,4.166347099944567
3,23.414123871733302,64,4.166347099944567
3,23.414123871733302,64,4.166347099944567
3,24.979880787725563,64,4.1663563150039415
3,24.979880787725563,64,4.1663563150039415
3,24.979880787725563,64,4.1663563150039415
3,24.979880787725563,64,4.1663563150039415
3,26.65034351006826,64,4.166364984530883
3,26.65034351006826,64,4.166364984530883
3,26.65034351006826,64,4.166364984530883
3,26.65034351006826,64,4.166364984530883
3,26.65034351006826,64,4.166364984530883
3,26.65034351006826,64,4.166364984530883
3,26.65034351006826,64,4.166364984530883
3,26.65034351006826,64,4.166364984530883
3,26.65034351006826,64,4.166364984530883
3,26.65034351006826,64,4.166364984530883
3,26.65034351006826,64,4.166364984530883
3,28.432513959539357,64,4.166373127445988
3,28.432513959539357,64,4.166373127445988
3,28.432513959539357,64,4.166373127445988
3,28.432513959539357,64,4.166373127445988
3,28.432513959539357,64,4.166373127445988
3,30.333862291643364,64,4.166380763436145
3,30.333862291643364,64,4.166380763436145
3,32.36235820855605,64,4.166387912931163
3,32.36235820855605,64,4.166387912931163
3,32.36235820855605,64,4.166387912931163
3,34.526504364972304,64,4.166394597107102
3,34.526504364972304,64,4.166394597107102
3,34.526504364972304,64,4.166394597107102
3,34.526504364972304,64,4.166394597107102
3,34.526504364972304,64,4.166394597107102
3,34.526504364972304,64,4.166394597107102
3,34.526504364972304,64,4.166394597107102
3,36.8353720078807,64,4.166400837917463
3,36.8353720078807,64,4.166400837917463
3,36.8353720078807,64,4.166400837917463
3,39.29863899965208,64,4.166406658153348
3,39.29863899965208,64,4.166406658153348
3,39.29863899965208,64,4.166406658153348
3,39.29863899965208,64,4.166406658153348
3,39.29863899965208,64,4.166406658153348
3,41.92663038382149,64,4.166412081533943
3,41.92663038382149,64,4.166412081533943
3,41.92663038382149,64,4.166412081533943
3,41.92663038382149,64,4.166412081533943
3,41.92663038382149,64,4.166412081533943
3,41.92663038382149,64,4.166412081533943
3,44.73036166359721,64,4.166417132828725
3,44.73036166359721,64,4.166417132828725
3,44.73036166359721,64,4.166417132828725
3,44.73036166359721,64,4.166417132828725
3,44.73036166359721,64,4.166417132828725
3,44.73036166359721,64,4.166417132828725
3,44.73036166359721,64,4.166417132828725
3,44.73036166359721,64,4.166417132828725
3,47.72158497450504,64,4.166421838013035
3,47.72158497450504,64,4.166421838013035
3,47.72158497450504,64,4.166421838013035
3,47.72158497450504,64,4.166421838013035
3,50.912838344704916,64,4.166426224458837
3,50.912838344704916,64,4.166426224458837
3,50.912838344704916,64,4.166426224458837
3,50.912838344704916,64,4.166426224458837
3,50.912838344704916,64,4.166426224458837
3,50.912838344704916,64,4.166426224458837
3,50.912838344704916,64,4.166426224458837
3,50.912838344704916,64,4.166426224458837
3,54.31749824945833,64,4.166430321162729
3,57.94983568003634,64,4.166434159013536
3,57.94983568003634,64,4.166434159013536
3,57.94983568003634,64,4.166434159013536
3,57.94983568003634,64,4.166434159013536
3,57.94983568003634,64,4.166434159013536
3,61.82507596208572,64,4.166437771102033
3,61.82507596208572,64,4.166437771102033
3,61.82507596208572,64,4.166437771102033
3,61.82507596208572,64,4.166437771102033
3,61.82507596208572,64,4.166437771102033
3,61.82507596208572,64,4.166437771102033
3,65.95946257418731,64,4.166441193075688
3,65.95946257418731,64,4.166441193075688
3,65.95946257418731,64,4.166441193075688
3,70.37032523411159,64,4.166444463541549
3,75.07615253815847,64,4.166447624520702
3,75.07615253815847,64,4.166447624520702
3,75.07615253815847,64,4.166447624520702
3,80.09666945806018,64,4.16645072195796
3,80.09666945806018,64,4.16645072195796
3,80.09666945806018,64,4.16645072195796
3,85.45292002028222,64,4.166453806290782
3,85.45292002028222,64,4.166453806290782
3,85.45292002028222,64,4.166453806290782
3,85.45292002028222,64,4.166453806290782
3,85.45292002028222,64,4.166453806290782
3,85.45292002028222,64,4.166453806290782
3,85.45292002028222,64,4.166453806290782
3,85.45292002028222,64,4.166453806290782
3,91.16735551427986,64,4.166456933081541
3,91.16735551427986,64,4.166456933081541
3,91.16735551427986,64,4.166456933081541
3,97.26392859944849,64,4.166460163717581
3,103.7681937052218,64,4.166463566183557
3,110.70741414515996,64,4.16646721591078
3,110.70741414515996,64,4.16646721591078
3,110.70741414515996,64,4.16646721591078
3,110.70741414515996,64,4.16646721591078
3,110.70741414515996,64,4.16646721591078
3,110.70741414515996,64,4.16646721591078
3,110.70741414515996,64,4.16646721591078
3,110.70741414515996,64,4.16646721591078
3,110.70741414515996,64,4.16646721591078
3,118.11067639400605,64,4.166471196708213
3,118.11067639400605,64,4.166471196708213
3,118.11067639400605,64,4.166471196708213
3,118.11067639400605,64,4.166471196708213
3,126.00901200671282,64,4.1664756017798865
3,126.00901200671282,64,4.1664756017798865
3,126.00901200671282,64,4.1664756017798865
3,134.43552769048173,64,4.166480534833293
3,134.43552769048173,64,4.166480534833293
3,134.43552769048173,64,4.166480534833293
3,134.43552769048173,64,4.166480534833293
3,134.43552769048173,64,4.166480534833293
3,143.42554407501817,64,4.166486111283178
3,143.42554407501817,64,4.166486111283178
3,143.42554407501817,64,4.166486111283178
3,143.42554407501817,64,4.166486111283178
3,143.42554407501817,64,4.166486111283178
3,153.01674376267866,64,4.166492459554872
3,153.01674376267866,64,4.166492459554872
3,153.01674376267866,64,4.166492459554872
3,153.01674376267866,64,4.166492459554872
3,153.01674376267866,64,4.166492459554872
3,153.01674376267866,64,4.166492459554872
3,153.01674376267866,64,4.166492459554872
3,153.01674376267866,64,4.166492459554872
3,153.01674376267866,64,4.166492459554872
3,153.01674376267866,64,4.166492459554872
3,153.01674376267866,64,4.166492459554872
3,163.24932927907625,64,4.16649972249084
3,163.24932927907625,64,4.16649972249084
3,163.24932927907625,64,4.16649972249084
3,163.24932927907625,64,4.16649972249084
3,163.24932927907625,64,4.16649972249084
3,163.24932927907625,64,4.16649972249084
3,174.16619158620682,64,4.166508058863661
3,174.16619158620682,64,4.166508058863661
3,174.16619158620682,64,4.166508058863661
3,174.16619158620682,64,4.166508058863661
3,174.16619158620682,64,4.166508058863661
3,174.16619158620682,64,4.166508058863661
3,185.81308986444498,64,4.1665176449979375
3,185.81308986444498,64,4.1665176449979375
3,185.81308986444498,64,4.1665176449979375
3,185.81308986444498,64,4.1665176449979375
3,185.81308986444498,64,4.1665176449979375
3,185.81308986444498,64,4.1665176449979375
3,185.81308986444498,64,4.1665176449979375
3,185.81308986444498,64,4.1665176449979375
3,185.81308986444498,64,4.1665176449979375
3,198.238843316975,64,4.166528676502887
3,198.238843316975,64,4.166528676502887
3,198.238843316975,64,4.166528676502887
3,211.49553580063366,64,4.166541370116389
3,211.49553580063366,64,4.166541370116389
3,211.49553580063366,64,4.166541370116389
3,211.49553580063366,64,4.166541370116389
3,211.49553580063366,64,4.166541370116389
3,211.49553580063366,64,4.166541370116389
3,211.49553580063366,64,4.166541370116389
3,211.49553580063366,64,4.166541370116389
3,211.49553580063366,64,4.166541370116389
3,211.49553580063366,64,4.166541370116389
3,225.63873414089372,64,4.166555965660219
3,225.63873414089372,64,4.166555965660219
3,225.63873414089372,64,4.166555965660219
3,225.63873414089372,64,4.166555965660219
3,240.72772104607358,64,4.166572728104992
3,240.72772104607358,64,4.166572728104992
3,240.72772104607358,64,4.166572728104992
3,240.72772104607358,64,4.166572728104992
3,240.72772104607358,64,4.166572728104992
3,240.72772104607358,64,4.166572728104992
3,240.72772104607358,64,4.166572728104992
3,256.82574359706877,64,4.166591949741978
3,256.82574359706877,64,4.166591949741978
3,274.0002783541624,64,4.166613952457516
3,274.0002783541624,64,4.166613952457516
3,274.0002783541624,64,4.166613952457516
3,274.0002783541624,64,4.166613952457516
3,292.3233141921493,64,4.166639090104185
3,292.3233141921493,64,4.166639090104185
3,292.3233141921493,64,4.166639090104185
3,292.3233141921493,64,4.166639090104185
3,292.3233141921493,64,4.166639090104185
3,311.8716540493036,64,4.166667750961213
3,311.8716540493036,64,4.166667750961213
3,311.8716540493036,64,4.166667750961213
3,311.8716540493036,64,4.166667750961213
3,311.8716540493036,64,4.166667750961213
3,311.8716540493036,64,4.166667750961213
3,311.8716540493036,64,4.166667750961213
3,311.8716540493036,64,4.166667750961213
3,311.8716540493036,64,4.166667750961213
3,332.72723685499466,64,4.166700360274907
3,332.72723685499466,64,4.166700360274907
3,332.72723685499466,64,4.166700360274907
3,332.72723685499466,64,4.166700360274907
3,332.72723685499466,64,4.166700360274907
3,354.9774809853617,64,4.166737382868087
3,354.9774809853617,64,4.166737382868087
3,354.9774809853617,64,4.166737382868087
3,354.9774809853617,64,4.166737382868087
3,354.9774809853617,64,4.166737382868087
3,354.9774809853617,64,4.166737382868087
3,378.7156506866572,64,4.166779325805687
3,378.7156506866572,64,4.166779325805687
3,378.7156506866572,64,4.166779325805687
3,378.7156506866572,64,4.166779325805687
3,404.0412470021791,64,4.166826741101879
3,404.0412470021791,64,4.166826741101879
3,404.0412470021791,64,4.166826741101879
3,404.0412470021791,64,4.166826741101879
3,404.0412470021791,64,4.166826741101879
3,431.0604248413962,64,4.166880228452257
3,431.0604248413962,64,4.166880228452257
3,459.88643793944743,64,4.166940437972839
3,459.88643793944743,64,4.166940437972839
3,459.88643793944743,64,4.166940437972839
3,459.88643793944743,64,4.166940437972839
3,459.88643793944743,64,4.166940437972839
3,459.88643793944743,64,4.166940437972839
3,490.640113572131,64,4.167008072925878
3,490.640113572131,64,4.167008072925878
3,490.640113572131,64,4.167008072925878
3,490.640113572131,64,4.167008072925878
3,490.640113572131,64,4.167008072925878
3,490.640113572131,64,4.167008072925878
3,490.640113572131,64,4.167008072925878
3,490.640113572131,64,4.167008072925878
3,490.640113572131,64,4.167008072925878
3,523.4503590161748,64,4.1670838924108935
3,523.4503590161748,64,4.1670838924108935
3,523.4503590161748,64,4.1670838924108935
3,523.4503590161748,64,4.1670838924108935
3,523.4503590161748,64,4.1670838924108935
3,523.4503590161748,64,4.1670838924108935
3,523.4503590161748,64,4.1670838924108935
3,523.4503590161748,64,4.1670838924108935
3,523.4503590161748,64,4.1670838924108935
3,523.4503590161748,64,4.1670838924108935
3,558.454701877693,64,4.167168713997617
3,558.454701877693,64,4.167168713997617
3,558.454701877693,64,4.167168713997617
3,558.454701877693,64,4.167168713997617
3,558.454701877693,64,4.167168713997617
3,558.454701877693,64,4.167168713997617
3,558.454701877693,64,4.167168713997617
3,558.454701877693,64,4.167168713997617
3,558.454701877693,64,4.167168713997617
3,595.7998665536622,64,4.167263416276208
3,595.7998665536622,64,4.167263416276208
3,595.7998665536622,64,4.167263416276208
3,595.7998665536622,64,4.167263416276208
3,595.7998665536622,64,4.167263416276208
3,595.7998665536622,64,4.167263416276208
3,595.7998665536622,64,4.167263416276208
3,635.6423892427093,64,4.167368941298641
3,635.6423892427093,64,4.167368941298641
3,635.6423892427093,64,4.167368941298641
3,635.6423892427093,64,4.167368941298641
3,635.6423892427093,64,4.167368941298641
3,678.1492740831088,64,4.167486296884006
3,678.1492740831088,64,4.167486296884006
3,678.1492740831088,64,4.167486296884006
3,723.4986931682564,64,4.167616558759489
3,723.4986931682564,64,4.167616558759489
3,723.4986931682564,64,4.167616558759489
3,723.4986931682564,64,4.167616558759489
3,723.4986931682564,64,4.167616558759489
3,723.4986931682564,64,4.167616558759489
3,771.8807333737907,64,4.167760872508069
3,771.8807333737907,64,4.167760872508069
3,771.8807333737907,64,4.167760872508069
3,771.8807333737907,64,4.167760872508069
3,771.8807333737907,64,4.167760872508069
3,823.4981931268027,64,4.167920455293546
3,823.4981931268027,64,4.167920455293546
3,823.4981931268027,64,4.167920455293546
3,823.4981931268027,64,4.167920455293546
3,823.4981931268027,64,4.167920455293546
3,823.4981931268027,64,4.167920455293546
3,823.4981931268027,64,4.167920455293546
3,823.4981931268027,64,4.167920455293546
3,878.5674324568332,64,4.168096597333637
3,878.5674324568332,64,4.168096597333637
3,878.5674324568332,64,4.168096597333637
3,878.5674324568332,64,4.168096597333637
3,878.5674324568332,64,4.168096597333637
3,878.5674324568332,64,4.168096597333637
3,878.5674324568332,64,4.168096597333637
3,937.3192798917728,64,4.168290663092501
3,937.3192798917728,64,4.168290663092501
3,937.3192798917728,64,4.168290663092501
3,937.3192798917728,64,4.168290663092501
3,1000.0,64,4.16850409216538
3,1000.0,64,4.16850409216538
3,1000.0,64,4.16850409216538
3,1000.0,64,4.16850409216538
3,1000.0,64,4.16850409216538
3,1000.0,64,4.16850409216538
3,1000.0,64,4.16850409216538
3,1000.0,64,4.16850409216538
4,0.17097465139375173,64,4.220178224309547
4,0.17097465139375173,64,4.220178224309547
4,0.17097465139375173,64,4.220178224309547
4,0.17097465139375173,64,4.220178224309547
4,0.17097465139375173,64,4.220178224309547
4,0.17097465139375173,64,4.220178224309547
4,0.17097465139375173,64,4.220178224309547
4,0.17097465139375173,64,4.220178224309547
4,0.17097465139375173,64,4.220178224309547
4,0.17097465139375173,64,4.220178224309547
4,0.1824081239569649,64,4.220178290371718
4,0.1824081239569649,64,4.220178290371718
4,0.1824081239569649,64,4.220178290371718
4,0.1824081239569649,64,4.220178290371718
4,0.1824081239569649,64,4.220178290371718
4,0.1602578371241384,64,4.220178319382297
4,0.1602578371241384,64,4.220178319382297
4,0.1602578371241384,64,4.220178319382297
4,0.1602578371241384,64,4.220178319382297
4,0.1602578371241384,64,4.220178319382297
4,0.1602578371241384,64,4.220178319382297
4,0.19460617942055622,64,4.220178535451783
4,0.19460617942055622,64,4.220178535451783
4,0.19460617942055622,64,4.220178535451783
4,0.19460617942055622,64,4.220178535451783
4,0.19460617942055622,64,4.220178535451783
4,0.1502127604902106,64,4.220178558498579
4,0.14079731649323968,64,4.22017892540388
4,0.14079731649323968,64,4.22017892540388
4,0.14079731649323968,64,4.22017892540388
4,0.14079731649323968,64,4.22017892540388
4,0.14079731649323968,64,4.22017892540388
4,0.20761994722121382,64,4.220178978168005
4,0.20761994722121382,64,4.220178978168005
4,0.20761994722121382,64,4.220178978168005
4,0.20761994722121382,64,4.220178978168005
4,0.13197203930613743,64,4.220179404715266
4,0.13197203930613743,64,4.220179404715266
4,0.13197203930613743,64,4.220179404715266
4,0.13197203930613743,64,4.220179404715266
4,0.13197203930613743,64,4.220179404715266
4,0.22150397593996615,64,4.220179637806366
4,0.22150397593996615,64,4.220179637806366
4,0.22150397593996615,64,4.220179637806366
4,0.22150397593996615,64,4.220179637806366
4,0.22150397593996615,64,4.220179637806366
4,0.22150397593996615,64,4.220179637806366
4,0.1236999368482776,64,4.220179981945946
4,0.1236999368482776,64,4.220179981945946
4,0.1236999368482776,64,4.220179981945946
4,0.23631646194831477,64,4.220180534241476
4,0.23631646194831477,64,4.220180534241476
4,0.23631646194831477,64,4.220180534241476
4,0.23631646194831477,64,4.220180534241476
4,0.23631646194831477,64,4.220180534241476
4,0.23631646194831477,64,4.220180534241476
4,0.23631646194831477,64,4.220180534241476
4,0.11594633572928544,64,4.220180643520262
4,0.11594633572928544,64,4.220180643520262
4,0.11594633572928544,64,4.220180643520262
4,0.11594633572928544,64,4.220180643520262
4,0.11594633572928544,64,4.220180643520262
4,0.10867873591186367,64,4.220181376779676
4,0.25211949334446737,64,4.220181687845778
4,0.25211949334446737,64,4.220181687845778
4,0.25211949334446737,64,4.220181687845778
4,0.25211949334446737,64,4.220181687845778
4,0.25211949334446737,64,4.220181687845778
4,0.1018666744844563,64,4.220182169980486
4,0.1018666744844563,64,4.220182169980486
4,0.1018666744844563,64,4.220182169980486
4,0.1018666744844563,64,4.220182169980486
4,0.1018666744844563,64,4.220182169980486
4,0.09548159797274021,64,4.220183012283865
4,0.09548159797274021,64,4.220183012283865
4,0.09548159797274021,64,4.220183012283865
4,0.09548159797274021,64,4.220183012283865
4,0.09548159797274021,64,4.220183012283865
4,0.09548159797274021,64,4.220183012283865
4,0.26897931020215227,64,4.2201831193869825
4,0.26897931020215227,64,4.2201831193869825
4,0.26897931020215227,64,4.2201831193869825
4,0.26897931020215227,64,4.2201831193869825
4,0.26897931020215227,64,4.2201831193869825
4,0.26897931020215227,64,4.2201831193869825
4,0.0894967426547247,64,4.220183893739187
4,0.0894967426547247,64,4.220183893739187
4,0.0894967426547247,64,4.220183893739187
4,0.0894967426547247,64,4.220183893739187
4,0.08388702237778593,64,4.220184805261214
4,0.08388702237778593,64,4.220184805261214
4,0.08388702237778593,64,4.220184805261214
4,0.08388702237778593,64,4.220184805261214
4,0.2869665822228788,64,4.220184849913823
4,0.07862892340741143,64,4.220185738602129
4,0.07862892340741143,64,4.220185738602129
4,0.07862892340741143,64,4.220185738602129
4,0.07862892340741143,64,4.220185738602129
4,0.07862892340741143,64,4.220185738602129
4,0.07862892340741143,64,4.220185738602129
4,0.07862892340741143,64,4.220185738602129
4,0.07862892340741143,64,4.220185738602129
4,0.07862892340741143,64,4.220185738602129
4,0.07862892340741143,64,4.220185738602129
4,0.07862892340741143,64,4.220185738602129
4,0.07862892340741143,64,4.220185738602129
4,0.07862892340741143,64,4.220185738602129
4,0.07370040586690031,64,4.22018668631907
4,0.07370040586690031,64,4.22018668631907
4,0.07370040586690031,64,4.22018668631907
4,0.07370040586690031,64,4.22018668631907
4,0.07370040586690031,64,4.22018668631907
4,0.07370040586690031,64,4.22018668631907
4,0.07370040586690031,64,4.22018668631907
4,0.30615670495544806,64,4.220186900630028
4,0.30615670495544806,64,4.220186900630028
4,0.30615670495544806,64,4.220186900630028
4,0.30615670495544806,64,4.220186900630028
4,0.06908081135489438,64,4.220187641738121
4,0.06908081135489438,64,4.220187641738121
4,0.06908081135489438,64,4.220187641738121
4,0.06908081135489438,64,4.220187641738121
4,0.06908081135489438,64,4.220187641738121
4,0.06475077635350907,64,4.2201885989153585
4,0.06475077635350907,64,4.2201885989153585
4,0.06475077635350907,64,4.2201885989153585
4,0.3266301158243518,64,4.220189292756915
4,0.3266301158243518,64,4.220189292756915
4,0.3266301158243518,64,4.220189292756915
4,0.3266301158243518,64,4.220189292756915
4,0.06069215106410441,64,4.220189552595837
4,0.06069215106410441,64,4.220189552595837
4,0.06069215106410441,64,4.220189552595837
4,0.06069215106410441,64,4.220189552595837
4,0.06069215106410441,64,4.220189552595837
4,0.06069215106410441,64,4.220189552595837
4,0.06069215106410441,64,4.220189552595837
4,0.06069215106410441,64,4.220189552595837
4,0.056887923330489094,64,4.220190498171098
4,0.056887923330489094,64,4.220190498171098
4,0.056887923330489094,64,4.220190498171098
4,0.056887923330489094,64,4.220190498171098
4,0.056887923330489094,64,4.220190498171098
4,0.056887923330489094,64,4.220190498171098
4,0.056887923330489094,64,4.220190498171098
4,0.056887923330489094,64,4.220190498171098
4,0.056887923330489094,64,4.220190498171098
4,0.05332214733067242,64,4.22019143163587
4,0.05332214733067242,64,4.22019143163587
4,0.05332214733067242,64,4.22019143163587
4,0.05332214733067242,64,4.22019143163587
4,0.05332214733067242,64,4.22019143163587
4,0.3484726312917259,64,4.22019204738476
4,0.3484726312917259,64,4.22019204738476
4,0.3484726312917259,64,4.22019204738476
4,0.04997987673826894,64,4.220192349544572
4,0.046847102073393855,64,4.220193248968052
4,0.046847102073393855,64,4.220193248968052
4,0.046847102073393855,64,4.220193248968052
4,0.046847102073393855,64,4.220193248968052
4,0.043910691980449945,64,4.220194127451091
4,0.043910691980449945,64,4.220194127451091
4,0.043910691980449945,64,4.220194127451091
4,0.043910691980449945,64,4.220194127451091
4,0.043910691980449945,64,4.220194127451091
4,0.041158338186664825,64,4.220194982970975
4,0.041158338186664825,64,4.220194982970975
4,0.041158338186664825,64,4.220194982970975
4,0.041158338186664825,64,4.220194982970975
4,0.041158338186664825,64,4.220194982970975
4,0.041158338186664825,64,4.220194982970975
4,0.3717758065661061,64,4.2201951853134005
4,0.3717758065661061,64,4.2201951853134005
4,0.3717758065661061,64,4.2201951853134005
4,0.3717758065661061,64,4.2201951853134005
4,0.3717758065661061,64,4.2201951853134005
4,0.3717758065661061,64,4.2201951853134005
4,0.03857850391066673,64,4.220195813897533
4,0.03857850391066673,64,4.220195813897533
4,0.03857850391066673,64,4.220195813897533
4,0.03857850391066673,64,4.220195813897533
4,0.03857850391066673,64,4.220195813897533
4,0.03857850391066673,64,4.220195813897533
4,0.03857850391066673,64,4.220195813897533
4,0.03857850391066673,64,4.220195813897533
4,0.03857850391066673,64,4.220195813897533
4,0.036160375504848116,64,4.2201966189548
4,0.036160375504848116,64,4.2201966189548
4,0.03389381712882037,64,4.220197397184625
4,0.03389381712882037,64,4.220197397184625
4,0.03389381712882037,64,4.220197397184625
4,0.03389381712882037,64,4.220197397184625
4,0.03389381712882037,64,4.220197397184625
4,0.03389381712882037,64,4.220197397184625
4,0.03389381712882037,64,4.220197397184625
4,0.03389381712882037,64,4.220197397184625
4,0.03389381712882037,64,4.220197397184625
4,0.03389381712882037,64,4.220197397184625
4,0.031769328263969374,64,4.220198147912258
4,0.031769328263969374,64,4.220198147912258
4,0.031769328263969374,64,4.220198147912258
4,0.031769328263969374,64,4.220198147912258
4,0.39663731936574764,64,4.22019872688268
4,0.39663731936574764,64,4.22019872688268
4,0.39663731936574764,64,4.22019872688268
4,0.39663731936574764,64,4.22019872688268
4,0.39663731936574764,64,4.22019872688268
4,0.39663731936574764,64,4.22019872688268
4,0.029778003891029147,64,4.2201988707140705
4,0.029778003891029147,64,4.2201988707140705
4,0.029778003891029147,64,4.2201988707140705
4,0.027911497163753848,64,4.220199565387445
4,0.027911497163753848,64,4.220199565387445
4,0.027911497163753848,64,4.220199565387445
4,0.027911497163753848,64,4.220199565387445
4,0.026161984422231045,64,4.220200231922895
4,0.026161984422231045,64,4.220200231922895
4,0.026161984422231045,64,4.220200231922895
4,0.024522132399185402,64,4.22020087047831
4,0.024522132399185402,64,4.22020087047831
4,0.024522132399185402,64,4.22020087047831
4,0.024522132399185402,64,4.22020087047831
4,0.024522132399185402,64,4.22020087047831
4,0.022985067481815197,64,4.220201481355412
4,0.022985067481815197,64,4.220201481355412
4,0.022985067481815197,64,4.220201481355412
4,0.022985067481815197,64,4.220201481355412
4,0.022985067481815197,64,4.220201481355412
4,0.021544346900318846,64,4.220202064978203
4,0.021544346900318846,64,4.220202064978203
4,0.021544346900318846,64,4.220202064978203
4,0.020193931722345407,64,4.220202621873497
4,0.020193931722345407,64,4.220202621873497
4,0.020193931722345407,64,4.220202621873497
4,0.020193931722345407,64,4.220202621873497
4,0.020193931722345407,64,4.220202621873497
4,0.020193931722345407,64,4.220202621873497
4,0.4231613793450881,64,4.220202691793455
4,0.4231613793450881,64,4.220202691793455
4,0.4231613793450881,64,4.220202691793455
4,0.4231613793450881,64,4.220202691793455
4,0.4231613793450881,64,4.220202691793455
4,0.4231613793450881,64,4.220202691793455
4,0.4231613793450881,64,4.220202691793455
4,0.4231613793450881,64,4.220202691793455
4,0.4231613793450881,64,4.220202691793455
4,0.4231613793450881,64,4.220202691793455
4,0.4231613793450881,64,4.220202691793455
4,0.018928161540172444,64,4.220203152653285
4,0.018928161540172444,64,4.220203152653285
4,0.018928161540172444,64,4.220203152653285
4,0.018928161540172444,64,4.220203152653285
4,0.018928161540172444,64,4.220203152653285
4,0.018928161540172444,64,4.220203152653285
4,0.0177417307445096,64,4.2202036579989475
4,0.0177417307445096,64,4.2202036579989475
4,0.01662966628547748,64,4.220204138647153
4,0.01662966628547748,64,4.220204138647153
4,0.01662966628547748,64,4.220204138647153
4,0.01662966628547748,64,4.220204138647153
4,0.01662966628547748,64,4.220204138647153
4,0.01662966628547748,64,4.220204138647153
4,0.01662966628547748,64,4.220204138647153
4,0.01662966628547748,64,4.220204138647153
4,0.01662966628547748,64,4.220204138647153
4,0.01662966628547748,64,4.220204138647153
4,0.015587306827544245,64,4.2202045953772815
4,0.015587306827544245,64,4.2202045953772815
4,0.015587306827544245,64,4.2202045953772815
4,0.015587306827544245,64,4.2202045953772815
4,0.0146102832110459,64,4.220205029000391
4,0.0146102832110459,64,4.220205029000391
4,0.0146102832110459,64,4.220205029000391
4,0.0146102832110459,64,4.220205029000391
4,0.0146102832110459,64,4.220205029000391
4,0.013694500138392414,64,4.220205440349476
4,0.013694500138392414,64,4.220205440349476
4,0.013694500138392414,64,4.220205440349476
4,0.013694500138392414,64,4.220205440349476
4,0.013694500138392414,64,4.220205440349476
4,0.013694500138392414,64,4.220205440349476
4,0.013694500138392414,64,4.220205440349476
4,0.013694500138392414,64,4.220205440349476
4,0.013694500138392414,64,4.220205440349476
4,0.012836119008195774,64,4.220205830270978
4,0.012836119008195774,64,4.220205830270978
4,0.012836119008195774,64,4.220205830270978
4,0.012836119008195774,64,4.220205830270978
4,0.012836119008195774,64,4.220205830270978
4,0.012031541825367172,64,4.220206199617433
4,0.012031541825367172,64,4.220206199617433
4,0.011277396119740902,64,4.220206549241143
4,0.011277396119740902,64,4.220206549241143
4,0.011277396119740902,64,4.220206549241143
4,0.011277396119740902,64,4.220206549241143
4,0.011277396119740902,64,4.220206549241143
4,0.011277396119740902,64,4.220206549241143
4,0.011277396119740902,64,4.220206549241143
4,0.011277396119740902,64,4.220206549241143
4,0.011277396119740902,64,4.220206549241143
4,0.010570520810009826,64,4.220206879988741
4,0.010570520810009826,64,4.220206879988741
4,0.010570520810009826,64,4.220206879988741
4,0.010570520810009826,64,4.220206879988741
4,0.010570520810009826,64,4.220206879988741
4,0.010570520810009826,64,4.220206879988741
4,0.4514591649005106,64,4.220207098920144
4,0.4514591649005106,64,4.220207098920144
4,0.009907952953719419,64,4.2202071926966624
4,0.009907952953719419,64,4.2202071926966624
4,0.009907952953719419,64,4.2202071926966624
4,0.009286915327781859,64,4.220207488187281
4,0.009286915327781859,64,4.220207488187281
4,0.009286915327781859,64,4.220207488187281
4,0.009286915327781859,64,4.220207488187281
4,0.009286915327781859,64,4.220207488187281
4,0.009286915327781859,64,4.220207488187281
4,0.008704804787452367,64,4.22020776726575
4,0.008704804787452367,64,4.22020776726575
4,0.008704804787452367,64,4.22020776726575
4,0.008704804787452367,64,4.22020776726575
4,0.008704804787452367,64,4.22020776726575
4,0.008704804787452367,64,4.22020776726575
4,0.008704804787452367,64,4.22020776726575
4,0.008704804787452367,64,4.22020776726575
4,0.008704804787452367,64,4.22020776726575
4,0.00815918135497331,64,4.2202080307174334
4,0.00815918135497331,64,4.2202080307174334
4,0.00815918135497331,64,4.2202080307174334
4,0.00815918135497331,64,4.2202080307174334
4,0.00815918135497331,64,4.2202080307174334
4,0.00815918135497331,64,4.2202080307174334
4,0.00815918135497331,64,4.2202080307174334
4,0.007647757992149969,64,4.220208279305871
4,0.007647757992149969,64,4.220208279305871
4,0.007647757992149969,64,4.220208279305871
4,0.007647757992149969,64,4.220208279305871
4,0.007647757992149969,64,4.220208279305871
4,0.007647757992149969,64,4.220208279305871
4,0.007168391013988566,64,4.220208513771145
4,0.007168391013988566,64,4.220208513771145
4,0.007168391013988566,64,4.220208513771145
4,0.007168391013988566,64,4.220208513771145
4,0.007168391013988566,64,4.220208513771145
4,0.007168391013988566,64,4.220208513771145
4,0.007168391013988566,64,4.220208513771145
4,0.006719071103214418,64,4.22020873482872
4,0.006719071103214418,64,4.22020873482872
4,0.006719071103214418,64,4.22020873482872
4,0.006719071103214418,64,4.22020873482872
4,0.006719071103214418,64,4.22020873482872
4,0.006719071103214418,64,4.22020873482872
4,0.006719071103214418,64,4.22020873482872
4,0.00629791488800657,64,4.220208943168574
4,0.00629791488800657,64,4.220208943168574
4,0.00629791488800657,64,4.220208943168574
4,0.005903157047645993,64,4.220209139454681
4,0.005903157047645993,64,4.220209139454681
4,0.005903157047645993,64,4.220209139454681
4,0.005533142912987591,64,4.2202093243246885
4,0.005533142912987591,64,4.2202093243246885
4,0.005533142912987591,64,4.2202093243246885
4,0.005533142912987591,64,4.2202093243246885
4,0.005533142912987591,64,4.2202093243246885
4,0.005533142912987591,64,4.2202093243246885
4,0.0051863215307398,64,4.220209498389892
4,0.0051863215307398,64,4.220209498389892
4,0.0051863215307398,64,4.220209498389892
4,0.0051863215307398,64,4.220209498389892
4,0.0051863215307398,64,4.220209498389892
4,0.0051863215307398,64,4.220209498389892
4,0.0051863215307398,64,4.220209498389892
4,0.0051863215307398,64,4.220209498389892
4,0.0051863215307398,64,4.220209498389892
4,0.0051863215307398,64,4.220209498389892
4,0.0051863215307398,64,4.220209498389892
4,0.0051863215307398,64,4.220209498389892
4,0.004861239162480226,64,4.220209662235325
4,0.004861239162480226,64,4.220209662235325
4,0.004861239162480226,64,4.220209662235325
4,0.004861239162480226,64,4.220209662235325
4,0.00455653319115766,64,4.220209816420057
4,0.00455653319115766,64,4.220209816420057
4,0.00455653319115766,64,4.220209816420057
4,0.00455653319115766,64,4.220209816420057
4,0.00455653319115766,64,4.220209816420057
4,0.004270926409538859,64,4.220209961477615
4,0.004270926409538859,64,4.220209961477615
4,0.004270926409538859,64,4.220209961477615
4,0.004270926409538859,64,4.220209961477615
4,0.004003221666659722,64,4.220210097916481
4,0.004003221666659722,64,4.220210097916481
4,0.004003221666659722,64,4.220210097916481
4,0.0037522968498406367,64,4.220210226220708
4,0.0037522968498406367,64,4.220210226220708
4,0.0037522968498406367,64,4.220210226220708
4,0.0037522968498406367,64,4.220210226220708
4,0.0037522968498406367,64,4.220210226220708
4,0.0037522968498406367,64,4.220210226220708
4,0.0037522968498406367,64,4.220210226220708
4,0.0037522968498406367,64,4.220210226220708
4,0.0037522968498406367,64,4.220210226220708
4,0.003517100181232793,64,4.220210346850603
4,0.003517100181232793,64,4.220210346850603
4,0.003517100181232793,64,4.220210346850603
4,0.003517100181232793,64,4.220210346850603
4,0.003517100181232793,64,4.220210346850603
4,0.003296645809180352,64,4.2202104602434485
4,0.003296645809180352,64,4.2202104602434485
4,0.003296645809180352,64,4.2202104602434485
4,0.003296645809180352,64,4.2202104602434485
4,0.003090009675919158,64,4.2202105668142655
4,0.003090009675919158,64,4.2202105668142655
4,0.003090009675919158,64,4.2202105668142655
4,0.003090009675919158,64,4.2202105668142655
4,0.003090009675919158,64,4.2202105668142655
4,0.003090009675919158,64,4.2202105668142655
4,0.0028963256442911586,64,4.220210666956617
4,0.002714781867239066,64,4.220210761043434
4,0.002714781867239066,64,4.220210761043434
4,0.002714781867239066,64,4.220210761043434
4,0.002714781867239066,64,4.220210761043434
4,0.002714781867239066,64,4.220210761043434
4,0.002714781867239066,64,4.220210761043434
4,0.002714781867239066,64,4.220210761043434
4,0.002544617384863764,64,4.2202108494278034
4,0.002544617384863764,64,4.2202108494278034
4,0.002544617384863764,64,4.2202108494278034
4,0.002544617384863764,64,4.2202108494278034
4,0.002544617384863764,64,4.2202108494278034
4,0.002544617384863764,64,4.2202108494278034
4,0.002385118934780594,64,4.220210932443848
4,0.002385118934780594,64,4.220210932443848
4,0.002385118934780594,64,4.220210932443848
4,0.002385118934780594,64,4.220210932443848
4,0.002385118934780594,64,4.220210932443848
4,0.002385118934780594,64,4.220210932443848
4,0.002385118934780594,64,4.220210932443848
4,0.002385118934780594,64,4.220210932443848
4,0.0022356179624047783,64,4.220211010407498
4,0.0022356179624047783,64,4.220211010407498
4,0.0022356179624047783,64,4.220211010407498
4,0.0022356179624047783,64,4.220211010407498
4,0.0022356179624047783,64,4.220211010407498
4,0.0022356179624047783,64,4.220211010407498
4,0.0022356179624047783,64,4.220211010407498
4,0.0022356179624047783,64,4.220211010407498
4,0.0020954878186343613,64,4.220211083617331
4,0.0020954878186343613,64,4.220211083617331
4,0.0020954878186343613,64,4.220211083617331
4,0.0020954878186343613,64,4.220211083617331
4,0.0020954878186343613,64,4.220211083617331
4,0.0020954878186343613,64,4.220211083617331
4,0.0019641411331843433,64,4.220211152355369
4,0.0019641411331843433,64,4.220211152355369
4,0.0019641411331843433,64,4.220211152355369
4,0.0019641411331843433,64,4.220211152355369
4,0.0019641411331843433,64,4.220211152355369
4,0.0019641411331843433,64,4.220211152355369
4,0.0019641411331843433,64,4.220211152355369
4,0.0019641411331843433,64,4.220211152355369
4,0.0018410273525621594,64,4.220211216887862
4,0.0018410273525621594,64,4.220211216887862
4,0.0018410273525621594,64,4.220211216887862
4,0.0018410273525621594,64,4.220211216887862
4,0.0018410273525621594,64,4.220211216887862
4,0.0018410273525621594,64,4.220211216887862
4,0.0018410273525621594,64,4.220211216887862
4,0.0017256304323646236,64,4.220211277466037
4,0.0017256304323646236,64,4.220211277466037
4,0.0017256304323646236,64,4.220211277466037
4,0.0017256304323646236,64,4.220211277466037
4,0.0016174666742233374,64,4.220211334326864
4,0.0015160826983319608,64,4.220211387693759
4,0.0015160826983319608,64,4.220211387693759
4,0.0015160826983319608,64,4.220211387693759
4,0.0015160826983319608,64,4.220211387693759
4,0.0015160826983319608,64,4.220211387693759
4,0.001421053543056891,64,4.220211437777283
4,0.001421053543056891,64,4.220211437777283
4,0.001421053543056891,64,4.220211437777283
4,0.001421053543056891,64,4.220211437777283
4,0.001421053543056891,64,4.220211437777283
4,0.001421053543056891,64,4.220211437777283
4,0.001421053543056891,64,4.220211437777283
4,0.001421053543056891,64,4.220211437777283
4,0.001421053543056891,64,4.220211437777283
4,0.001421053543056891,64,4.220211437777283
4,0.0013319808836657373,64,4.220211484775807
4,0.0013319808836657373,64,4.220211484775807
4,0.0013319808836657373,64,4.220211484775807
4,0.0012484913627071772,64,4.220211528876163
4,0.0012484913627071772,64,4.220211528876163
4,0.0012484913627071772,64,4.220211528876163
4,0.0011702350250437908,64,4.220211570254259
4,0.0011702350250437908,64,4.220211570254259
4,0.0010968838509781778,64,4.220211609075663
4,0.0010968838509781778,64,4.220211609075663
4,0.0010968838509781778,64,4.220211609075663
4,0.0010968838509781778,64,4.220211609075663
4,0.0010968838509781778,64,4.220211609075663
4,0.0010968838509781778,64,4.220211609075663
4,0.001028130381323781,64,4.220211645496182
4,0.001028130381323781,64,4.220211645496182
4,0.0009636864286572604,64,4.220211679662374
4,0.0009636864286572604,64,4.220211679662374
4,0.0009636864286572604,64,4.220211679662374
4,0.0009032818693504984,64,4.220211711712105
4,0.0009032818693504984,64,4.220211711712105
4,0.0009032818693504984,64,4.220211711712105
4,0.0009032818693504984,64,4.220211711712105
4,0.0009032818693504984,64,4.220211711712105
4,0.0008466635113189044,64,4.220211741775006
4,0.0008466635113189044,64,4.220211741775006
4,0.0007935940327400761,64,4.22021176997294
4,0.0007935940327400761,64,4.22021176997294
4,0.0007935940327400761,64,4.22021176997294
4,0.0007438509872943369,64,4.220211796420468
4,0.0007438509872943369,64,4.220211796420468
4,0.0007438509872943369,64,4.220211796420468
4,0.0007438509872943369,64,4.220211796420468
4,0.0006972258717575121,64,4.220211821225236
4,0.0006972258717575121,64,4.220211821225236
4,0.0006972258717575121,64,4.220211821225236
4,0.0006972258717575121,64,4.220211821225236
4,0.0006972258717575121,64,4.220211821225236
4,0.0006535232520376654,64,4.2202118444884045
4,0.0006535232520376654,64,4.2202118444884045
4,0.0006535232520376654,64,4.2202118444884045
4,0.0006535232520376654,64,4.2202118444884045
4,0.0006535232520376654,64,4.2202118444884045
4,0.0006535232520376654,64,4.2202118444884045
4,0.0006535232520376654,64,4.2202118444884045
4,0.0006535232520376654,64,4.2202118444884045
4,0.0006535232520376654,64,4.2202118444884045
4,0.0006125599439924746,64,4.2202118663050125
4,0.0006125599439924746,64,4.2202118663050125
4,0.0006125599439924746,64,4.2202118663050125
4,0.0005741642455935716,64,4.220211886764321
4,0.0005741642455935716,64,4.220211886764321
4,0.0005741642455935716,64,4.220211886764321
4,0.0005741642455935716,64,4.220211886764321
4,0.0005381752172193701,64,4.2202119059501735
4,0.0005381752172193701,64,4.2202119059501735
4,0.0005381752172193701,64,4.2202119059501735
4,0.0005381752172193701,64,4.2202119059501735
4,0.0005381752172193701,64,4.2202119059501735
4,0.0005381752172193701,64,4.2202119059501735
4,0.0005381752172193701,64,4.2202119059501735
4,0.0005044420070596583,64,4.220211923941314
4,0.0005044420070596583,64,4.220211923941314
4,0.0005044420070596583,64,4.220211923941314
4,0.0005044420070596583,64,4.220211923941314
4,0.00047282321880431997,64,4.220211940811669
4,0.00047282321880431997,64,4.220211940811669
4,0.00047282321880431997,64,4.220211940811669
4,0.00047282321880431997,64,4.220211940811669
4,0.00044318631896577576,64,4.2202119566306635
4,0.00044318631896577576,64,4.2202119566306635
4,0.00044318631896577576,64,4.2202119566306635
4,0.00044318631896577576,64,4.2202119566306635
4,0.4816492891863252,64,4.220211966116018
4,0.4816492891863252,64,4.220211966116018
4,0.4816492891863252,64,4.220211966116018
4,0.4816492891863252,64,4.220211966116018
4,0.4816492891863252,64,4.220211966116018
4,0.4816492891863252,64,4.220211966116018
4,0.00041540708135088687,64,4.220211971463452
4,0.00041540708135088687,64,4.220211971463452
4,0.00041540708135088687,64,4.220211971463452
4,0.0003893690663537568,64,4.220211985371203
4,0.0003893690663537568,64,4.220211985371203
4,0.0003893690663537568,64,4.220211985371203
4,0.0003893690663537568,64,4.220211985371203
4,0.0003649631328868352,64,4.220211998411333
4,0.0003649631328868352,64,4.220211998411333
4,0.0003649631328868352,64,4.220211998411333
4,0.0003420869809045341,64,4.220212010637725
4,0.0003420869809045341,64,4.220212010637725
4,0.0003420869809045341,64,4.220212010637725
4,0.0003206447226017888,64,4.220212022100943
4,0.0003206447226017888,64,4.220212022100943
4,0.0003206447226017888,64,4.220212022100943
4,0.0003206447226017888,64,4.220212022100943
4,0.0003005464804902063,64,4.220212032848444
4,0.0003005464804902063,64,4.220212032848444
4,0.0003005464804902063,64,4.220212032848444
4,0.0003005464804902063,64,4.220212032848444
4,0.0003005464804902063,64,4.220212032848444
4,0.0003005464804902063,64,4.220212032848444
4,0.0003005464804902063,64,4.220212032848444
4,0.0003005464804902063,64,4.220212032848444
4,0.0002817080106670869,64,4.2202120429247385
4,0.0002817080106670869,64,4.2202120429247385
4,0.00026405034969821797,64,4.220212052371611
4,0.00026405034969821797,64,4.220212052371611
4,0.00026405034969821797,64,4.220212052371611
4,0.00026405034969821797,64,4.220212052371611
4,0.00026405034969821797,64,4.220212052371611
4,0.00024749948363430473,64,4.220212061228244
4,0.00024749948363430473,64,4.220212061228244
4,0.00024749948363430473,64,4.220212061228244
4,0.00024749948363430473,64,4.220212061228244
4,0.00024749948363430473,64,4.220212061228244
4,0.00024749948363430473,64,4.220212061228244
4,0.00024749948363430473,64,4.220212061228244
4,0.00024749948363430473,64,4.220212061228244
4,0.00024749948363430473,64,4.220212061228244
4,0.00024749948363430473,64,4.220212061228244
4,0.00023198603777369232,64,4.2202120695314065
4,0.00023198603777369232,64,4.2202120695314065
4,0.00023198603777369232,64,4.2202120695314065
4,0.00023198603777369232,64,4.2202120695314065
4,0.0002038153775726666,64,4.220212084613148
4,0.0002038153775726666,64,4.220212084613148
4,0.0002038153775726666,64,4.220212084613148
4,0.0002038153775726666,64,4.220212084613148
4,0.0002038153775726666,64,4.220212084613148
4,0.0002038153775726666,64,4.220212084613148
4,0.0002038153775726666,64,4.220212084613148
4,0.00019104008293728184,64,4.220212091454419
4,0.00019104008293728184,64,4.220212091454419
4,0.00019104008293728184,64,4.220212091454419
4,0.00019104008293728184,64,4.220212091454419
4,0.00019104008293728184,64,4.220212091454419
4,0.00019104008293728184,64,4.220212091454419
4,0.00019104008293728184,64,4.220212091454419
4,0.00019104008293728184,64,4.220212091454419
4,0.00019104008293728184,64,4.220212091454419
4,0.00019104008293728184,64,4.220212091454419
4,0.00017906555296923774,64,4.220212097867873
4,0.00017906555296923774,64,4.220212097867873
4,0.00017906555296923774,64,4.220212097867873
4,0.00017906555296923774,64,4.220212097867873
4,0.00017906555296923774,64,4.220212097867873
4,0.00017906555296923774,64,4.220212097867873
4,0.00016784159516254819,64,4.2202121038802
4,0.00016784159516254819,64,4.2202121038802
4,0.00016784159516254819,64,4.2202121038802
4,0.00016784159516254819,64,4.2202121038802
4,0.00016784159516254819,64,4.2202121038802
4,0.00016784159516254819,64,4.2202121038802
4,0.0001573211631136461,64,4.220212109516438
4,0.0001573211631136461,64,4.220212109516438
4,0.0001573211631136461,64,4.220212109516438
4,0.0001573211631136461,64,4.220212109516438
4,0.00014746015932141904,64,4.2202121148000655
4,0.00014746015932141904,64,4.2202121148000655
4,0.00014746015932141904,64,4.2202121148000655
4,0.00014746015932141904,64,4.2202121148000655
4,0.00014746015932141904,64,4.2202121148000655
4,0.00014746015932141904,64,4.2202121148000655
4,0.00014746015932141904,64,4.2202121148000655
4,0.00014746015932141904,64,4.2202121148000655
4,0.00013821725034787873,64,4.220212119753111
4,0.00012955369356469471,64,4.220212124396216
4,0.00012955369356469471,64,4.220212124396216
4,0.00012143317475937916,64,4.2202121287487415
4,0.00012143317475937916,64,4.2202121287487415
4,0.00012143317475937916,64,4.2202121287487415
4,0.00012143317475937916,64,4.2202121287487415
4,0.00011382165592043307,64,4.220212132828854
4,0.00011382165592043307,64,4.220212132828854
4,0.00010668723256342958,64,4.220212136653577
4,0.00010668723256342958,64,4.220212136653577
4,0.00010668723256342958,64,4.220212136653577
4,0.00010668723256342958,64,4.220212136653577
4,0.00010668723256342958,64,4.220212136653577
4,0.0001,64,4.2202121402388695
4,0.0001,64,4.2202121402388695
4,0.0001,64,4.2202121402388695
4,0.0001,64,4.2202121402388695
4,0.0001,64,4.2202121402388695
4,0.0001,64,4.2202121402388695
4,0.5138582972943202,64,4.220217310012712
4,0.5138582972943202,64,4.220217310012712
4,0.5138582972943202,64,4.220217310012712
4,0.5138582972943202,64,4.220217310012712
4,0.5138582972943202,64,4.220217310012712
4,0.5138582972943202,64,4.220217310012712
4,0.5138582972943202,64,4.220217310012712
4,0.5138582972943202,64,4.220217310012712
4,0.5482211966808708,64,4.2202231458156945
4,0.5482211966808708,64,4.2202231458156945
4,0.5482211966808708,64,4.2202231458156945
4,0.5482211966808708,64,4.2202231458156945
4,0.5848820230649372,64,4.220229487097822
4,0.5848820230649372,64,4.220229487097822
4,0.5848820230649372,64,4.220229487097822
4,0.5848820230649372,64,4.220229487097822
4,0.5848820230649372,64,4.220229487097822
4,0.5848820230649372,64,4.220229487097822
4,0.5848820230649372,64,4.220229487097822
4,0.5848820230649372,64,4.220229487097822
4,0.6239944441689813,64,4.220236345593296
4,0.6239944441689813,64,4.220236345593296
4,0.6239944441689813,64,4.220236345593296
4,0.6239944441689813,64,4.220236345593296
4,0.6239944441689813,64,4.220236345593296
4,0.6239944441689813,64,4.220236345593296
4,0.6657224038334415,64,4.220243730994805
4,0.6657224038334415,64,4.220243730994805
4,0.6657224038334415,64,4.220243730994805
4,0.6657224038334415,64,4.220243730994805
4,0.6657224038334415,64,4.220243730994805
4,0.6657224038334415,64,4.220243730994805
4,0.7102408092046375,64,4.220251650756776
4,0.7102408092046375,64,4.220251650756776
4,0.7102408092046375,64,4.220251650756776
4,0.7577362638765357,64,4.220260109908075
4,0.7577362638765357,64,4.220260109908075
4,0.7577362638765357,64,4.220260109908075
4,0.7577362638765357,64,4.220260109908075
4,0.7577362638765357,64,4.220260109908075
4,0.7577362638765357,64,4.220260109908075
4,0.8084078500594021,64,4.220269110877572
4,0.8084078500594021,64,4.220269110877572
4,0.8084078500594021,64,4.220269110877572
4,0.8624679630538962,64,4.220278653336221
4,0.8624679630538962,64,4.220278653336221
4,0.8624679630538962,64,4.220278653336221
4,0.8624679630538962,64,4.220278653336221
4,0.8624679630538962,64,4.220278653336221
4,0.8624679630538962,64,4.220278653336221
4,0.8624679630538962,64,4.220278653336221
4,0.8624679630538962,64,4.220278653336221
4,0.920143201528384,64,4.220288734059363
4,0.920143201528384,64,4.220288734059363
4,0.920143201528384,64,4.220288734059363
4,0.920143201528384,64,4.220288734059363
4,0.920143201528384,64,4.220288734059363
4,0.920143201528384,64,4.220288734059363
4,0.920143201528384,64,4.220288734059363
4,0.920143201528384,64,4.220288734059363
4,0.920143201528384,64,4.220288734059363
4,0.9816753173311735,64,4.220299346812857
4,0.9816753173311735,64,4.220299346812857
4,0.9816753173311735,64,4.220299346812857
4,0.9816753173311735,64,4.220299346812857
4,0.9816753173311735,64,4.220299346812857
4,0.9816753173311735,64,4.220299346812857
4,1.0473222288188955,64,4.220310482266614
4,1.0473222288188955,64,4.220310482266614
4,1.0473222288188955,64,4.220310482266614
4,1.0473222288188955,64,4.220310482266614
4,1.0473222288188955,64,4.220310482266614
4,1.0473222288188955,64,4.220310482266614
4,1.1173591019485078,64,4.220322127938765
4,1.1173591019485078,64,4.220322127938765
4,1.1173591019485078,64,4.220322127938765
4,1.1173591019485078,64,4.220322127938765
4,1.1173591019485078,64,4.220322127938765
4,1.1173591019485078,64,4.220322127938765
4,1.1173591019485078,64,4.220322127938765
4,1.1173591019485078,64,4.220322127938765
4,1.1173591019485078,64,4.220322127938765
4,1.1173591019485078,64,4.220322127938765
4,1.1173591019485078,64,4.220322127938765
4,1.192079503664454,64,4.220334268173388
4,1.2717966324154717,64,4.220346884154185
4,1.2717966324154717,64,4.220346884154185
4,1.2717966324154717,64,4.220346884154185
4,1.2717966324154717,64,4.220346884154185
4,1.2717966324154717,64,4.220346884154185
4,1.2717966324154717,64,4.220346884154185
4,1.356844630958961,64,4.220359953955912
4,1.356844630958961,64,4.220359953955912
4,1.356844630958961,64,4.220359953955912
4,1.356844630958961,64,4.220359953955912
4,1.356844630958961,64,4.220359953955912
4,1.356844630958961,64,4.220359953955912
4,1.356844630958961,64,4.220359953955912
4,1.447579986955596,64,4.220373452634693
4,1.447579986955596,64,4.220373452634693
4,1.447579986955596,64,4.220373452634693
4,1.447579986955596,64,4.220373452634693
4,1.5443830272249786,64,4.220387352357527
4,1.5443830272249786,64,4.220387352357527
4,1.5443830272249786,64,4.220387352357527
4,1.5443830272249786,64,4.220387352357527
4,1.5443830272249786,64,4.220387352357527
4,1.6476595119256485,64,4.220401622570454
4,1.6476595119256485,64,4.220401622570454
4,1.6476595119256485,64,4.220401622570454
4,1.6476595119256485,64,4.220401622570454
4,1.6476595119256485,64,4.220401622570454
4,1.7578423353415833,64,4.220416230203984
4,1.7578423353415833,64,4.220416230203984
4,1.7578423353415833,64,4.220416230203984
4,1.7578423353415833,64,4.220416230203984
4,1.7578423353415833,64,4.220416230203984
4,1.8753933404042986,64,4.220431139913469
4,1.8753933404042986,64,4.220431139913469
4,1.8753933404042986,64,4.220431139913469
4,1.8753933404042986,64,4.220431139913469
4,2.0008052545562065,64,4.220446314351255
4,2.0008052545562065,64,4.220446314351255
4,2.0008052545562065,64,4.220446314351255
4,2.0008052545562065,64,4.220446314351255
4,2.0008052545562065,64,4.220446314351255
4,2.134603755069697,64,4.220461714466605
4,2.134603755069697,64,4.220461714466605
4,2.134603755069697,64,4.220461714466605
4,2.134603755069697,64,4.220461714466605
4,2.134603755069697,64,4.220461714466605
4,2.2773496724789104,64,4.220477299828689
4,2.2773496724789104,64,4.220477299828689
4,2.2773496724789104,64,4.220477299828689
4,2.2773496724789104,64,4.220477299828689
4,2.429641341360074,64,4.220493028967289
4,2.429641341360074,64,4.220493028967289
4,2.429641341360074,64,4.220493028967289
4,2.429641341360074,64,4.220493028967289
4,2.429641341360074,64,4.220493028967289
4,2.429641341360074,64,4.220493028967289
4,2.592117108314055,64,4.220508859725442
4,2.592117108314055,64,4.220508859725442
4,2.592117108314055,64,4.220508859725442
4,2.592117108314055,64,4.220508859725442
4,2.592117108314055,64,4.220508859725442
4,2.7654580076634643,64,4.220524749617878
4,2.7654580076634643,64,4.220524749617878
4,2.7654580076634643,64,4.220524749617878
4,2.7654580076634643,64,4.220524749617878
4,2.7654580076634643,64,4.220524749617878
4,2.950390616079903,64,4.2205406561890495
4,2.950390616079903,64,4.2205406561890495
4,2.950390616079903,64,4.2205406561890495
4,2.950390616079903,64,4.2205406561890495
4,2.950390616079903,64,4.2205406561890495
4,2.950390616079903,64,4.2205406561890495
4,2.950390616079903,64,4.2205406561890495
4,3.147690098106772,64,4.220556537364519
4,3.147690098106772,64,4.220556537364519
4,3.147690098106772,64,4.220556537364519
4,3.147690098106772,64,4.220556537364519
4,3.147690098106772,64,4.220556537364519
4,3.147690098106772,64,4.220556537364519
4,3.147690098106772,64,4.220556537364519
4,3.147690098106772,64,4.220556537364519
4,3.358183455343213,64,4.220572351789789
4,3.358183455343213,64,4.220572351789789
4,3.358183455343213,64,4.220572351789789
4,3.358183455343213,64,4.220572351789789
4,3.358183455343213,64,4.220572351789789
4,3.358183455343213,64,4.220572351789789
4,3.358183455343213,64,4.220572351789789
4,3.582752992908632,64,4.220588059150965
4,3.582752992908632,64,4.220588059150965
4,3.582752992908632,64,4.220588059150965
4,3.582752992908632,64,4.220588059150965
4,3.582752992908632,64,4.220588059150965
4,3.582752992908632,64,4.220588059150965
4,3.582752992908632,64,4.220588059150965
4,3.8223400177176696,64,4.220603620472273
4,3.8223400177176696,64,4.220603620472273
4,3.8223400177176696,64,4.220603620472273
4,4.077948784067481,64,4.2206189983860884
4,4.077948784067481,64,4.2206189983860884
4,4.077948784067481,64,4.2206189983860884
4,4.077948784067481,64,4.2206189983860884
4,4.350650703075626,64,4.220634157371926
4,4.350650703075626,64,4.220634157371926
4,4.641588833612782,64,4.220649063961692
4,4.641588833612782,64,4.220649063961692
4,4.641588833612782,64,4.220649063961692
4,4.641588833612782,64,4.220649063961692
4,4.9519826735546415,64,4.220663686909386
4,4.9519826735546415,64,4.220663686909386
4,4.9519826735546415,64,4.220663686909386
4,4.9519826735546415,64,4.220663686909386
4,4.9519826735546415,64,4.220663686909386
4,5.283133271435983,64,4.2206779973243185
4,5.283133271435983,64,4.2206779973243185
4,5.283133271435983,64,4.2206779973243185
4,5.283133271435983,64,4.2206779973243185
4,5.283133271435983,64,4.2206779973243185
4,5.283133271435983,64,4.2206779973243185
4,5.283133271435983,64,4.2206779973243185
4,5.283133271435983,64,4.2206779973243185
4,5.283133271435983,64,4.2206779973243185
4,5.283133271435983,64,4.2206779973243185
4,5.636428679932827,64,4.220691968767789
4,5.636428679932827,64,4.220691968767789
4,5.636428679932827,64,4.220691968767789
4,6.013349774031784,64,4.22070557731394
4,6.013349774031784,64,4.22070557731394
4,6.013349774031784,64,4.22070557731394
4,6.415476458273763,64,4.220718801576286
4,6.415476458273763,64,4.220718801576286
4,6.415476458273763,64,4.220718801576286
4,6.415476458273763,64,4.220718801576286
4,6.415476458273763,64,4.220718801576286
4,6.415476458273763,64,4.220718801576286
4,6.844494289090598,64,4.220731622701962
4,6.844494289090598,64,4.220731622701962
4,6.844494289090598,64,4.220731622701962
4,7.3022015399927485,64,4.2207440243363665
4,7.3022015399927485,64,4.2207440243363665
4,7.3022015399927485,64,4.2207440243363665
4,7.3022015399927485,64,4.2207440243363665
4,7.3022015399927485,64,4.2207440243363665
4,7.3022015399927485,64,4.2207440243363665
4,7.3022015399927485,64,4.2207440243363665
4,7.3022015399927485,64,4.2207440243363665
4,7.790516739222392,64,4.220755992561175
4,7.790516739222392,64,4.220755992561175
4,7.790516739222392,64,4.220755992561175
4,8.311486711467111,64,4.2207675158090865
4,8.867295157341472,64,4.220778584758793
4,8.867295157341472,64,4.220778584758793
4,8.867295157341472,64,4.220778584758793
4,8.867295157341472,64,4.220778584758793
4,8.867295157341472,64,4.220778584758793
4,8.867295157341472,64,4.220778584758793
4,8.867295157341472,64,4.220778584758793
4,8.867295157341472,64,4.220778584758793
4,9.460271806598614,64,4.220789192213767
4,9.460271806598614,64,4.220789192213767
4,9.460271806598614,64,4.220789192213767
4,9.460271806598614,64,4.220789192213767
4,9.460271806598614,64,4.220789192213767
4,9.460271806598614,64,4.220789192213767
4,10.092902183438433,64,4.220799332968463
4,10.092902183438433,64,4.220799332968463
4,10.092902183438433,64,4.220799332968463
4,10.092902183438433,64,4.220799332968463
4,10.092902183438433,64,4.220799332968463
4,10.092902183438433,64,4.220799332968463
4,10.092902183438433,64,4.220799332968463
4,10.767838024844412,64,4.2208090036654164
4,10.767838024844412,64,4.2208090036654164
4,10.767838024844412,64,4.2208090036654164
4,10.767838024844412,64,4.2208090036654164
4,10.767838024844412,64,4.2208090036654164
4,10.767838024844412,64,4.2208090036654164
4,10.767838024844412,64,4.2208090036654164
4,11.48790839561917,64,4.220818202646596
4,11.48790839561917,64,4.220818202646596
4,11.48790839561917,64,4.220818202646596
4,11.48790839561917,64,4.220818202646596
4,11.48790839561917,64,4.220818202646596
4,11.48790839561917,64,4.220818202646596
4,11.48790839561917,64,4.220818202646596
4,11.48790839561917,64,4.220818202646596
4,11.48790839561917,64,4.220818202646596
4,11.48790839561917,64,4.220818202646596
4,12.256131546707989,64,4.220826929802162
4,12.256131546707989,64,4.220826929802162
4,13.075727566516196,64,4.220835186419528
4,13.075727566516196,64,4.220835186419528
4,13.075727566516196,64,4.220835186419528
4,13.075727566516196,64,4.220835186419528
4,13.075727566516196,64,4.220835186419528
4,13.075727566516196,64,4.220835186419528
4,13.950131878249618,64,4.220842975035396
4,13.950131878249618,64,4.220842975035396
4,13.950131878249618,64,4.220842975035396
4,13.950131878249618,64,4.220842975035396
4,13.950131878249618,64,4.220842975035396
4,14.883009639853281,64,4.220850299293151
4,14.883009639853281,64,4.220850299293151
4,14.883009639853281,64,4.220850299293151
4,14.883009639853281,64,4.220850299293151
4,14.883009639853281,64,4.220850299293151
4,14.883009639853281,64,4.220850299293151
4,14.883009639853281,64,4.220850299293151
4,14.883009639853281,64,4.220850299293151
4,15.878271106907928,64,4.220857163807747
4,15.878271106907928,64,4.220857163807747
4,15.878271106907928,64,4.220857163807747
4,15.878271106907928,64,4.220857163807747
4,15.878271106907928,64,4.220857163807747
4,15.878271106907928,64,4.220857163807747
4,15.878271106907928,64,4.220857163807747
4,15.878271106907928,64,4.220857163807747
4,15.878271106907928,64,4.220857163807747
4,16.940088022878722,64,4.220863574039969
4,16.940088022878722,64,4.220863574039969
4,16.940088022878722,64,4.220863574039969
4,16.940088022878722,64,4.220863574039969
4,16.940088022878722,64,4.220863574039969
4,18.07291110541828,64,4.220869536181709
4,18.07291110541828,64,4.220869536181709
4,18.07291110541828,64,4.220869536181709
4,18.07291110541828,64,4.220869536181709
4,18.07291110541828,64,4.220869536181709
4,18.07291110541828,64,4.220869536181709
4,18.07291110541828,64,4.220869536181709
4,19.281488702019512,64,4.220875057053723
4,19.281488702019512,64,4.220875057053723
4,19.281488702019512,64,4.220875057053723
4,19.281488702019512,64,4.220875057053723
4,19.281488702019512,64,4.220875057053723
4,20.570886693214934,64,4.220880144017123
4,20.570886693214934,64,4.220880144017123
4,20.570886693214934,64,4.220880144017123
4,20.570886693214934,64,4.220880144017123
4,20.570886693214934,64,4.220880144017123
4,20.570886693214934,64,4.220880144017123
4,21.946509726749827,64,4.220884804899743
4,21.946509726749827,64,4.220884804899743
4,21.946509726749827,64,4.220884804899743
4,23.414123871733302,64,4.220889047938403
4,23.414123871733302,64,4.220889047938403
4,23.414123871733302,64,4.220889047938403
4,23.414123871733302,64,4.220889047938403
4,23.414123871733302,64,4.220889047938403
4,24.979880787725563,64,4.220892881738031
4,24.979880787725563,64,4.220892881738031
4,24.979880787725563,64,4.220892881738031
4,24.979880787725563,64,4.220892881738031
4,24.979880787725563,64,4.220892881738031
4,24.979880787725563,64,4.220892881738031
4,24.979880787725563,64,4.220892881738031
4,24.979880787725563,64,4.220892881738031
4,134.43552769048173,64,4.2208963061535005
4,134.43552769048173,64,4.2208963061535005
4,134.43552769048173,64,4.2208963061535005
4,26.65034351006826,64,4.220896315248542
4,26.65034351006826,64,4.220896315248542
4,26.65034351006826,64,4.220896315248542
4,143.42554407501817,64,4.220896545792561
4,143.42554407501817,64,4.220896545792561
4,143.42554407501817,64,4.220896545792561
4,143.42554407501817,64,4.220896545792561
4,143.42554407501817,64,4.220896545792561
4,143.42554407501817,64,4.220896545792561
4,143.42554407501817,64,4.220896545792561
4,143.42554407501817,64,4.220896545792561
4,126.00901200671282,64,4.220896565187251
4,126.00901200671282,64,4.220896565187251
4,118.11067639400605,64,4.220897218523568
4,118.11067639400605,64,4.220897218523568
4,118.11067639400605,64,4.220897218523568
4,153.01674376267866,64,4.220897401390502
4,153.01674376267866,64,4.220897401390502
4,110.70741414515996,64,4.220898173459237
4,110.70741414515996,64,4.220898173459237
4,110.70741414515996,64,4.220898173459237
4,163.24932927907625,64,4.22089900448573
4,163.24932927907625,64,4.22089900448573
4,163.24932927907625,64,4.22089900448573
4,163.24932927907625,64,4.22089900448573
4,163.24932927907625,64,4.22089900448573
4,163.24932927907625,64,4.22089900448573
4,103.7681937052218,64,4.220899347795708
4,103.7681937052218,64,4.220899347795708
4,103.7681937052218,64,4.220899347795708
4,28.432513959539357,64,4.2208993577604215
4,28.432513959539357,64,4.2208993577604215
4,28.432513959539357,64,4.2208993577604215
4,28.432513959539357,64,4.2208993577604215
4,97.26392859944849,64,4.220900668761184
4,97.26392859944849,64,4.220900668761184
4,97.26392859944849,64,4.220900668761184
4,174.16619158620682,64,4.22090150229371
4,174.16619158620682,64,4.22090150229371
4,174.16619158620682,64,4.22090150229371
4,174.16619158620682,64,4.22090150229371
4,30.333862291643364,64,4.220902018919952
4,30.333862291643364,64,4.220902018919952
4,30.333862291643364,64,4.220902018919952
4,30.333862291643364,64,4.220902018919952
4,91.16735551427986,64,4.220902072014604
4,91.16735551427986,64,4.220902072014604
4,85.45292002028222,64,4.220903500728505
4,85.45292002028222,64,4.220903500728505
4,32.36235820855605,64,4.220904308765087
4,32.36235820855605,64,4.220904308765087
4,32.36235820855605,64,4.220904308765087
4,32.36235820855605,64,4.220904308765087
4,32.36235820855605,64,4.220904308765087
4,32.36235820855605,64,4.220904308765087
4,80.09666945806018,64,4.220904904747395
4,80.09666945806018,64,4.220904904747395
4,80.09666945806018,64,4.220904904747395
4,80.09666945806018,64,4.220904904747395
4,80.09666945806018,64,4.220904904747395
4,80.09666945806018,64,4.220904904747395
4,80.09666945806018,64,4.220904904747395
4,80.09666945806018,64,4.220904904747395
4,80.09666945806018,64,4.220904904747395
4,80.09666945806018,64,4.220904904747395
4,185.81308986444498,64,4.220905059219405
4,185.81308986444498,64,4.220905059219405
4,185.81308986444498,64,4.220905059219405
4,185.81308986444498,64,4.220905059219405
4,34.526504364972304,64,4.2209062377830975
4,34.526504364972304,64,4.2209062377830975
4,34.526504364972304,64,4.2209062377830975
4,75.07615253815847,64,4.220906239818037
4,75.07615253815847,64,4.220906239818037
4,75.07615253815847,64,4.220906239818037
4,75.07615253815847,64,4.220906239818037
4,75.07615253815847,64,4.220906239818037
4,70.37032523411159,64,4.22090746688784
4,70.37032523411159,64,4.22090746688784
4,36.8353720078807,64,4.22090781699122
4,36.8353720078807,64,4.22090781699122
4,65.95946257418731,64,4.220908551467522
4,39.29863899965208,64,4.220909058041685
4,39.29863899965208,64,4.220909058041685
4,39.29863899965208,64,4.220909058041685
4,39.29863899965208,64,4.220909058041685
4,39.29863899965208,64,4.220909058041685
4,61.82507596208572,64,4.22090946305414
4,61.82507596208572,64,4.22090946305414
4,61.82507596208572,64,4.22090946305414
4,61.82507596208572,64,4.22090946305414
4,61.82507596208572,64,4.22090946305414
4,61.82507596208572,64,4.22090946305414
4,198.238843316975,64,4.220909858455951
4,198.238843316975,64,4.220909858455951
4,41.92663038382149,64,4.220909973352649
4,41.92663038382149,64,4.220909973352649
4,41.92663038382149,64,4.220909973352649
4,41.92663038382149,64,4.220909973352649
4,41.92663038382149,64,4.220909973352649
4,57.94983568003634,64,4.220910174610669
4,57.94983568003634,64,4.220910174610669
4,57.94983568003634,64,4.220910174610669
4,57.94983568003634,64,4.220910174610669
4,44.73036166359721,64,4.220910576266782
4,44.73036166359721,64,4.220910576266782
4,44.73036166359721,64,4.220910576266782
4,54.31749824945833,64,4.220910662098394
4,54.31749824945833,64,4.220910662098394
4,54.31749824945833,64,4.220910662098394
4,54.31749824945833,64,4.220910662098394
4,54.31749824945833,64,4.220910662098394
4,47.72158497450504,64,4.220910881239433
4,47.72158497450504,64,4.220910881239433
4,47.72158497450504,64,4.220910881239433
4,47.72158497450504,64,4.220910881239433
4,47.72158497450504,64,4.220910881239433
4,47.72158497450504,64,4.220910881239433
4,47.72158497450504,64,4.220910881239433
4,50.912838344704916,64,4.220910904058499
4,50.912838344704916,64,4.220910904058499
4,50.912838344704916,64,4.220910904058499
4,211.49553580063366,64,4.220916103666832
4,211.49553580063366,64,4.220916103666832
4,211.49553580063366,64,4.220916103666832
4,225.63873414089372,64,4.220924020747647
4,225.63873414089372,64,4.220924020747647
4,240.72772104607358,64,4.220933859662105
4,240.72772104607358,64,4.220933859662105
4,240.72772104607358,64,4.220933859662105
4,240.72772104607358,64,4.220933859662105
4,256.82574359706877,64,4.220945896345541
4,256.82574359706877,64,4.220945896345541
4,256.82574359706877,64,4.220945896345541
4,256.82574359706877,64,4.220945896345541
4,256.82574359706877,64,4.220945896345541
4,256.82574359706877,64,4.220945896345541
4,274.0002783541624,64,4.220960434667757
4,274.0002783541624,64,4.220960434667757
4,274.0002783541624,64,4.220960434667757
4,292.3233141921493,64,4.220977808445481
4,292.3233141921493,64,4.220977808445481
4,292.3233141921493,64,4.220977808445481
4,292.3233141921493,64,4.220977808445481
4,292.3233141921493,64,4.220977808445481
4,292.3233141921493,64,4.220977808445481
4,311.8716540493036,64,4.220998383493351
4,311.8716540493036,64,4.220998383493351
4,311.8716540493036,64,4.220998383493351
4,332.72723685499466,64,4.221022559700824
4,332.72723685499466,64,4.221022559700824
4,332.72723685499466,64,4.221022559700824
4,332.72723685499466,64,4.221022559700824
4,332.72723685499466,64,4.221022559700824
4,332.72723685499466,64,4.221022559700824
4,332.72723685499466,64,4.221022559700824
4,354.9774809853617,64,4.221050773121136
4,354.9774809853617,64,4.221050773121136
4,354.9774809853617,64,4.221050773121136
4,354.9774809853617,64,4.221050773121136
4,354.9774809853617,64,4.221050773121136
4,354.9774809853617,64,4.221050773121136
4,378.7156506866572,64,4.221083498057161
4,378.7156506866572,64,4.221083498057161
4,404.0412470021791,64,4.221121249127934
4,404.0412470021791,64,4.221121249127934
4,404.0412470021791,64,4.221121249127934
4,404.0412470021791,64,4.221121249127934
4,431.0604248413962,64,4.221164583298609
4,431.0604248413962,64,4.221164583298609
4,431.0604248413962,64,4.221164583298609
4,459.88643793944743,64,4.221214101855888
4,459.88643793944743,64,4.221214101855888
4,459.88643793944743,64,4.221214101855888
4,459.88643793944743,64,4.221214101855888
4,459.88643793944743,64,4.221214101855888
4,490.640113572131,64,4.221270452310282
4,490.640113572131,64,4.221270452310282
4,490.640113572131,64,4.221270452310282
4,490.640113572131,64,4.221270452310282
4,490.640113572131,64,4.221270452310282
4,490.640113572131,64,4.221270452310282
4,523.4503590161748,64,4.221334330206212
4,523.4503590161748,64,4.221334330206212
4,523.4503590161748,64,4.221334330206212
4,523.4503590161748,64,4.221334330206212
4,523.4503590161748,64,4.221334330206212
4,558.454701877693,64,4.22140648082066
4,558.454701877693,64,4.22140648082066
4,558.454701877693,64,4.22140648082066
4,558.454701877693,64,4.22140648082066
4,558.454701877693,64,4.22140648082066
4,558.454701877693,64,4.22140648082066
4,558.454701877693,64,4.22140648082066
4,558.454701877693,64,4.22140648082066
4,595.7998665536622,64,4.221487700731082
4,595.7998665536622,64,4.221487700731082
4,595.7998665536622,64,4.221487700731082
4,595.7998665536622,64,4.221487700731082
4,595.7998665536622,64,4.221487700731082
4,595.7998665536622,64,4.221487700731082
4,635.6423892427093,64,4.2215788392334375
4,635.6423892427093,64,4.2215788392334375
4,635.6423892427093,64,4.2215788392334375
4,635.6423892427093,64,4.2215788392334375
4,678.1492740831088,64,4.221680799591502
4,678.1492740831088,64,4.221680799591502
4,678.1492740831088,64,4.221680799591502
4,678.1492740831088,64,4.221680799591502
4,678.1492740831088,64,4.221680799591502
4,723.4986931682564,64,4.221794540099278
4,723.4986931682564,64,4.221794540099278
4,723.4986931682564,64,4.221794540099278
4,723.4986931682564,64,4.221794540099278
4,723.4986931682564,64,4.221794540099278
4,771.8807333737907,64,4.221921074939087
4,771.8807333737907,64,4.221921074939087
4,771.8807333737907,64,4.221921074939087
4,771.8807333737907,64,4.221921074939087
4,771.8807333737907,64,4.221921074939087
4,823.4981931268027,64,4.22206147481911
4,823.4981931268027,64,4.22206147481911
4,823.4981931268027,64,4.22206147481911
4,823.4981931268027,64,4.22206147481911
4,878.5674324568332,64,4.222216867375659
4,878.5674324568332,64,4.222216867375659
4,878.5674324568332,64,4.222216867375659
4,878.5674324568332,64,4.222216867375659
4,878.5674324568332,64,4.222216867375659
4,878.5674324568332,64,4.222216867375659
4,937.3192798917728,64,4.222388437327474
4,937.3192798917728,64,4.222388437327474
4,937.3192798917728,64,4.222388437327474
4,937.3192798917728,64,4.222388437327474
4,937.3192798917728,64,4.222388437327474
4,937.3192798917728,64,4.222388437327474
4,1000.0,64,4.222577426372057
5,0.0001,64,4.260199336609466
5,0.0001,64,4.260199336609466
5,0.00010668723256342958,64,4.260199336615456
5,0.00010668723256342958,64,4.260199336615456
5,0.00010668723256342958,64,4.260199336615456
5,0.00010668723256342958,64,4.260199336615456
5,0.00011382165592043307,64,4.260199336622074
5,0.00011382165592043307,64,4.260199336622074
5,0.00011382165592043307,64,4.260199336622074
5,0.00011382165592043307,64,4.260199336622074
5,0.00012143317475937916,64,4.260199336629417
5,0.00012143317475937916,64,4.260199336629417
5,0.00012143317475937916,64,4.260199336629417
5,0.00012143317475937916,64,4.260199336629417
5,0.00012955369356469471,64,4.260199336637555
5,0.00012955369356469471,64,4.260199336637555
5,0.00012955369356469471,64,4.260199336637555
5,0.00012955369356469471,64,4.260199336637555
5,0.00012955369356469471,64,4.260199336637555
5,0.00013821725034787873,64,4.260199336646586
5,0.00013821725034787873,64,4.260199336646586
5,0.00013821725034787873,64,4.260199336646586
5,0.00013821725034787873,64,4.260199336646586
5,0.00014746015932141904,64,4.2601993366566235
5,0.00014746015932141904,64,4.2601993366566235
5,0.00014746015932141904,64,4.2601993366566235
5,0.00014746015932141904,64,4.2601993366566235
5,0.0001573211631136461,64,4.260199336667789
5,0.0001573211631136461,64,4.260199336667789
5,0.0001573211631136461,64,4.260199336667789
5,0.0001573211631136461,64,4.260199336667789
5,0.00016784159516254819,64,4.260199336680214
5,0.00016784159516254819,64,4.260199336680214
5,0.00016784159516254819,64,4.260199336680214
5,0.00016784159516254819,64,4.260199336680214
5,0.00016784159516254819,64,4.260199336680214
5,0.00016784159516254819,64,4.260199336680214
5,0.00016784159516254819,64,4.260199336680214
5,0.00016784159516254819,64,4.260199336680214
5,0.00017906555296923774,64,4.26019933669406
5,0.00017906555296923774,64,4.26019933669406
5,0.00017906555296923774,64,4.26019933669406
5,0.00017906555296923774,64,4.26019933669406
5,0.00019104008293728184,64,4.260199336709507
5,0.00019104008293728184,64,4.260199336709507
5,0.00019104008293728184,64,4.260199336709507
5,0.00019104008293728184,64,4.260199336709507
5,0.00019104008293728184,64,4.260199336709507
5,0.0002038153775726666,64,4.26019933672674
5,0.0002038153775726666,64,4.26019933672674
5,0.0002038153775726666,64,4.26019933672674
5,0.0002038153775726666,64,4.26019933672674
5,0.0002174449858709829,64,4.26019933674599
5,0.0002174449858709829,64,4.26019933674599
5,0.0002174449858709829,64,4.26019933674599
5,0.0002174449858709829,64,4.26019933674599
5,0.0002174449858709829,64,4.26019933674599
5,0.00023198603777369232,64,4.260199336767516
5,0.00023198603777369232,64,4.260199336767516
5,0.00024749948363430473,64,4.26019933679162
5,0.00024749948363430473,64,4.26019933679162
5,0.00026405034969821797,64,4.260199336818605
5,0.00026405034969821797,64,4.260199336818605
5,0.00026405034969821797,64,4.260199336818605
5,0.00026405034969821797,64,4.260199336818605
5,0.00026405034969821797,64,4.260199336818605
5,0.0002817080106670869,64,4.260199336848843
5,0.0002817080106670869,64,4.260199336848843
5,0.0002817080106670869,64,4.260199336848843
5,0.0002817080106670869,64,4.260199336848843
5,0.0003005464804902063,64,4.260199336882762
5,0.0003005464804902063,64,4.260199336882762
5,0.0003005464804902063,64,4.260199336882762
5,0.0003005464804902063,64,4.260199336882762
5,0.0003005464804902063,64,4.260199336882762
5,0.0003005464804902063,64,4.260199336882762
5,0.0003206447226017888,64,4.260199336920834
5,0.0003206447226017888,64,4.260199336920834
5,0.0003420869809045341,64,4.260199336963593
5,0.0003420869809045341,64,4.260199336963593
5,0.0003420869809045341,64,4.260199336963593
5,0.0003420869809045341,64,4.260199336963593
5,0.0003420869809045341,64,4.260199336963593
5,0.0003649631328868352,64,4.260199337011646
5,0.0003649631328868352,64,4.260199337011646
5,0.0003649631328868352,64,4.260199337011646
5,0.0003649631328868352,64,4.260199337011646
5,0.0003649631328868352,64,4.260199337011646
5,0.0003649631328868352,64,4.260199337011646
5,0.0003893690663537568,64,4.260199337065692
5,0.00041540708135088687,64,4.260199337126507
5,0.00041540708135088687,64,4.260199337126507
5,0.00041540708135088687,64,4.260199337126507
5,0.00041540708135088687,64,4.260199337126507
5,0.00041540708135088687,64,4.260199337126507
5,0.00044318631896577576,64,4.2601993371949805
5,0.00047282321880431997,64,4.260199337272121
5,0.00047282321880431997,64,4.260199337272121
5,0.00047282321880431997,64,4.260199337272121
5,0.00047282321880431997,64,4.260199337272121
5,0.0005044420070596583,64,4.260199337359069
5,0.0005044420070596583,64,4.260199337359069
5,0.0005044420070596583,64,4.260199337359069
5,0.0005044420070596583,64,4.260199337359069
5,0.0005381752172193701,64,4.260199337457122
5,0.0005381752172193701,64,4.260199337457122
5,0.0005381752172193701,64,4.260199337457122
5,0.0005381752172193701,64,4.260199337457122
5,0.0005741642455935716,64,4.260199337567748
5,0.0005741642455935716,64,4.260199337567748
5,0.0005741642455935716,64,4.260199337567748
5,0.0006125599439924746,64,4.260199337692609
5,0.0006125599439924746,64,4.260199337692609
5,0.0006125599439924746,64,4.260199337692609
5,0.0006125599439924746,64,4.260199337692609
5,0.0006125599439924746,64,4.260199337692609
5,0.0006125599439924746,64,4.260199337692609
5,0.0006125599439924746,64,4.260199337692609
5,0.0006535232520376654,64,4.260199337833621
5,0.0006535232520376654,64,4.260199337833621
5,0.0006535232520376654,64,4.260199337833621
5,0.0006535232520376654,64,4.260199337833621
5,0.0006535232520376654,64,4.260199337833621
5,0.0006535232520376654,64,4.260199337833621
5,0.0006972258717575121,64,4.260199337992908
5,0.0006972258717575121,64,4.260199337992908
5,0.0006972258717575121,64,4.260199337992908
5,0.0006972258717575121,64,4.260199337992908
5,0.0006972258717575121,64,4.260199337992908
5,0.0006972258717575121,64,4.260199337992908
5,0.0007438509872943369,64,4.260199338172929
5,0.0007438509872943369,64,4.260199338172929
5,0.0007438509872943369,64,4.260199338172929
5,0.0007438509872943369,64,4.260199338172929
5,0.0007438509872943369,64,4.260199338172929
5,0.0007935940327400761,64,4.260199338376441
5,0.0007935940327400761,64,4.260199338376441
5,0.0008466635113189044,64,4.260199338606597
5,0.0008466635113189044,64,4.260199338606597
5,0.0008466635113189044,64,4.260199338606597
5,0.0008466635113189044,64,4.260199338606597
5,0.0008466635113189044,64,4.260199338606597
5,0.0008466635113189044,64,4.260199338606597
5,0.0009032818693504984,64,4.260199338866973
5,0.0009032818693504984,64,4.260199338866973
5,0.0009032818693504984,64,4.260199338866973
5,0.0009032818693504984,64,4.260199338866973
5,0.0009032818693504984,64,4.260199338866973
5,0.0009032818693504984,64,4.260199338866973
5,0.0009636864286572604,64,4.260199339161618
5,0.0009636864286572604,64,4.260199339161618
5,0.0009636864286572604,64,4.260199339161618
5,0.0009636864286572604,64,4.260199339161618
5,0.0009636864286572604,64,4.260199339161618
5,0.0009636864286572604,64,4.260199339161618
5,0.0009636864286572604,64,4.260199339161618
5,0.0009636864286572604,64,4.260199339161618
5,0.001028130381323781,64,4.2601993394951405
5,0.001028130381323781,64,4.2601993394951405
5,0.001028130381323781,64,4.2601993394951405
5,0.001028130381323781,64,4.2601993394951405
5,0.001028130381323781,64,4.2601993394951405
5,0.001028130381323781,64,4.2601993394951405
5,0.001028130381323781,64,4.2601993394951405
5,0.0010968838509781778,64,4.260199339872763
5,0.0010968838509781778,64,4.260199339872763
5,0.0011702350250437908,64,4.260199340300422
5,0.0011702350250437908,64,4.260199340300422
5,0.0011702350250437908,64,4.260199340300422
5,0.0011702350250437908,64,4.260199340300422
5,0.0011702350250437908,64,4.260199340300422
5,0.0011702350250437908,64,4.260199340300422
5,0.0011702350250437908,64,4.260199340300422
5,0.0012484913627071772,64,4.260199340784868
5,0.0012484913627071772,64,4.260199340784868
5,0.0012484913627071772,64,4.260199340784868
5,0.0013319808836657373,64,4.26019934133375
5,0.0013319808836657373,64,4.26019934133375
5,0.0013319808836657373,64,4.26019934133375
5,0.0013319808836657373,64,4.26019934133375
5,0.0013319808836657373,64,4.26019934133375
5,0.0013319808836657373,64,4.26019934133375
5,0.0013319808836657373,64,4.26019934133375
5,0.001421053543056891,64,4.260199341955758
5,0.001421053543056891,64,4.260199341955758
5,0.001421053543056891,64,4.260199341955758
5,0.0015160826983319608,64,4.260199342660766
5,0.0015160826983319608,64,4.260199342660766
5,0.0015160826983319608,64,4.260199342660766
5,0.0015160826983319608,64,4.260199342660766
5,0.0015160826983319608,64,4.260199342660766
5,0.0016174666742233374,64,4.260199343459979
5,0.0016174666742233374,64,4.260199343459979
5,0.0016174666742233374,64,4.260199343459979
5,0.0016174666742233374,64,4.260199343459979
5,0.0016174666742233374,64,4.260199343459979
5,0.0017256304323646236,64,4.2601993443661215
5,0.0017256304323646236,64,4.2601993443661215
5,0.0017256304323646236,64,4.2601993443661215
5,0.0017256304323646236,64,4.2601993443661215
5,0.0017256304323646236,64,4.2601993443661215
5,0.0017256304323646236,64,4.2601993443661215
5,0.0017256304323646236,64,4.2601993443661215
5,0.0018410273525621594,64,4.260199345393633
5,0.0018410273525621594,64,4.260199345393633
5,0.0018410273525621594,64,4.260199345393633
5,0.0018410273525621594,64,4.260199345393633
5,0.0018410273525621594,64,4.260199345393633
5,0.0019641411331843433,64,4.260199346558917
5,0.0019641411331843433,64,4.260199346558917
5,0.0019641411331843433,64,4.260199346558917
5,0.0019641411331843433,64,4.260199346558917
5,0.0020954878186343613,64,4.260199347880586
5,0.0020954878186343613,64,4.260199347880586
5,0.0020954878186343613,64,4.260199347880586
5,0.0020954878186343613,64,4.260199347880586
5,0.0020954878186343613,64,4.260199347880586
5,0.0020954878186343613,64,4.260199347880586
5,0.0020954878186343613,64,4.260199347880586
5,0.0020954878186343613,64,4.260199347880586
5,0.0022356179624047783,64,4.2601993493797625
5,0.002385118934780594,64,4.260199351080441
5,0.002385118934780594,64,4.260199351080441
5,0.002385118934780594,64,4.260199351080441
5,0.002385118934780594,64,4.260199351080441
5,0.002544617384863764,64,4.260199353009815
5,0.002544617384863764,64,4.260199353009815
5,0.002544617384863764,64,4.260199353009815
5,0.002544617384863764,64,4.260199353009815
5,0.002544617384863764,64,4.260199353009815
5,0.002714781867239066,64,4.260199355198774
5,0.002714781867239066,64,4.260199355198774
5,0.002714781867239066,64,4.260199355198774
5,0.0028963256442911586,64,4.2601993576823265
5,0.0028963256442911586,64,4.2601993576823265
5,0.0028963256442911586,64,4.2601993576823265
5,0.0028963256442911586,64,4.2601993576823265
5,0.0028963256442911586,64,4.2601993576823265
5,0.003090009675919158,64,4.260199360500227
5,0.003090009675919158,64,4.260199360500227
5,0.003090009675919158,64,4.260199360500227
5,0.003090009675919158,64,4.260199360500227
5,0.003296645809180352,64,4.260199363697533
5,0.003296645809180352,64,4.260199363697533
5,0.003296645809180352,64,4.260199363697533
5,0.003296645809180352,64,4.260199363697533
5,0.003296645809180352,64,4.260199363697533
5,0.003296645809180352,64,4.260199363697533
5,0.003517100181232793,64,4.260199367325342
5,0.003517100181232793,64,4.260199367325342
5,0.003517100181232793,64,4.260199367325342
5,0.003517100181232793,64,4.260199367325342
5,0.003517100181232793,64,4.260199367325342
5,0.003517100181232793,64,4.260199367325342
5,0.003517100181232793,64,4.260199367325342
5,0.003517100181232793,64,4.260199367325342
5,0.003517100181232793,64,4.260199367325342
5,0.003517100181232793,64,4.260199367325342
5,0.0037522968498406367,64,4.260199371441599
5,0.0037522968498406367,64,4.260199371441599
5,0.0037522968498406367,64,4.260199371441599
5,0.0037522968498406367,64,4.260199371441599
5,0.0037522968498406367,64,4.260199371441599
5,0.004003221666659722,64,4.26019937611197
5,0.004003221666659722,64,4.26019937611197
5,0.004003221666659722,64,4.26019937611197
5,0.004003221666659722,64,4.26019937611197
5,0.004270926409538859,64,4.260199381410866
5,0.004270926409538859,64,4.260199381410866
5,0.004270926409538859,64,4.260199381410866
5,0.004270926409538859,64,4.260199381410866
5,0.004270926409538859,64,4.260199381410866
5,0.004270926409538859,64,4.260199381410866
5,0.004270926409538859,64,4.260199381410866
5,0.00455653319115766,64,4.260199387422608
5,0.00455653319115766,64,4.260199387422608
5,0.00455653319115766,64,4.260199387422608
5,0.00455653319115766,64,4.260199387422608
5,0.004861239162480226,64,4.260199394242707
5,0.0051863215307398,64,4.260199401979303
5,0.0051863215307398,64,4.260199401979303
5,0.0051863215307398,64,4.260199401979303
5,0.005533142912987591,64,4.260199410754806
5,0.005533142912987591,64,4.260199410754806
5,0.005903157047645993,64,4.260199420707766
5,0.005903157047645993,64,4.260199420707766
5,0.005903157047645993,64,4.260199420707766
5,0.005903157047645993,64,4.260199420707766
5,0.005903157047645993,64,4.260199420707766
5,0.00629791488800657,64,4.2601994319949
5,0.00629791488800657,64,4.2601994319949
5,0.00629791488800657,64,4.2601994319949
5,0.00629791488800657,64,4.2601994319949
5,0.006719071103214418,64,4.260199444793438
5,0.006719071103214418,64,4.260199444793438
5,0.006719071103214418,64,4.260199444793438
5,0.006719071103214418,64,4.260199444793438
5,0.006719071103214418,64,4.260199444793438
5,0.006719071103214418,64,4.260199444793438
5,0.007168391013988566,64,4.260199459303712
5,0.007168391013988566,64,4.260199459303712
5,0.007168391013988566,64,4.260199459303712
5,0.007168391013988566,64,4.260199459303712
5,0.007647757992149969,64,4.260199475752106
5,0.007647757992149969,64,4.260199475752106
5,0.007647757992149969,64,4.260199475752106
5,0.007647757992149969,64,4.260199475752106
5,0.007647757992149969,64,4.260199475752106
5,0.007647757992149969,64,4.260199475752106
5,0.00815918135497331,64,4.260199494394275
5,0.00815918135497331,64,4.260199494394275
5,0.00815918135497331,64,4.260199494394275
5,0.00815918135497331,64,4.260199494394275
5,0.00815918135497331,64,4.260199494394275
5,0.00815918135497331,64,4.260199494394275
5,0.008704804787452367,64,4.260199515518838
5,0.008704804787452367,64,4.260199515518838
5,0.008704804787452367,64,4.260199515518838
5,0.008704804787452367,64,4.260199515518838
5,0.008704804787452367,64,4.260199515518838
5,0.008704804787452367,64,4.260199515518838
5,0.009286915327781859,64,4.260199539451449
5,0.009286915327781859,64,4.260199539451449
5,0.009286915327781859,64,4.260199539451449
5,0.009286915327781859,64,4.260199539451449
5,0.009286915327781859,64,4.260199539451449
5,0.009286915327781859,64,4.260199539451449
5,0.009286915327781859,64,4.260199539451449
5,0.009286915327781859,64,4.260199539451449
5,0.009286915327781859,64,4.260199539451449
5,0.009907952953719419,64,4.2601995665593435
5,0.009907952953719419,64,4.2601995665593435
5,0.009907952953719419,64,4.2601995665593435
5,0.009907952953719419,64,4.2601995665593435
5,0.010570520810009826,64,4.260199597256422
5,0.010570520810009826,64,4.260199597256422
5,0.011277396119740902,64,4.260199632008867
5,0.011277396119740902,64,4.260199632008867
5,0.011277396119740902,64,4.260199632008867
5,0.011277396119740902,64,4.260199632008867
5,0.011277396119740902,64,4.260199632008867
5,0.011277396119740902,64,4.260199632008867
5,0.011277396119740902,64,4.260199632008867
5,0.011277396119740902,64,4.260199632008867
5,0.011277396119740902,64,4.260199632008867
5,0.011277396119740902,64,4.260199632008867
5,0.012031541825367172,64,4.260199671341447
5,0.012031541825367172,64,4.260199671341447
5,0.012031541825367172,64,4.260199671341447
5,0.012031541825367172,64,4.260199671341447
5,0.012836119008195774,64,4.260199715844438
5,0.012836119008195774,64,4.260199715844438
5,0.012836119008195774,64,4.260199715844438
5,0.013694500138392414,64,4.260199766181328
5,0.013694500138392414,64,4.260199766181328
5,0.013694500138392414,64,4.260199766181328
5,0.013694500138392414,64,4.260199766181328
5,0.0146102832110459,64,4.260199823097328
5,0.0146102832110459,64,4.260199823097328
5,0.0146102832110459,64,4.260199823097328
5,0.0146102832110459,64,4.260199823097328
5,0.0146102832110459,64,4.260199823097328
5,0.0146102832110459,64,4.260199823097328
5,0.0146102832110459,64,4.260199823097328
5,0.0146102832110459,64,4.260199823097328
5,0.0146102832110459,64,4.260199823097328
5,0.015587306827544245,64,4.260199887428733
5,0.015587306827544245,64,4.260199887428733
5,0.015587306827544245,64,4.260199887428733
5,0.015587306827544245,64,4.260199887428733
5,0.015587306827544245,64,4.260199887428733
5,0.015587306827544245,64,4.260199887428733
5,0.01662966628547748,64,4.260199960113215
5,0.01662966628547748,64,4.260199960113215
5,0.01662966628547748,64,4.260199960113215
5,0.01662966628547748,64,4.260199960113215
5,0.01662966628547748,64,4.260199960113215
5,0.01662966628547748,64,4.260199960113215
5,0.01662966628547748,64,4.260199960113215
5,0.01662966628547748,64,4.260199960113215
5,0.0177417307445096,64,4.260200042201211
5,0.0177417307445096,64,4.260200042201211
5,0.0177417307445096,64,4.260200042201211
5,0.0177417307445096,64,4.260200042201211
5,0.0177417307445096,64,4.260200042201211
5,0.0177417307445096,64,4.260200042201211
5,0.018928161540172444,64,4.2602001348682546
5,0.018928161540172444,64,4.2602001348682546
5,0.018928161540172444,64,4.2602001348682546
5,0.018928161540172444,64,4.2602001348682546
5,0.018928161540172444,64,4.2602001348682546
5,0.020193931722345407,64,4.26020023942857
5,0.020193931722345407,64,4.26020023942857
5,0.020193931722345407,64,4.26020023942857
5,0.020193931722345407,64,4.26020023942857
5,0.020193931722345407,64,4.26020023942857
5,0.020193931722345407,64,4.26020023942857
5,0.021544346900318846,64,4.260200357349801
5,0.021544346900318846,64,4.260200357349801
5,0.021544346900318846,64,4.260200357349801
5,0.021544346900318846,64,4.260200357349801
5,0.021544346900318846,64,4.260200357349801
5,0.021544346900318846,64,4.260200357349801
5,0.021544346900318846,64,4.260200357349801
5,0.022985067481815197,64,4.260200490269032
5,0.022985067481815197,64,4.260200490269032
5,0.022985067481815197,64,4.260200490269032
5,0.022985067481815197,64,4.260200490269032
5,0.024522132399185402,64,4.260200640010152
5,0.024522132399185402,64,4.260200640010152
5,0.024522132399185402,64,4.260200640010152
5,0.024522132399185402,64,4.260200640010152
5,0.026161984422231045,64,4.260200808602546
5,0.026161984422231045,64,4.260200808602546
5,0.026161984422231045,64,4.260200808602546
5,0.026161984422231045,64,4.260200808602546
5,0.026161984422231045,64,4.260200808602546
5,0.026161984422231045,64,4.260200808602546
5,0.026161984422231045,64,4.260200808602546
5,0.026161984422231045,64,4.260200808602546
5,0.027911497163753848,64,4.260200998301167
5,0.027911497163753848,64,4.260200998301167
5,0.027911497163753848,64,4.260200998301167
5,0.027911497163753848,64,4.260200998301167
5,0.027911497163753848,64,4.260200998301167
5,0.027911497163753848,64,4.260200998301167
5,0.029778003891029147,64,4.260201211608104
5,0.029778003891029147,64,4.260201211608104
5,0.029778003891029147,64,4.260201211608104
5,0.031769328263969374,64,4.260201451295451
5,0.031769328263969374,64,4.260201451295451
5,0.031769328263969374,64,4.260201451295451
5,0.031769328263969374,64,4.260201451295451
5,0.03389381712882037,64,4.260201720429636
5,0.03389381712882037,64,4.260201720429636
5,0.03389381712882037,64,4.260201720429636
5,0.03389381712882037,64,4.260201720429636
5,0.03389381712882037,64,4.260201720429636
5,0.03389381712882037,64,4.260201720429636
5,0.036160375504848116,64,4.260202022397059
5,0.036160375504848116,64,4.260202022397059
5,0.036160375504848116,64,4.260202022397059
5,0.03857850391066673,64,4.260202360930996
5,0.03857850391066673,64,4.260202360930996
5,0.03857850391066673,64,4.260202360930996
5,0.03857850391066673,64,4.260202360930996
5,0.03857850391066673,64,4.260202360930996
5,0.041158338186664825,64,4.260202740139645
5,0.041158338186664825,64,4.260202740139645
5,0.041158338186664825,64,4.260202740139645
5,0.041158338186664825,64,4.260202740139645
5,0.041158338186664825,64,4.260202740139645
5,0.043910691980449945,64,4.260203164535172
5,0.043910691980449945,64,4.260203164535172
5,0.043910691980449945,64,4.260203164535172
5,0.046847102073393855,64,4.260203639063576
5,0.046847102073393855,64,4.260203639063576
5,0.046847102073393855,64,4.260203639063576
5,0.046847102073393855,64,4.260203639063576
5,0.046847102073393855,64,4.260203639063576
5,0.04997987673826894,64,4.260204169135093
5,0.04997987673826894,64,4.260204169135093
5,0.04997987673826894,64,4.260204169135093
5,0.04997987673826894,64,4.260204169135093
5,0.04997987673826894,64,4.260204169135093
5,0.04997987673826894,64,4.260204169135093
5,0.05332214733067242,64,4.260204760654956
5,0.05332214733067242,64,4.260204760654956
5,0.05332214733067242,64,4.260204760654956
5,0.05332214733067242,64,4.260204760654956
5,0.05332214733067242,64,4.260204760654956
5,0.056887923330489094,64,4.260205420054047
5,0.056887923330489094,64,4.260205420054047
5,0.056887923330489094,64,4.260205420054047
5,0.056887923330489094,64,4.260205420054047
5,0.056887923330489094,64,4.260205420054047
5,0.056887923330489094,64,4.260205420054047
5,0.06069215106410441,64,4.260206154319211
5,0.06069215106410441,64,4.260206154319211
5,0.06069215106410441,64,4.260206154319211
5,0.06069215106410441,64,4.260206154319211
5,0.06069215106410441,64,4.260206154319211
5,0.06069215106410441,64,4.260206154319211
5,0.06475077635350907,64,4.260206971022658
5,0.06475077635350907,64,4.260206971022658
5,0.06475077635350907,64,4.260206971022658
5,0.06475077635350907,64,4.260206971022658
5,0.06475077635350907,64,4.260206971022658
5,0.06475077635350907,64,4.260206971022658
5,0.06908081135489438,64,4.26020787835011
5,0.06908081135489438,64,4.26020787835011
5,0.06908081135489438,64,4.26020787835011
5,0.06908081135489438,64,4.26020787835011
5,0.06908081135489438,64,4.26020787835011
5,0.06908081135489438,64,4.26020787835011
5,0.07370040586690031,64,4.260208885127074
5,0.07370040586690031,64,4.260208885127074
5,0.07862892340741143,64,4.2602100008427435
5,0.08388702237778593,64,4.260211235670894
5,0.08388702237778593,64,4.260211235670894
5,0.0894967426547247,64,4.260212600487183
5,0.0894967426547247,64,4.260212600487183
5,0.0894967426547247,64,4.260212600487183
5,0.0894967426547247,64,4.260212600487183
5,0.0894967426547247,64,4.260212600487183
5,0.0894967426547247,64,4.260212600487183
5,0.09548159797274021,64,4.260214106882184
5,0.09548159797274021,64,4.260214106882184
5,0.09548159797274021,64,4.260214106882184
5,0.09548159797274021,64,4.260214106882184
5,0.09548159797274021,64,4.260214106882184
5,0.09548159797274021,64,4.260214106882184
5,0.09548159797274021,64,4.260214106882184
5,0.1018666744844563,64,4.260215767169557
5,0.10867873591186367,64,4.260217594388651
5,0.10867873591186367,64,4.260217594388651
5,0.10867873591186367,64,4.260217594388651
5,0.10867873591186367,64,4.260217594388651
5,0.10867873591186367,64,4.260217594388651
5,0.10867873591186367,64,4.260217594388651
5,0.10867873591186367,64,4.260217594388651
5,0.10867873591186367,64,4.260217594388651
5,0.11594633572928544,64,4.260219602300939
5,0.11594633572928544,64,4.260219602300939
5,0.1236999368482776,64,4.260221805379696
5,0.1236999368482776,64,4.260221805379696
5,0.1236999368482776,64,4.260221805379696
5,0.13197203930613743,64,4.260224218792314
5,0.13197203930613743,64,4.260224218792314
5,0.13197203930613743,64,4.260224218792314
5,0.13197203930613743,64,4.260224218792314
5,0.13197203930613743,64,4.260224218792314
5,0.14079731649323968,64,4.260226858374733
5,0.14079731649323968,64,4.260226858374733
5,0.14079731649323968,64,4.260226858374733
5,0.14079731649323968,64,4.260226858374733
5,0.14079731649323968,64,4.260226858374733
5,0.14079731649323968,64,4.260226858374733
5,0.14079731649323968,64,4.260226858374733
5,0.14079731649323968,64,4.260226858374733
5,0.14079731649323968,64,4.260226858374733
5,0.1502127604902106,64,4.260229740597521
5,0.1502127604902106,64,4.260229740597521
5,0.1502127604902106,64,4.260229740597521
5,0.1502127604902106,64,4.260229740597521
5,0.1502127604902106,64,4.260229740597521
5,0.1602578371241384,64,4.260232882523148
5,0.1602578371241384,64,4.260232882523148
5,0.1602578371241384,64,4.260232882523148
5,0.1602578371241384,64,4.260232882523148
5,0.1602578371241384,64,4.260232882523148
5,0.1602578371241384,64,4.260232882523148
5,0.1602578371241384,64,4.260232882523148
5,0.17097465139375173,64,4.260236301754112
5,0.17097465139375173,64,4.260236301754112
5,0.17097465139375173,64,4.260236301754112
5,0.1824081239569649,64,4.260240016371594
5,0.1824081239569649,64,4.260240016371594
5,0.1824081239569649,64,4.260240016371594
5,0.1824081239569649,64,4.260240016371594
5,0.1824081239569649,64,4.260240016371594
5,0.19460617942055622,64,4.2602440448644
5,0.19460617942055622,64,4.2602440448644
5,0.19460617942055622,64,4.2602440448644
5,0.19460617942055622,64,4.2602440448644
5,0.19460617942055622,64,4.2602440448644
5,0.19460617942055622,64,4.2602440448644
5,0.20761994722121382,64,4.260248406047941
5,0.20761994722121382,64,4.260248406047941
5,0.20761994722121382,64,4.260248406047941
5,0.20761994722121382,64,4.260248406047941
5,0.20761994722121382,64,4.260248406047941
5,0.20761994722121382,64,4.260248406047941
5,0.20761994722121382,64,4.260248406047941
5,0.20761994722121382,64,4.260248406047941
5,0.22150397593996615,64,4.2602531189732336
5,0.22150397593996615,64,4.2602531189732336
5,0.22150397593996615,64,4.2602531189732336
5,0.22150397593996615,64,4.2602531189732336
5,0.22150397593996615,64,4.2602531189732336
5,0.22150397593996615,64,4.2602531189732336
5,0.22150397593996615,64,4.2602531189732336
5,0.23631646194831477,64,4.260258202825694
5,0.23631646194831477,64,4.260258202825694
5,0.23631646194831477,64,4.260258202825694
5,0.23631646194831477,64,4.260258202825694
5,0.23631646194831477,64,4.260258202825694
5,0.23631646194831477,64,4.260258202825694
5,0.23631646194831477,64,4.260258202825694
5,0.25211949334446737,64,4.260263676813786
5,0.25211949334446737,64,4.260263676813786
5,0.25211949334446737,64,4.260263676813786
5,0.25211949334446737,64,4.260263676813786
5,0.26897931020215227,64,4.2602695600475435
5,0.26897931020215227,64,4.2602695600475435
5,0.26897931020215227,64,4.2602695600475435
5,0.26897931020215227,64,4.2602695600475435
5,0.26897931020215227,64,4.2602695600475435
5,0.26897931020215227,64,4.2602695600475435
5,0.2869665822228788,64,4.260275871407048
5,0.2869665822228788,64,4.260275871407048
5,0.2869665822228788,64,4.260275871407048
5,0.2869665822228788,64,4.260275871407048
5,0.2869665822228788,64,4.260275871407048
5,0.2869665822228788,64,4.260275871407048
5,0.2869665822228788,64,4.260275871407048
5,0.2869665822228788,64,4.260275871407048
5,0.30615670495544806,64,4.260282629401069
5,0.30615670495544806,64,4.260282629401069
5,0.30615670495544806,64,4.260282629401069
5,0.30615670495544806,64,4.260282629401069
5,0.30615670495544806,64,4.260282629401069
5,0.3266301158243518,64,4.2602898520161325
5,0.3266301158243518,64,4.2602898520161325
5,0.3266301158243518,64,4.2602898520161325
5,0.3266301158243518,64,4.2602898520161325
5,0.3266301158243518,64,4.2602898520161325
5,0.3266301158243518,64,4.2602898520161325
5,0.3484726312917259,64,4.260297556556469
5,0.3484726312917259,64,4.260297556556469
5,0.3484726312917259,64,4.260297556556469
5,0.3484726312917259,64,4.260297556556469
5,0.3484726312917259,64,4.260297556556469
5,0.3717758065661061,64,4.260305759475386
5,0.3717758065661061,64,4.260305759475386
5,0.3717758065661061,64,4.260305759475386
5,0.3717758065661061,64,4.260305759475386
5,0.3717758065661061,64,4.260305759475386
5,0.3717758065661061,64,4.260305759475386
5,0.3717758065661061,64,4.260305759475386
5,0.39663731936574764,64,4.260314476198809
5,0.39663731936574764,64,4.260314476198809
5,0.39663731936574764,64,4.260314476198809
5,0.39663731936574764,64,4.260314476198809
5,0.39663731936574764,64,4.260314476198809
5,0.39663731936574764,64,4.260314476198809
5,0.39663731936574764,64,4.260314476198809
5,0.39663731936574764,64,4.260314476198809
5,0.39663731936574764,64,4.260314476198809
5,0.4231613793450881,64,4.260323720942072
5,0.4231613793450881,64,4.260323720942072
5,0.4231613793450881,64,4.260323720942072
5,0.4231613793450881,64,4.260323720942072
5,0.4231613793450881,64,4.260323720942072
5,0.4231613793450881,64,4.260323720942072
5,0.4231613793450881,64,4.260323720942072
5,0.4514591649005106,64,4.260333506521107
5,0.4514591649005106,64,4.260333506521107
5,0.4514591649005106,64,4.260333506521107
5,0.4514591649005106,64,4.260333506521107
5,0.4514591649005106,64,4.260333506521107
5,0.4816492891863252,64,4.260343844159646
5,0.4816492891863252,64,4.260343844159646
5,0.4816492891863252,64,4.260343844159646
5,0.4816492891863252,64,4.260343844159646
5,0.5138582972943202,64,4.260354743294303
5,0.5138582972943202,64,4.260354743294303
5,0.5138582972943202,64,4.260354743294303
5,0.5138582972943202,64,4.260354743294303
5,0.5138582972943202,64,4.260354743294303
5,0.5138582972943202,64,4.260354743294303
5,0.5138582972943202,64,4.260354743294303
5,0.5482211966808708,64,4.260366211379748
5,0.5482211966808708,64,4.260366211379748
5,0.5848820230649372,64,4.260378253696562
5,0.5848820230649372,64,4.260378253696562
5,0.5848820230649372,64,4.260378253696562
5,0.5848820230649372,64,4.260378253696562
5,0.6239944441689813,64,4.260390873164656
5,0.6239944441689813,64,4.260390873164656
5,0.6239944441689813,64,4.260390873164656
5,0.6239944441689813,64,4.260390873164656
5,0.6239944441689813,64,4.260390873164656
5,0.6239944441689813,64,4.260390873164656
5,0.6239944441689813,64,4.260390873164656
5,0.6657224038334415,64,4.260404070165531
5,0.6657224038334415,64,4.260404070165531
5,0.6657224038334415,64,4.260404070165531
5,0.7102408092046375,64,4.260417842376836
5,0.7102408092046375,64,4.260417842376836
5,0.7102408092046375,64,4.260417842376836
5,0.7102408092046375,64,4.260417842376836
5,0.7102408092046375,64,4.260417842376836
5,0.7102408092046375,64,4.260417842376836
5,0.7577362638765357,64,4.260432184623019
5,0.7577362638765357,64,4.260432184623019
5,0.7577362638765357,64,4.260432184623019
5,0.7577362638765357,64,4.260432184623019
5,0.7577362638765357,64,4.260432184623019
5,0.7577362638765357,64,4.260432184623019
5,0.8084078500594021,64,4.260447088745826
5,0.8084078500594021,64,4.260447088745826
5,0.8084078500594021,64,4.260447088745826
5,0.8084078500594021,64,4.260447088745826
5,0.8624679630538962,64,4.260462543498641
5,0.8624679630538962,64,4.260462543498641
5,0.8624679630538962,64,4.260462543498641
5,0.8624679630538962,64,4.260462543498641
5,0.8624679630538962,64,4.260462543498641
5,0.8624679630538962,64,4.260462543498641
5,0.8624679630538962,64,4.260462543498641
5,0.920143201528384,64,4.260478534468403
5,0.920143201528384,64,4.260478534468403
5,0.920143201528384,64,4.260478534468403
5,0.920143201528384,64,4.260478534468403
5,0.920143201528384,64,4.260478534468403
5,0.9816753173311735,64,4.260495044028709
5,0.9816753173311735,64,4.260495044028709
5,0.9816753173311735,64,4.260495044028709
5,0.9816753173311735,64,4.260495044028709
5,0.9816753173311735,64,4.260495044028709
5,0.9816753173311735,64,4.260495044028709
5,0.9816753173311735,64,4.260495044028709
5,0.9816753173311735,64,4.260495044028709
5,1.0473222288188955,64,4.260512051327382
5,1.0473222288188955,64,4.260512051327382
5,1.0473222288188955,64,4.260512051327382
5,1.0473222288188955,64,4.260512051327382
5,1.0473222288188955,64,4.260512051327382
5,1.0473222288188955,64,4.260512051327382
5,1.0473222288188955,64,4.260512051327382
5,1.0473222288188955,64,4.260512051327382
5,1.1173591019485078,64,4.260529532311243
5,1.1173591019485078,64,4.260529532311243
5,1.1173591019485078,64,4.260529532311243
5,1.1173591019485078,64,4.260529532311243
5,1.1173591019485078,64,4.260529532311243
5,1.1173591019485078,64,4.260529532311243
5,1.1173591019485078,64,4.260529532311243
5,1.1173591019485078,64,4.260529532311243
5,1.1173591019485078,64,4.260529532311243
5,1.2717966324154717,64,4.26056580354272
5,1.2717966324154717,64,4.26056580354272
5,1.2717966324154717,64,4.26056580354272
5,1.2717966324154717,64,4.26056580354272
5,1.2717966324154717,64,4.26056580354272
5,1.2717966324154717,64,4.26056580354272
5,1.2717966324154717,64,4.26056580354272
5,1.2717966324154717,64,4.26056580354272
5,1.2717966324154717,64,4.26056580354272
5,1.356844630958961,64,4.260584530461223
5,1.356844630958961,64,4.260584530461223
5,1.356844630958961,64,4.260584530461223
5,1.356844630958961,64,4.260584530461223
5,1.356844630958961,64,4.260584530461223
5,1.356844630958961,64,4.260584530461223
5,1.356844630958961,64,4.260584530461223
5,1.356844630958961,64,4.260584530461223
5,1.356844630958961,64,4.260584530461223
5,1.447579986955596,64,4.260603604740544
5,1.447579986955596,64,4.260603604740544
5,1.447579986955596,64,4.260603604740544
5,1.447579986955596,64,4.260603604740544
5,1.447579986955596,64,4.260603604740544
5,1.447579986955596,64,4.260603604740544
5,1.447579986955596,64,4.260603604740544
5,1.5443830272249786,64,4.2606229881046565
5,1.5443830272249786,64,4.2606229881046565
5,1.5443830272249786,64,4.2606229881046565
5,1.5443830272249786,64,4.2606229881046565
5,1.5443830272249786,64,4.2606229881046565
5,1.5443830272249786,64,4.2606229881046565
5,1.6476595119256485,64,4.260642640071431
5,1.6476595119256485,64,4.260642640071431
5,1.6476595119256485,64,4.260642640071431
5,1.7578423353415833,64,4.260662518251468
5,1.7578423353415833,64,4.260662518251468
5,1.7578423353415833,64,4.260662518251468
5,1.7578423353415833,64,4.260662518251468
5,1.7578423353415833,64,4.260662518251468
5,1.7578423353415833,64,4.260662518251468
5,1.7578423353415833,64,4.260662518251468
5,1.7578423353415833,64,4.260662518251468
5,1.7578423353415833,64,4.260662518251468
5,1.8753933404042986,64,4.260682578676853
5,1.8753933404042986,64,4.260682578676853
5,1.8753933404042986,64,4.260682578676853
5,1.8753933404042986,64,4.260682578676853
5,1.8753933404042986,64,4.260682578676853
5,1.8753933404042986,64,4.260682578676853
5,1.8753933404042986,64,4.260682578676853
5,1.8753933404042986,64,4.260682578676853
5,2.0008052545562065,64,4.260702776154784
5,2.0008052545562065,64,4.260702776154784
5,2.0008052545562065,64,4.260702776154784
5,2.134603755069697,64,4.26072306464032
5,2.134603755069697,64,4.26072306464032
5,2.134603755069697,64,4.26072306464032
5,2.134603755069697,64,4.26072306464032
5,2.134603755069697,64,4.26072306464032
5,2.134603755069697,64,4.26072306464032
5,2.2773496724789104,64,4.260743397621886
5,2.2773496724789104,64,4.260743397621886
5,2.2773496724789104,64,4.260743397621886
5,2.2773496724789104,64,4.260743397621886
5,2.2773496724789104,64,4.260743397621886
5,2.2773496724789104,64,4.260743397621886
5,2.429641341360074,64,4.260763728512893
5,2.429641341360074,64,4.260763728512893
5,2.429641341360074,64,4.260763728512893
5,2.429641341360074,64,4.260763728512893
5,2.592117108314055,64,4.26078401104254
5,2.592117108314055,64,4.26078401104254
5,2.592117108314055,64,4.26078401104254
5,2.592117108314055,64,4.26078401104254
5,2.592117108314055,64,4.26078401104254
5,2.7654580076634643,64,4.260804199639042
5,2.7654580076634643,64,4.260804199639042
5,2.7654580076634643,64,4.260804199639042
5,2.7654580076634643,64,4.260804199639042
5,2.7654580076634643,64,4.260804199639042
5,2.7654580076634643,64,4.260804199639042
5,2.7654580076634643,64,4.260804199639042
5,2.7654580076634643,64,4.260804199639042
5,2.7654580076634643,64,4.260804199639042
5,2.950390616079903,64,4.260824249798617
5,2.950390616079903,64,4.260824249798617
5,2.950390616079903,64,4.260824249798617
5,2.950390616079903,64,4.260824249798617
5,2.950390616079903,64,4.260824249798617
5,2.950390616079903,64,4.260824249798617
5,2.950390616079903,64,4.260824249798617
5,3.147690098106772,64,4.260844118434125
5,3.147690098106772,64,4.260844118434125
5,3.147690098106772,64,4.260844118434125
5,3.147690098106772,64,4.260844118434125
5,3.147690098106772,64,4.260844118434125
5,3.358183455343213,64,4.260863764197791
5,3.358183455343213,64,4.260863764197791
5,3.358183455343213,64,4.260863764197791
5,3.582752992908632,64,4.260883147773212
5,3.582752992908632,64,4.260883147773212
5,3.582752992908632,64,4.260883147773212
5,3.582752992908632,64,4.260883147773212
5,3.582752992908632,64,4.260883147773212
5,3.8223400177176696,64,4.260902232132749
5,3.8223400177176696,64,4.260902232132749
5,3.8223400177176696,64,4.260902232132749
5,4.077948784067481,64,4.26092098275733
5,4.077948784067481,64,4.26092098275733
5,4.350650703075626,64,4.260939367816681
5,4.350650703075626,64,4.260939367816681
5,4.350650703075626,64,4.260939367816681
5,4.350650703075626,64,4.260939367816681
5,4.350650703075626,64,4.260939367816681
5,4.641588833612782,64,4.260957358309014
5,4.641588833612782,64,4.260957358309014
5,4.641588833612782,64,4.260957358309014
5,4.641588833612782,64,4.260957358309014
5,4.9519826735546415,64,4.260974928160167
5,4.9519826735546415,64,4.260974928160167
5,4.9519826735546415,64,4.260974928160167
5,4.9519826735546415,64,4.260974928160167
5,4.9519826735546415,64,4.260974928160167
5,4.9519826735546415,64,4.260974928160167
5,4.9519826735546415,64,4.260974928160167
5,5.283133271435983,64,4.2609920542830695
5,5.283133271435983,64,4.2609920542830695
5,5.636428679932827,64,4.261008716599218
5,5.636428679932827,64,4.261008716599218
5,5.636428679932827,64,4.261008716599218
5,5.636428679932827,64,4.261008716599218
5,6.013349774031784,64,4.261024898024584
5,6.013349774031784,64,4.261024898024584
5,6.013349774031784,64,4.261024898024584
5,6.013349774031784,64,4.261024898024584
5,6.013349774031784,64,4.261024898024584
5,6.415476458273763,64,4.261040584422908
5,6.415476458273763,64,4.261040584422908
5,6.415476458273763,64,4.261040584422908
5,6.415476458273763,64,4.261040584422908
5,6.844494289090598,64,4.2610557645298
5,6.844494289090598,64,4.2610557645298
5,6.844494289090598,64,4.2610557645298
5,6.844494289090598,64,4.2610557645298
5,6.844494289090598,64,4.2610557645298
5,7.3022015399927485,64,4.261070429851392
5,7.3022015399927485,64,4.261070429851392
5,7.3022015399927485,64,4.261070429851392
5,7.3022015399927485,64,4.261070429851392
5,7.3022015399927485,64,4.261070429851392
5,7.3022015399927485,64,4.261070429851392
5,7.790516739222392,64,4.261084574541465
5,7.790516739222392,64,4.261084574541465
5,7.790516739222392,64,4.261084574541465
5,7.790516739222392,64,4.261084574541465
5,8.311486711467111,64,4.261098195261069
5,8.311486711467111,64,4.261098195261069
5,8.311486711467111,64,4.261098195261069
5,8.311486711467111,64,4.261098195261069
5,8.311486711467111,64,4.261098195261069
5,8.311486711467111,64,4.261098195261069
5,8.867295157341472,64,4.261111291024581
5,8.867295157341472,64,4.261111291024581
5,8.867295157341472,64,4.261111291024581
5,8.867295157341472,64,4.261111291024581
5,8.867295157341472,64,4.261111291024581
5,9.460271806598614,64,4.26112386303609
5,9.460271806598614,64,4.26112386303609
5,9.460271806598614,64,4.26112386303609
5,9.460271806598614,64,4.26112386303609
5,9.460271806598614,64,4.26112386303609
5,9.460271806598614,64,4.26112386303609
5,9.460271806598614,64,4.26112386303609
5,9.460271806598614,64,4.26112386303609
5,9.460271806598614,64,4.26112386303609
5,10.092902183438433,64,4.261135914519759
5,10.092902183438433,64,4.261135914519759
5,10.092902183438433,64,4.261135914519759
5,10.092902183438433,64,4.261135914519759
5,10.767838024844412,64,4.261147450547566
5,10.767838024844412,64,4.261147450547566
5,10.767838024844412,64,4.261147450547566
5,10.767838024844412,64,4.261147450547566
5,11.48790839561917,64,4.261158477867578
5,11.48790839561917,64,4.261158477867578
5,11.48790839561917,64,4.261158477867578
5,11.48790839561917,64,4.261158477867578
5,11.48790839561917,64,4.261158477867578
5,12.256131546707989,64,4.261169004735564
5,12.256131546707989,64,4.261169004735564
5,12.256131546707989,64,4.261169004735564
5,12.256131546707989,64,4.261169004735564
5,12.256131546707989,64,4.261169004735564
5,13.075727566516196,64,4.2611790407524115
5,13.950131878249618,64,4.261188596709572
5,13.950131878249618,64,4.261188596709572
5,13.950131878249618,64,4.261188596709572
5,13.950131878249618,64,4.261188596709572
5,14.883009639853281,64,4.261197684444346
5,14.883009639853281,64,4.261197684444346
5,14.883009639853281,64,4.261197684444346
5,14.883009639853281,64,4.261197684444346
5,14.883009639853281,64,4.261197684444346
5,14.883009639853281,64,4.261197684444346
5,14.883009639853281,64,4.261197684444346
5,14.883009639853281,64,4.261197684444346
5,14.883009639853281,64,4.261197684444346
5,15.878271106907928,64,4.261206316706609
5,15.878271106907928,64,4.261206316706609
5,15.878271106907928,64,4.261206316706609
5,15.878271106907928,64,4.261206316706609
5,15.878271106907928,64,4.261206316706609
5,15.878271106907928,64,4.261206316706609
5,16.940088022878722,64,4.261214507038271
5,16.940088022878722,64,4.261214507038271
5,16.940088022878722,64,4.261214507038271
5,16.940088022878722,64,4.261214507038271
5,16.940088022878722,64,4.261214507038271
5,16.940088022878722,64,4.261214507038271
5,16.940088022878722,64,4.261214507038271
5,16.940088022878722,64,4.261214507038271
5,16.940088022878722,64,4.261214507038271
5,16.940088022878722,64,4.261214507038271
5,18.07291110541828,64,4.261222269666572
5,18.07291110541828,64,4.261222269666572
5,18.07291110541828,64,4.261222269666572
5,18.07291110541828,64,4.261222269666572
5,18.07291110541828,64,4.261222269666572
5,19.281488702019512,64,4.261229619412073
5,19.281488702019512,64,4.261229619412073
5,19.281488702019512,64,4.261229619412073
5,19.281488702019512,64,4.261229619412073
5,19.281488702019512,64,4.261229619412073
5,19.281488702019512,64,4.261229619412073
5,20.570886693214934,64,4.261236571612077
5,20.570886693214934,64,4.261236571612077
5,20.570886693214934,64,4.261236571612077
5,20.570886693214934,64,4.261236571612077
5,20.570886693214934,64,4.261236571612077
5,20.570886693214934,64,4.261236571612077
5,20.570886693214934,64,4.261236571612077
5,21.946509726749827,64,4.261243142060087
5,21.946509726749827,64,4.261243142060087
5,21.946509726749827,64,4.261243142060087
5,21.946509726749827,64,4.261243142060087
5,21.946509726749827,64,4.261243142060087
5,23.414123871733302,64,4.261249346961802
5,23.414123871733302,64,4.261249346961802
5,23.414123871733302,64,4.261249346961802
5,23.414123871733302,64,4.261249346961802
5,24.979880787725563,64,4.261255202908119
5,24.979880787725563,64,4.261255202908119
5,24.979880787725563,64,4.261255202908119
5,24.979880787725563,64,4.261255202908119
5,26.65034351006826,64,4.2612607268656
5,26.65034351006826,64,4.2612607268656
5,26.65034351006826,64,4.2612607268656
5,26.65034351006826,64,4.2612607268656
5,26.65034351006826,64,4.2612607268656
5,26.65034351006826,64,4.2612607268656
5,26.65034351006826,64,4.2612607268656
5,26.65034351006826,64,4.2612607268656
5,26.65034351006826,64,4.2612607268656
5,26.65034351006826,64,4.2612607268656
5,26.65034351006826,64,4.2612607268656
5,28.432513959539357,64,4.261265936184824
5,28.432513959539357,64,4.261265936184824
5,28.432513959539357,64,4.261265936184824
5,30.333862291643364,64,4.2612708486271735
5,30.333862291643364,64,4.2612708486271735
5,30.333862291643364,64,4.2612708486271735
5,30.333862291643364,64,4.2612708486271735
5,30.333862291643364,64,4.2612708486271735
5,30.333862291643364,64,4.2612708486271735
5,30.333862291643364,64,4.2612708486271735
5,32.36235820855605,64,4.261275482410588
5,32.36235820855605,64,4.261275482410588
5,32.36235820855605,64,4.261275482410588
5,32.36235820855605,64,4.261275482410588
5,32.36235820855605,64,4.261275482410588
5,32.36235820855605,64,4.261275482410588
5,34.526504364972304,64,4.2612798562749665
5,34.526504364972304,64,4.2612798562749665
5,34.526504364972304,64,4.2612798562749665
5,34.526504364972304,64,4.2612798562749665
5,36.8353720078807,64,4.261283989567991
5,36.8353720078807,64,4.261283989567991
5,36.8353720078807,64,4.261283989567991
5,36.8353720078807,64,4.261283989567991
5,36.8353720078807,64,4.261283989567991
5,36.8353720078807,64,4.261283989567991
5,36.8353720078807,64,4.261283989567991
5,36.8353720078807,64,4.261283989567991
5,36.8353720078807,64,4.261283989567991
5,36.8353720078807,64,4.261283989567991
5,39.29863899965208,64,4.261287902352288
5,39.29863899965208,64,4.261287902352288
5,39.29863899965208,64,4.261287902352288
5,39.29863899965208,64,4.261287902352288
5,39.29863899965208,64,4.261287902352288
5,41.92663038382149,64,4.2612916155350025
5,41.92663038382149,64,4.2612916155350025
5,41.92663038382149,64,4.2612916155350025
5,41.92663038382149,64,4.2612916155350025
5,41.92663038382149,64,4.2612916155350025
5,41.92663038382149,64,4.2612916155350025
5,41.92663038382149,64,4.2612916155350025
5,41.92663038382149,64,4.2612916155350025
5,41.92663038382149,64,4.2612916155350025
5,44.73036166359721,64,4.261295151020983
5,44.73036166359721,64,4.261295151020983
5,44.73036166359721,64,4.261295151020983
5,44.73036166359721,64,4.261295151020983
5,44.73036166359721,64,4.261295151020983
5,44.73036166359721,64,4.261295151020983
5,44.73036166359721,64,4.261295151020983
5,44.73036166359721,64,4.261295151020983
5,47.72158497450504,64,4.261298531891027
5,47.72158497450504,64,4.261298531891027
5,47.72158497450504,64,4.261298531891027
5,47.72158497450504,64,4.261298531891027
5,47.72158497450504,64,4.261298531891027
5,47.72158497450504,64,4.261298531891027
5,47.72158497450504,64,4.261298531891027
5,47.72158497450504,64,4.261298531891027
5,50.912838344704916,64,4.261301782606739
5,50.912838344704916,64,4.261301782606739
5,50.912838344704916,64,4.261301782606739
5,50.912838344704916,64,4.261301782606739
5,54.31749824945833,64,4.261304929243803
5,54.31749824945833,64,4.261304929243803
5,54.31749824945833,64,4.261304929243803
5,54.31749824945833,64,4.261304929243803
5,54.31749824945833,64,4.261304929243803
5,54.31749824945833,64,4.261304929243803
5,57.94983568003634,64,4.261307999755651
5,57.94983568003634,64,4.261307999755651
5,57.94983568003634,64,4.261307999755651
5,57.94983568003634,64,4.261307999755651
5,57.94983568003634,64,4.261307999755651
5,57.94983568003634,64,4.261307999755651
5,61.82507596208572,64,4.261311024269665
5,61.82507596208572,64,4.261311024269665
5,61.82507596208572,64,4.261311024269665
5,61.82507596208572,64,4.261311024269665
5,61.82507596208572,64,4.261311024269665
5,61.82507596208572,64,4.261311024269665
5,65.95946257418731,64,4.261314035418302
5,65.95946257418731,64,4.261314035418302
5,65.95946257418731,64,4.261314035418302
5,65.95946257418731,64,4.261314035418302
5,65.95946257418731,64,4.261314035418302
5,70.37032523411159,64,4.26131706870766
5,70.37032523411159,64,4.26131706870766
5,70.37032523411159,64,4.26131706870766
5,70.37032523411159,64,4.26131706870766
5,70.37032523411159,64,4.26131706870766
5,75.07615253815847,64,4.261320162926183
5,75.07615253815847,64,4.261320162926183
5,75.07615253815847,64,4.261320162926183
5,80.09666945806018,64,4.261323360596361
5,80.09666945806018,64,4.261323360596361
5,80.09666945806018,64,4.261323360596361
5,85.45292002028222,64,4.261326708472405
5,85.45292002028222,64,4.261326708472405
5,85.45292002028222,64,4.261326708472405
5,85.45292002028222,64,4.261326708472405
5,85.45292002028222,64,4.261326708472405
5,91.16735551427986,64,4.261330258086952
5,91.16735551427986,64,4.261330258086952
5,91.16735551427986,64,4.261330258086952
5,91.16735551427986,64,4.261330258086952
5,91.16735551427986,64,4.261330258086952
5,91.16735551427986,64,4.261330258086952
5,91.16735551427986,64,4.261330258086952
5,97.26392859944849,64,4.2613340663499395
5,97.26392859944849,64,4.2613340663499395
5,103.7681937052218,64,4.261338196202789
5,103.7681937052218,64,4.261338196202789
5,103.7681937052218,64,4.261338196202789
5,103.7681937052218,64,4.261338196202789
5,103.7681937052218,64,4.261338196202789
5,103.7681937052218,64,4.261338196202789
5,110.70741414515996,64,4.261342717331003
5,110.70741414515996,64,4.261342717331003
5,110.70741414515996,64,4.261342717331003
5,110.70741414515996,64,4.261342717331003
5,110.70741414515996,64,4.261342717331003
5,110.70741414515996,64,4.261342717331003
5,110.70741414515996,64,4.261342717331003
5,110.70741414515996,64,4.261342717331003
5,118.11067639400605,64,4.261347706938195
5,118.11067639400605,64,4.261347706938195
5,118.11067639400605,64,4.261347706938195
5,118.11067639400605,64,4.261347706938195
5,118.11067639400605,64,4.261347706938195
5,126.00901200671282,64,4.261353250584426
5,126.00901200671282,64,4.261353250584426
5,126.00901200671282,64,4.261353250584426
5,134.43552769048173,64,4.261359443091454
5,134.43552769048173,64,4.261359443091454
5,134.43552769048173,64,4.261359443091454
5,143.42554407501817,64,4.261366389517237
5,143.42554407501817,64,4.261366389517237
5,163.24932927907625,64,4.261383021884658
5,163.24932927907625,64,4.261383021884658
5,163.24932927907625,64,4.261383021884658
5,174.16619158620682,64,4.261392978898445
5,174.16619158620682,64,4.261392978898445
5,174.16619158620682,64,4.261392978898445
5,174.16619158620682,64,4.261392978898445
5,174.16619158620682,64,4.261392978898445
5,185.81308986444498,64,4.261404234432671
5,185.81308986444498,64,4.261404234432671
5,185.81308986444498,64,4.261404234432671
5,185.81308986444498,64,4.261404234432671
5,198.238843316975,64,4.261416961873353
5,198.238843316975,64,4.261416961873353
5,211.49553580063366,64,4.261431352213336
5,211.49553580063366,64,4.261431352213336
5,225.63873414089372,64,4.261447615532208
5,225.63873414089372,64,4.261447615532208
5,225.63873414089372,64,4.261447615532208
5,240.72772104607358,64,4.261465982542298
5,240.72772104607358,64,4.261465982542298
5,240.72772104607358,64,4.261465982542298
5,240.72772104607358,64,4.261465982542298
5,240.72772104607358,64,4.261465982542298
5,240.72772104607358,64,4.261465982542298
5,256.82574359706877,64,4.261486706196253
5,256.82574359706877,64,4.261486706196253
5,256.82574359706877,64,4.261486706196253
5,256.82574359706877,64,4.261486706196253
5,256.82574359706877,64,4.261486706196253
5,256.82574359706877,64,4.261486706196253
5,274.0002783541624,64,4.261510063350641
5,274.0002783541624,64,4.261510063350641
5,274.0002783541624,64,4.261510063350641
5,274.0002783541624,64,4.261510063350641
5,274.0002783541624,64,4.261510063350641
5,274.0002783541624,64,4.261510063350641
5,292.3233141921493,64,4.2615363564787305
5,311.8716540493036,64,4.261565915424454
5,311.8716540493036,64,4.261565915424454
5,311.8716540493036,64,4.261565915424454
5,311.8716540493036,64,4.261565915424454
5,311.8716540493036,64,4.261565915424454
5,311.8716540493036,64,4.261565915424454
5,332.72723685499466,64,4.261599099188256
5,332.72723685499466,64,4.261599099188256
5,332.72723685499466,64,4.261599099188256
5,332.72723685499466,64,4.261599099188256
5,332.72723685499466,64,4.261599099188256
5,354.9774809853617,64,4.261636297734327
5,354.9774809853617,64,4.261636297734327
5,354.9774809853617,64,4.261636297734327
5,354.9774809853617,64,4.261636297734327
5,354.9774809853617,64,4.261636297734327
5,354.9774809853617,64,4.261636297734327
5,378.7156506866572,64,4.261677933807457
5,378.7156506866572,64,4.261677933807457
5,378.7156506866572,64,4.261677933807457
5,378.7156506866572,64,4.261677933807457
5,378.7156506866572,64,4.261677933807457
5,404.0412470021791,64,4.261724464746578
5,404.0412470021791,64,4.261724464746578
5,404.0412470021791,64,4.261724464746578
5,404.0412470021791,64,4.261724464746578
5,404.0412470021791,64,4.261724464746578
5,431.0604248413962,64,4.2617763842809
5,431.0604248413962,64,4.2617763842809
5,431.0604248413962,64,4.2617763842809
5,431.0604248413962,64,4.2617763842809
5,431.0604248413962,64,4.2617763842809
5,459.88643793944743,64,4.26183422429342
5,459.88643793944743,64,4.26183422429342
5,459.88643793944743,64,4.26183422429342
5,459.88643793944743,64,4.26183422429342
5,459.88643793944743,64,4.26183422429342
5,490.640113572131,64,4.261898556535632
5,490.640113572131,64,4.261898556535632
5,490.640113572131,64,4.261898556535632
5,490.640113572131,64,4.261898556535632
5,490.640113572131,64,4.261898556535632
5,490.640113572131,64,4.261898556535632
5,490.640113572131,64,4.261898556535632
5,523.4503590161748,64,4.261969994276287
5,523.4503590161748,64,4.261969994276287
5,523.4503590161748,64,4.261969994276287
5,558.454701877693,64,4.26204919386623
5,558.454701877693,64,4.26204919386623
5,558.454701877693,64,4.26204919386623
5,595.7998665536622,64,4.262136856200745
5,595.7998665536622,64,4.262136856200745
5,595.7998665536622,64,4.262136856200745
5,595.7998665536622,64,4.262136856200745
5,595.7998665536622,64,4.262136856200745
5,595.7998665536622,64,4.262136856200745
5,635.6423892427093,64,4.262233728060238
5,635.6423892427093,64,4.262233728060238
5,635.6423892427093,64,4.262233728060238
5,635.6423892427093,64,4.262233728060238
5,678.1492740831088,64,4.262340603309895
5,678.1492740831088,64,4.262340603309895
5,678.1492740831088,64,4.262340603309895
5,678.1492740831088,64,4.262340603309895
5,678.1492740831088,64,4.262340603309895
5,678.1492740831088,64,4.262340603309895
5,678.1492740831088,64,4.262340603309895
5,678.1492740831088,64,4.262340603309895
5,723.4986931682564,64,4.262458323938924
5,723.4986931682564,64,4.262458323938924
5,723.4986931682564,64,4.262458323938924
5,723.4986931682564,64,4.262458323938924
5,723.4986931682564,64,4.262458323938924
5,771.8807333737907,64,4.26258778092037
5,771.8807333737907,64,4.26258778092037
5,771.8807333737907,64,4.26258778092037
5,771.8807333737907,64,4.26258778092037
5,771.8807333737907,64,4.26258778092037
5,771.8807333737907,64,4.26258778092037
5,771.8807333737907,64,4.26258778092037
5,771.8807333737907,64,4.26258778092037
5,771.8807333737907,64,4.26258778092037
5,823.4981931268027,64,4.262729914873351
5,823.4981931268027,64,4.262729914873351
5,823.4981931268027,64,4.262729914873351
5,878.5674324568332,64,4.262885716510951
5,878.5674324568332,64,4.262885716510951
5,878.5674324568332,64,4.262885716510951
5,878.5674324568332,64,4.262885716510951
5,937.3192798917728,64,4.263056226859186
5,937.3192798917728,64,4.263056226859186
5,937.3192798917728,64,4.263056226859186
5,937.3192798917728,64,4.263056226859186
5,937.3192798917728,64,4.263056226859186
5,937.3192798917728,64,4.263056226859186
5,937.3192798917728,64,4.263056226859186
5,937.3192798917728,64,4.263056226859186
5,1000.0,64,4.263242537235415
6,0.0001,64,4.295940008653626
6,0.0001,64,4.295940008653626
6,0.0001,64,4.295940008653626
6,0.00010668723256342958,64,4.295940009496174
6,0.00010668723256342958,64,4.295940009496174
6,0.00010668723256342958,64,4.295940009496174
6,0.00010668723256342958,64,4.295940009496174
6,0.00010668723256342958,64,4.295940009496174
6,0.00010668723256342958,64,4.295940009496174
6,0.00010668723256342958,64,4.295940009496174
6,0.00010668723256342958,64,4.295940009496174
6,0.00011382165592043307,64,4.295940010395352
6,0.00011382165592043307,64,4.295940010395352
6,0.00011382165592043307,64,4.295940010395352
6,0.00012143317475937916,64,4.295940011354979
6,0.00012143317475937916,64,4.295940011354979
6,0.00012143317475937916,64,4.295940011354979
6,0.00012143317475937916,64,4.295940011354979
6,0.00012143317475937916,64,4.295940011354979
6,0.00012955369356469471,64,4.295940012379141
6,0.00012955369356469471,64,4.295940012379141
6,0.00012955369356469471,64,4.295940012379141
6,0.00012955369356469471,64,4.295940012379141
6,0.00012955369356469471,64,4.295940012379141
6,0.00013821725034787873,64,4.295940013472217
6,0.00013821725034787873,64,4.295940013472217
6,0.00013821725034787873,64,4.295940013472217
6,0.00013821725034787873,64,4.295940013472217
6,0.00013821725034787873,64,4.295940013472217
6,0.00013821725034787873,64,4.295940013472217
6,0.00014746015932141904,64,4.295940014638856
6,0.00014746015932141904,64,4.295940014638856
6,0.00014746015932141904,64,4.295940014638856
6,0.00014746015932141904,64,4.295940014638856
6,0.00014746015932141904,64,4.295940014638856
6,0.00014746015932141904,64,4.295940014638856
6,0.0001573211631136461,64,4.295940015884062
6,0.0001573211631136461,64,4.295940015884062
6,0.0001573211631136461,64,4.295940015884062
6,0.0001573211631136461,64,4.295940015884062
6,0.00016784159516254819,64,4.29594001721314
6,0.00016784159516254819,64,4.29594001721314
6,0.00016784159516254819,64,4.29594001721314
6,0.00016784159516254819,64,4.29594001721314
6,0.00016784159516254819,64,4.29594001721314
6,0.00016784159516254819,64,4.29594001721314
6,0.00017906555296923774,64,4.295940018631804
6,0.00017906555296923774,64,4.295940018631804
6,0.00017906555296923774,64,4.295940018631804
6,0.00017906555296923774,64,4.295940018631804
6,0.00017906555296923774,64,4.295940018631804
6,0.00019104008293728184,64,4.295940020146139
6,0.00019104008293728184,64,4.295940020146139
6,0.00019104008293728184,64,4.295940020146139
6,0.00019104008293728184,64,4.295940020146139
6,0.00019104008293728184,64,4.295940020146139
6,0.00019104008293728184,64,4.295940020146139
6,0.00019104008293728184,64,4.295940020146139
6,0.0002038153775726666,64,4.295940021762635
6,0.0002038153775726666,64,4.295940021762635
6,0.0002038153775726666,64,4.295940021762635
6,0.0002038153775726666,64,4.295940021762635
6,0.0002038153775726666,64,4.295940021762635
6,0.0002038153775726666,64,4.295940021762635
6,0.0002038153775726666,64,4.295940021762635
6,0.0002038153775726666,64,4.295940021762635
6,0.0002038153775726666,64,4.295940021762635
6,0.0002174449858709829,64,4.295940023488267
6,0.0002174449858709829,64,4.295940023488267
6,0.0002174449858709829,64,4.295940023488267
6,0.0002174449858709829,64,4.295940023488267
6,0.0002174449858709829,64,4.295940023488267
6,0.0002174449858709829,64,4.295940023488267
6,0.0002174449858709829,64,4.295940023488267
6,0.0002174449858709829,64,4.295940023488267
6,0.00023198603777369232,64,4.29594002533047
6,0.00023198603777369232,64,4.29594002533047
6,0.00023198603777369232,64,4.29594002533047
6,0.00023198603777369232,64,4.29594002533047
6,0.00023198603777369232,64,4.29594002533047
6,0.00024749948363430473,64,4.295940027297204
6,0.00024749948363430473,64,4.295940027297204
6,0.00024749948363430473,64,4.295940027297204
6,0.00024749948363430473,64,4.295940027297204
6,0.00024749948363430473,64,4.295940027297204
6,0.00024749948363430473,64,4.295940027297204
6,0.00024749948363430473,64,4.295940027297204
6,0.00024749948363430473,64,4.295940027297204
6,0.00026405034969821797,64,4.295940029396974
6,0.00026405034969821797,64,4.295940029396974
6,0.00026405034969821797,64,4.295940029396974
6,0.0002817080106670869,64,4.295940031638888
6,0.0002817080106670869,64,4.295940031638888
6,0.0002817080106670869,64,4.295940031638888
6,0.0002817080106670869,64,4.295940031638888
6,0.0002817080106670869,64,4.295940031638888
6,0.0002817080106670869,64,4.295940031638888
6,0.0002817080106670869,64,4.295940031638888
6,0.0002817080106670869,64,4.295940031638888
6,0.0003005464804902063,64,4.295940034032702
6,0.0003005464804902063,64,4.295940034032702
6,0.0003005464804902063,64,4.295940034032702
6,0.0003005464804902063,64,4.295940034032702
6,0.0003206447226017888,64,4.29594003658882
6,0.0003206447226017888,64,4.29594003658882
6,0.0003206447226017888,64,4.29594003658882
6,0.0003206447226017888,64,4.29594003658882
6,0.0003420869809045341,64,4.295940039318435
6,0.0003420869809045341,64,4.295940039318435
6,0.0003649631328868352,64,4.29594004223347
6,0.0003649631328868352,64,4.29594004223347
6,0.0003649631328868352,64,4.29594004223347
6,0.0003893690663537568,64,4.295940045346748
6,0.0003893690663537568,64,4.295940045346748
6,0.0003893690663537568,64,4.295940045346748
6,0.0003893690663537568,64,4.295940045346748
6,0.00041540708135088687,64,4.295940048671969
6,0.00041540708135088687,64,4.295940048671969
6,0.00041540708135088687,64,4.295940048671969
6,0.00041540708135088687,64,4.295940048671969
6,0.00041540708135088687,64,4.295940048671969
6,0.00041540708135088687,64,4.295940048671969
6,0.00041540708135088687,64,4.295940048671969
6,0.00044318631896577576,64,4.295940052223823
6,0.00044318631896577576,64,4.295940052223823
6,0.00044318631896577576,64,4.295940052223823
6,0.00044318631896577576,64,4.295940052223823
6,0.00047282321880431997,64,4.295940056018056
6,0.00047282321880431997,64,4.295940056018056
6,0.00047282321880431997,64,4.295940056018056
6,0.00047282321880431997,64,4.295940056018056
6,0.00047282321880431997,64,4.295940056018056
6,0.00047282321880431997,64,4.295940056018056
6,0.00047282321880431997,64,4.295940056018056
6,0.0005044420070596583,64,4.295940060071553
6,0.0005044420070596583,64,4.295940060071553
6,0.0005044420070596583,64,4.295940060071553
6,0.0005044420070596583,64,4.295940060071553
6,0.0005044420070596583,64,4.295940060071553
6,0.0005044420070596583,64,4.295940060071553
6,0.0005044420070596583,64,4.295940060071553
6,0.0005381752172193701,64,4.295940064402394
6,0.0005381752172193701,64,4.295940064402394
6,0.0005381752172193701,64,4.295940064402394
6,0.0005741642455935716,64,4.2959400690300065
6,0.0006125599439924746,64,4.2959400739752125
6,0.0006125599439924746,64,4.2959400739752125
6,0.0006125599439924746,64,4.2959400739752125
6,0.0006125599439924746,64,4.2959400739752125
6,0.0006125599439924746,64,4.2959400739752125
6,0.0006125599439924746,64,4.2959400739752125
6,0.0006125599439924746,64,4.2959400739752125
6,0.0006535232520376654,64,4.295940079260366
6,0.0006535232520376654,64,4.295940079260366
6,0.0006535232520376654,64,4.295940079260366
6,0.0006535232520376654,64,4.295940079260366
6,0.0006535232520376654,64,4.295940079260366
6,0.0006535232520376654,64,4.295940079260366
6,0.0006972258717575121,64,4.295940084909482
6,0.0006972258717575121,64,4.295940084909482
6,0.0006972258717575121,64,4.295940084909482
6,0.0006972258717575121,64,4.295940084909482
6,0.0007438509872943369,64,4.295940090948344
6,0.0007438509872943369,64,4.295940090948344
6,0.0007438509872943369,64,4.295940090948344
6,0.0007438509872943369,64,4.295940090948344
6,0.0007438509872943369,64,4.295940090948344
6,0.0007438509872943369,64,4.295940090948344
6,0.0007438509872943369,64,4.295940090948344
6,0.0007438509872943369,64,4.295940090948344
6,0.0007935940327400761,64,4.295940097404655
6,0.0007935940327400761,64,4.295940097404655
6,0.0007935940327400761,64,4.295940097404655
6,0.0007935940327400761,64,4.295940097404655
6,0.0007935940327400761,64,4.295940097404655
6,0.0008466635113189044,64,4.295940104308204
6,0.0008466635113189044,64,4.295940104308204
6,0.0008466635113189044,64,4.295940104308204
6,0.0008466635113189044,64,4.295940104308204
6,0.0008466635113189044,64,4.295940104308204
6,0.0008466635113189044,64,4.295940104308204
6,0.0008466635113189044,64,4.295940104308204
6,0.0009032818693504984,64,4.295940111691022
6,0.0009032818693504984,64,4.295940111691022
6,0.0009636864286572604,64,4.295940119587582
6,0.0009636864286572604,64,4.295940119587582
6,0.0009636864286572604,64,4.295940119587582
6,0.0009636864286572604,64,4.295940119587582
6,0.0009636864286572604,64,4.295940119587582
6,0.0009636864286572604,64,4.295940119587582
6,0.0009636864286572604,64,4.295940119587582
6,0.001028130381323781,64,4.295940128034975
6,0.001028130381323781,64,4.295940128034975
6,0.001028130381323781,64,4.295940128034975
6,0.0010968838509781778,64,4.295940137073159
6,0.0010968838509781778,64,4.295940137073159
6,0.0010968838509781778,64,4.295940137073159
6,0.0010968838509781778,64,4.295940137073159
6,0.0010968838509781778,64,4.295940137073159
6,0.0010968838509781778,64,4.295940137073159
6,0.0010968838509781778,64,4.295940137073159
6,0.0011702350250437908,64,4.295940146745198
6,0.0011702350250437908,64,4.295940146745198
6,0.0011702350250437908,64,4.295940146745198
6,0.0011702350250437908,64,4.295940146745198
6,0.0011702350250437908,64,4.295940146745198
6,0.0011702350250437908,64,4.295940146745198
6,0.0011702350250437908,64,4.295940146745198
6,0.0011702350250437908,64,4.295940146745198
6,0.0012484913627071772,64,4.295940157097505
6,0.0012484913627071772,64,4.295940157097505
6,0.0012484913627071772,64,4.295940157097505
6,0.0012484913627071772,64,4.295940157097505
6,0.0012484913627071772,64,4.295940157097505
6,0.0013319808836657373,64,4.295940168180149
6,0.0013319808836657373,64,4.295940168180149
6,0.0013319808836657373,64,4.295940168180149
6,0.0013319808836657373,64,4.295940168180149
6,0.0013319808836657373,64,4.295940168180149
6,0.001421053543056891,64,4.295940180047166
6,0.001421053543056891,64,4.295940180047166
6,0.001421053543056891,64,4.295940180047166
6,0.001421053543056891,64,4.295940180047166
6,0.001421053543056891,64,4.295940180047166
6,0.001421053543056891,64,4.295940180047166
6,0.001421053543056891,64,4.295940180047166
6,0.0015160826983319608,64,4.295940192756926
6,0.0015160826983319608,64,4.295940192756926
6,0.0015160826983319608,64,4.295940192756926
6,0.0015160826983319608,64,4.295940192756926
6,0.0015160826983319608,64,4.295940192756926
6,0.0015160826983319608,64,4.295940192756926
6,0.0015160826983319608,64,4.295940192756926
6,0.0016174666742233374,64,4.29594020637249
6,0.0016174666742233374,64,4.29594020637249
6,0.0016174666742233374,64,4.29594020637249
6,0.0016174666742233374,64,4.29594020637249
6,0.0016174666742233374,64,4.29594020637249
6,0.0016174666742233374,64,4.29594020637249
6,0.0016174666742233374,64,4.29594020637249
6,0.0017256304323646236,64,4.2959402209620485
6,0.0017256304323646236,64,4.2959402209620485
6,0.0017256304323646236,64,4.2959402209620485
6,0.0017256304323646236,64,4.2959402209620485
6,0.0017256304323646236,64,4.2959402209620485
6,0.0017256304323646236,64,4.2959402209620485
6,0.0017256304323646236,64,4.2959402209620485
6,0.0017256304323646236,64,4.2959402209620485
6,0.0018410273525621594,64,4.295940236599391
6,0.0018410273525621594,64,4.295940236599391
6,0.0018410273525621594,64,4.295940236599391
6,0.0018410273525621594,64,4.295940236599391
6,0.0019641411331843433,64,4.295940253364394
6,0.0019641411331843433,64,4.295940253364394
6,0.0019641411331843433,64,4.295940253364394
6,0.0019641411331843433,64,4.295940253364394
6,0.0019641411331843433,64,4.295940253364394
6,0.0019641411331843433,64,4.295940253364394
6,0.0019641411331843433,64,4.295940253364394
6,0.0019641411331843433,64,4.295940253364394
6,0.0020954878186343613,64,4.2959402713436265
6,0.0020954878186343613,64,4.2959402713436265
6,0.0020954878186343613,64,4.2959402713436265
6,0.0020954878186343613,64,4.2959402713436265
6,0.0022356179624047783,64,4.295940290630911
6,0.0022356179624047783,64,4.295940290630911
6,0.0022356179624047783,64,4.295940290630911
6,0.002385118934780594,64,4.29594031132808
6,0.002385118934780594,64,4.29594031132808
6,0.002385118934780594,64,4.29594031132808
6,0.002385118934780594,64,4.29594031132808
6,0.002385118934780594,64,4.29594031132808
6,0.002385118934780594,64,4.29594031132808
6,0.002385118934780594,64,4.29594031132808
6,0.002544617384863764,64,4.295940333545685
6,0.002544617384863764,64,4.295940333545685
6,0.002544617384863764,64,4.295940333545685
6,0.002544617384863764,64,4.295940333545685
6,0.002544617384863764,64,4.295940333545685
6,0.002544617384863764,64,4.295940333545685
6,0.002544617384863764,64,4.295940333545685
6,0.002714781867239066,64,4.295940357403854
6,0.002714781867239066,64,4.295940357403854
6,0.002714781867239066,64,4.295940357403854
6,0.002714781867239066,64,4.295940357403854
6,0.002714781867239066,64,4.295940357403854
6,0.0028963256442911586,64,4.295940383033207
6,0.0028963256442911586,64,4.295940383033207
6,0.0028963256442911586,64,4.295940383033207
6,0.0028963256442911586,64,4.295940383033207
6,0.0028963256442911586,64,4.295940383033207
6,0.0028963256442911586,64,4.295940383033207
6,0.0028963256442911586,64,4.295940383033207
6,0.0028963256442911586,64,4.295940383033207
6,0.003090009675919158,64,4.295940410575897
6,0.003090009675919158,64,4.295940410575897
6,0.003090009675919158,64,4.295940410575897
6,0.003090009675919158,64,4.295940410575897
6,0.003296645809180352,64,4.295940440186741
6,0.003296645809180352,64,4.295940440186741
6,0.003296645809180352,64,4.295940440186741
6,0.003296645809180352,64,4.295940440186741
6,0.003517100181232793,64,4.295940472034467
6,0.003517100181232793,64,4.295940472034467
6,0.003517100181232793,64,4.295940472034467
6,0.003517100181232793,64,4.295940472034467
6,0.003517100181232793,64,4.295940472034467
6,0.003517100181232793,64,4.295940472034467
6,0.003517100181232793,64,4.295940472034467
6,0.003517100181232793,64,4.295940472034467
6,0.003517100181232793,64,4.295940472034467
6,0.003517100181232793,64,4.295940472034467
6,0.003517100181232793,64,4.295940472034467
6,0.0037522968498406367,64,4.295940506303112
6,0.0037522968498406367,64,4.295940506303112
6,0.0037522968498406367,64,4.295940506303112
6,0.004003221666659722,64,4.295940543193566
6,0.004003221666659722,64,4.295940543193566
6,0.004003221666659722,64,4.295940543193566
6,0.004003221666659722,64,4.295940543193566
6,0.004003221666659722,64,4.295940543193566
6,0.004003221666659722,64,4.295940543193566
6,0.004003221666659722,64,4.295940543193566
6,0.004270926409538859,64,4.295940582925297
6,0.004270926409538859,64,4.295940582925297
6,0.004270926409538859,64,4.295940582925297
6,0.004270926409538859,64,4.295940582925297
6,0.00455653319115766,64,4.29594062573822
6,0.00455653319115766,64,4.29594062573822
6,0.00455653319115766,64,4.29594062573822
6,0.00455653319115766,64,4.29594062573822
6,0.00455653319115766,64,4.29594062573822
6,0.00455653319115766,64,4.29594062573822
6,0.00455653319115766,64,4.29594062573822
6,0.004861239162480226,64,4.295940671894831
6,0.004861239162480226,64,4.295940671894831
6,0.0051863215307398,64,4.295940721682504
6,0.0051863215307398,64,4.295940721682504
6,0.0051863215307398,64,4.295940721682504
6,0.0051863215307398,64,4.295940721682504
6,0.0051863215307398,64,4.295940721682504
6,0.0051863215307398,64,4.295940721682504
6,0.0051863215307398,64,4.295940721682504
6,0.0051863215307398,64,4.295940721682504
6,0.005533142912987591,64,4.295940775416111
6,0.005533142912987591,64,4.295940775416111
6,0.005533142912987591,64,4.295940775416111
6,0.005533142912987591,64,4.295940775416111
6,0.005533142912987591,64,4.295940775416111
6,0.005533142912987591,64,4.295940775416111
6,0.005533142912987591,64,4.295940775416111
6,0.005533142912987591,64,4.295940775416111
6,0.005533142912987591,64,4.295940775416111
6,0.005903157047645993,64,4.295940833440871
6,0.005903157047645993,64,4.295940833440871
6,0.005903157047645993,64,4.295940833440871
6,0.005903157047645993,64,4.295940833440871
6,0.00629791488800657,64,4.295940896135535
6,0.00629791488800657,64,4.295940896135535
6,0.00629791488800657,64,4.295940896135535
6,0.00629791488800657,64,4.295940896135535
6,0.00629791488800657,64,4.295940896135535
6,0.00629791488800657,64,4.295940896135535
6,0.006719071103214418,64,4.295940963915911
6,0.006719071103214418,64,4.295940963915911
6,0.006719071103214418,64,4.295940963915911
6,0.006719071103214418,64,4.295940963915911
6,0.006719071103214418,64,4.295940963915911
6,0.006719071103214418,64,4.295940963915911
6,0.007168391013988566,64,4.295941037238759
6,0.007168391013988566,64,4.295941037238759
6,0.007168391013988566,64,4.295941037238759
6,0.007168391013988566,64,4.295941037238759
6,0.007168391013988566,64,4.295941037238759
6,0.007168391013988566,64,4.295941037238759
6,0.007647757992149969,64,4.295941116606138
6,0.007647757992149969,64,4.295941116606138
6,0.007647757992149969,64,4.295941116606138
6,0.007647757992149969,64,4.295941116606138
6,0.007647757992149969,64,4.295941116606138
6,0.007647757992149969,64,4.295941116606138
6,0.007647757992149969,64,4.295941116606138
6,0.007647757992149969,64,4.295941116606138
6,0.00815918135497331,64,4.295941202570173
6,0.00815918135497331,64,4.295941202570173
6,0.00815918135497331,64,4.295941202570173
6,0.00815918135497331,64,4.295941202570173
6,0.008704804787452367,64,4.295941295738344
6,0.008704804787452367,64,4.295941295738344
6,0.008704804787452367,64,4.295941295738344
6,0.008704804787452367,64,4.295941295738344
6,0.009286915327781859,64,4.295941396779371
6,0.009907952953719419,64,4.295941506429658
6,0.010570520810009826,64,4.295941625500419
6,0.010570520810009826,64,4.295941625500419
6,0.010570520810009826,64,4.295941625500419
6,0.010570520810009826,64,4.295941625500419
6,0.010570520810009826,64,4.295941625500419
6,0.010570520810009826,64,4.295941625500419
6,0.010570520810009826,64,4.295941625500419
6,0.010570520810009826,64,4.295941625500419
6,0.011277396119740902,64,4.295941754885572
6,0.011277396119740902,64,4.295941754885572
6,0.011277396119740902,64,4.295941754885572
6,0.011277396119740902,64,4.295941754885572
6,0.012031541825367172,64,4.295941895570374
6,0.012031541825367172,64,4.295941895570374
6,0.012031541825367172,64,4.295941895570374
6,0.012031541825367172,64,4.295941895570374
6,0.012031541825367172,64,4.295941895570374
6,0.012031541825367172,64,4.295941895570374
6,0.012031541825367172,64,4.295941895570374
6,0.012031541825367172,64,4.295941895570374
6,0.012836119008195774,64,4.295942048640962
6,0.012836119008195774,64,4.295942048640962
6,0.012836119008195774,64,4.295942048640962
6,0.012836119008195774,64,4.295942048640962
6,0.012836119008195774,64,4.295942048640962
6,0.012836119008195774,64,4.295942048640962
6,0.013694500138392414,64,4.295942215294792
6,0.013694500138392414,64,4.295942215294792
6,0.013694500138392414,64,4.295942215294792
6,0.013694500138392414,64,4.295942215294792
6,0.013694500138392414,64,4.295942215294792
6,0.0146102832110459,64,4.295942396852109
6,0.0146102832110459,64,4.295942396852109
6,0.0146102832110459,64,4.295942396852109
6,0.0146102832110459,64,4.295942396852109
6,0.0146102832110459,64,4.295942396852109
6,0.0146102832110459,64,4.295942396852109
6,0.0146102832110459,64,4.295942396852109
6,0.015587306827544245,64,4.295942594768476
6,0.015587306827544245,64,4.295942594768476
6,0.015587306827544245,64,4.295942594768476
6,0.015587306827544245,64,4.295942594768476
6,0.015587306827544245,64,4.295942594768476
6,0.015587306827544245,64,4.295942594768476
6,0.015587306827544245,64,4.295942594768476
6,0.015587306827544245,64,4.295942594768476
6,0.015587306827544245,64,4.295942594768476
6,0.01662966628547748,64,4.295942810648485
6,0.01662966628547748,64,4.295942810648485
6,0.01662966628547748,64,4.295942810648485
6,0.01662966628547748,64,4.295942810648485
6,0.0177417307445096,64,4.295943046260668
6,0.0177417307445096,64,4.295943046260668
6,0.0177417307445096,64,4.295943046260668
6,0.0177417307445096,64,4.295943046260668
6,0.0177417307445096,64,4.295943046260668
6,0.0177417307445096,64,4.295943046260668
6,0.0177417307445096,64,4.295943046260668
6,0.018928161540172444,64,4.295943303553699
6,0.018928161540172444,64,4.295943303553699
6,0.018928161540172444,64,4.295943303553699
6,0.018928161540172444,64,4.295943303553699
6,0.018928161540172444,64,4.295943303553699
6,0.020193931722345407,64,4.295943584674033
6,0.020193931722345407,64,4.295943584674033
6,0.021544346900318846,64,4.29594389198488
6,0.021544346900318846,64,4.29594389198488
6,0.021544346900318846,64,4.29594389198488
6,0.022985067481815197,64,4.295944228086747
6,0.022985067481815197,64,4.295944228086747
6,0.022985067481815197,64,4.295944228086747
6,0.022985067481815197,64,4.295944228086747
6,0.022985067481815197,64,4.295944228086747
6,0.022985067481815197,64,4.295944228086747
6,0.024522132399185402,64,4.2959445958394795
6,0.024522132399185402,64,4.2959445958394795
6,0.024522132399185402,64,4.2959445958394795
6,0.024522132399185402,64,4.2959445958394795
6,0.026161984422231045,64,4.295944998385841
6,0.026161984422231045,64,4.295944998385841
6,0.026161984422231045,64,4.295944998385841
6,0.026161984422231045,64,4.295944998385841
6,0.026161984422231045,64,4.295944998385841
6,0.026161984422231045,64,4.295944998385841
6,0.026161984422231045,64,4.295944998385841
6,0.026161984422231045,64,4.295944998385841
6,0.026161984422231045,64,4.295944998385841
6,0.026161984422231045,64,4.295944998385841
6,0.027911497163753848,64,4.295945439176695
6,0.027911497163753848,64,4.295945439176695
6,0.029778003891029147,64,4.29594592199774
6,0.029778003891029147,64,4.29594592199774
6,0.029778003891029147,64,4.29594592199774
6,0.029778003891029147,64,4.29594592199774
6,0.029778003891029147,64,4.29594592199774
6,0.029778003891029147,64,4.29594592199774
6,0.031769328263969374,64,4.295946450997768
6,0.031769328263969374,64,4.295946450997768
6,0.031769328263969374,64,4.295946450997768
6,0.031769328263969374,64,4.295946450997768
6,0.031769328263969374,64,4.295946450997768
6,0.031769328263969374,64,4.295946450997768
6,0.031769328263969374,64,4.295946450997768
6,0.03389381712882037,64,4.29594703071837
6,0.03389381712882037,64,4.29594703071837
6,0.03389381712882037,64,4.29594703071837
6,0.03389381712882037,64,4.29594703071837
6,0.036160375504848116,64,4.295947666125039
6,0.036160375504848116,64,4.295947666125039
6,0.036160375504848116,64,4.295947666125039
6,0.036160375504848116,64,4.295947666125039
6,0.036160375504848116,64,4.295947666125039
6,0.036160375504848116,64,4.295947666125039
6,0.03857850391066673,64,4.295948362639436
6,0.03857850391066673,64,4.295948362639436
6,0.041158338186664825,64,4.295949126172758
6,0.041158338186664825,64,4.295949126172758
6,0.041158338186664825,64,4.295949126172758
6,0.041158338186664825,64,4.295949126172758
6,0.041158338186664825,64,4.295949126172758
6,0.041158338186664825,64,4.295949126172758
6,0.043910691980449945,64,4.295949963159835
6,0.043910691980449945,64,4.295949963159835
6,0.043910691980449945,64,4.295949963159835
6,0.043910691980449945,64,4.295949963159835
6,0.043910691980449945,64,4.295949963159835
6,0.043910691980449945,64,4.295949963159835
6,0.043910691980449945,64,4.295949963159835
6,0.046847102073393855,64,4.295950880593813
6,0.046847102073393855,64,4.295950880593813
6,0.04997987673826894,64,4.295951886060969
6,0.04997987673826894,64,4.295951886060969
6,0.04997987673826894,64,4.295951886060969
6,0.04997987673826894,64,4.295951886060969
6,0.04997987673826894,64,4.295951886060969
6,0.04997987673826894,64,4.295951886060969
6,0.04997987673826894,64,4.295951886060969
6,0.04997987673826894,64,4.295951886060969
6,0.05332214733067242,64,4.295952987775303
6,0.05332214733067242,64,4.295952987775303
6,0.05332214733067242,64,4.295952987775303
6,0.05332214733067242,64,4.295952987775303
6,0.05332214733067242,64,4.295952987775303
6,0.05332214733067242,64,4.295952987775303
6,0.056887923330489094,64,4.295954194612467
6,0.056887923330489094,64,4.295954194612467
6,0.056887923330489094,64,4.295954194612467
6,0.06069215106410441,64,4.29595551614245
6,0.06069215106410441,64,4.29595551614245
6,0.06475077635350907,64,4.295956962660518
6,0.06475077635350907,64,4.295956962660518
6,0.06475077635350907,64,4.295956962660518
6,0.06475077635350907,64,4.295956962660518
6,0.06475077635350907,64,4.295956962660518
6,0.06475077635350907,64,4.295956962660518
6,0.06908081135489438,64,4.295958545215669
6,0.06908081135489438,64,4.295958545215669
6,0.06908081135489438,64,4.295958545215669
6,0.06908081135489438,64,4.295958545215669
6,0.06908081135489438,64,4.295958545215669
6,0.07370040586690031,64,4.295960275636042
6,0.07370040586690031,64,4.295960275636042
6,0.07370040586690031,64,4.295960275636042
6,0.07370040586690031,64,4.295960275636042
6,0.07370040586690031,64,4.295960275636042
6,0.07862892340741143,64,4.2959621665503995
6,0.07862892340741143,64,4.2959621665503995
6,0.07862892340741143,64,4.2959621665503995
6,0.08388702237778593,64,4.295964231405037
6,0.08388702237778593,64,4.295964231405037
6,0.08388702237778593,64,4.295964231405037
6,0.08388702237778593,64,4.295964231405037
6,0.08388702237778593,64,4.295964231405037
6,0.08388702237778593,64,4.295964231405037
6,0.08388702237778593,64,4.295964231405037
6,0.0894967426547247,64,4.295966484475295
6,0.0894967426547247,64,4.295966484475295
6,0.0894967426547247,64,4.295966484475295
6,0.0894967426547247,64,4.295966484475295
6,0.09548159797274021,64,4.295968940870775
6,0.09548159797274021,64,4.295968940870775
6,0.09548159797274021,64,4.295968940870775
6,0.09548159797274021,64,4.295968940870775
6,0.09548159797274021,64,4.295968940870775
6,0.09548159797274021,64,4.295968940870775
6,0.09548159797274021,64,4.295968940870775
6,0.09548159797274021,64,4.295968940870775
6,0.1018666744844563,64,4.295971616533571
6,0.1018666744844563,64,4.295971616533571
6,0.1018666744844563,64,4.295971616533571
6,0.1018666744844563,64,4.295971616533571
6,0.1018666744844563,64,4.295971616533571
6,0.1018666744844563,64,4.295971616533571
6,0.10867873591186367,64,4.295974528228677
6,0.10867873591186367,64,4.295974528228677
6,0.10867873591186367,64,4.295974528228677
6,0.10867873591186367,64,4.295974528228677
6,0.10867873591186367,64,4.295974528228677
6,0.11594633572928544,64,4.295977693525736
6,0.11594633572928544,64,4.295977693525736
6,0.11594633572928544,64,4.295977693525736
6,0.11594633572928544,64,4.295977693525736
6,0.11594633572928544,64,4.295977693525736
6,0.11594633572928544,64,4.295977693525736
6,0.11594633572928544,64,4.295977693525736
6,0.11594633572928544,64,4.295977693525736
6,0.11594633572928544,64,4.295977693525736
6,0.1236999368482776,64,4.2959811307715245
6,0.1236999368482776,64,4.2959811307715245
6,0.1236999368482776,64,4.2959811307715245
6,0.1236999368482776,64,4.2959811307715245
6,0.1236999368482776,64,4.2959811307715245
6,0.1236999368482776,64,4.2959811307715245
6,0.1236999368482776,64,4.2959811307715245
6,0.1236999368482776,64,4.2959811307715245
6,0.13197203930613743,64,4.2959848590524
6,0.13197203930613743,64,4.2959848590524
6,0.13197203930613743,64,4.2959848590524
6,0.13197203930613743,64,4.2959848590524
6,0.13197203930613743,64,4.2959848590524
6,0.13197203930613743,64,4.2959848590524
6,0.14079731649323968,64,4.295988898146124
6,0.14079731649323968,64,4.295988898146124
6,0.14079731649323968,64,4.295988898146124
6,0.14079731649323968,64,4.295988898146124
6,0.1502127604902106,64,4.295993268462594
6,0.1502127604902106,64,4.295993268462594
6,0.1502127604902106,64,4.295993268462594
6,0.1502127604902106,64,4.295993268462594
6,0.1502127604902106,64,4.295993268462594
6,0.1502127604902106,64,4.295993268462594
6,0.1602578371241384,64,4.295997990972951
6,0.1602578371241384,64,4.295997990972951
6,0.1602578371241384,64,4.295997990972951
6,0.1602578371241384,64,4.295997990972951
6,0.1602578371241384,64,4.295997990972951
6,0.17097465139375173,64,4.2960030871267785
6,0.17097465139375173,64,4.2960030871267785
6,0.17097465139375173,64,4.2960030871267785
6,0.17097465139375173,64,4.2960030871267785
6,0.17097465139375173,64,4.2960030871267785
6,0.1824081239569649,64,4.2960085787571085
6,0.1824081239569649,64,4.2960085787571085
6,0.1824081239569649,64,4.2960085787571085
6,0.1824081239569649,64,4.2960085787571085
6,0.19460617942055622,64,4.296014487973061
6,0.20761994722121382,64,4.296020837040054
6,0.20761994722121382,64,4.296020837040054
6,0.20761994722121382,64,4.296020837040054
6,0.20761994722121382,64,4.296020837040054
6,0.22150397593996615,64,4.2960276482476925
6,0.22150397593996615,64,4.2960276482476925
6,0.22150397593996615,64,4.2960276482476925
6,0.22150397593996615,64,4.2960276482476925
6,0.22150397593996615,64,4.2960276482476925
6,0.23631646194831477,64,4.29603494376539
6,0.23631646194831477,64,4.29603494376539
6,0.23631646194831477,64,4.29603494376539
6,0.23631646194831477,64,4.29603494376539
6,0.23631646194831477,64,4.29603494376539
6,0.25211949334446737,64,4.296042745486016
6,0.25211949334446737,64,4.296042745486016
6,0.25211949334446737,64,4.296042745486016
6,0.25211949334446737,64,4.296042745486016
6,0.26897931020215227,64,4.296051074857988
6,0.26897931020215227,64,4.296051074857988
6,0.26897931020215227,64,4.296051074857988
6,0.2869665822228788,64,4.296059952706276
6,0.2869665822228788,64,4.296059952706276
6,0.2869665822228788,64,4.296059952706276
6,0.2869665822228788,64,4.296059952706276
6,0.30615670495544806,64,4.296069399042979
6,0.30615670495544806,64,4.296069399042979
6,0.30615670495544806,64,4.296069399042979
6,0.30615670495544806,64,4.296069399042979
6,0.3266301158243518,64,4.296079432868398
6,0.3266301158243518,64,4.296079432868398
6,0.3266301158243518,64,4.296079432868398
6,0.3266301158243518,64,4.296079432868398
6,0.3266301158243518,64,4.296079432868398
6,0.3266301158243518,64,4.296079432868398
6,0.3266301158243518,64,4.296079432868398
6,0.3266301158243518,64,4.296079432868398
6,0.3484726312917259,64,4.296090071963574
6,0.3484726312917259,64,4.296090071963574
6,0.3484726312917259,64,4.296090071963574
6,0.3484726312917259,64,4.296090071963574
6,0.3484726312917259,64,4.296090071963574
6,0.3484726312917259,64,4.296090071963574
6,0.3484726312917259,64,4.296090071963574
6,0.3717758065661061,64,4.296101332675625
6,0.3717758065661061,64,4.296101332675625
6,0.3717758065661061,64,4.296101332675625
6,0.3717758065661061,64,4.296101332675625
6,0.3717758065661061,64,4.296101332675625
6,0.39663731936574764,64,4.29611322969744
6,0.39663731936574764,64,4.29611322969744
6,0.39663731936574764,64,4.29611322969744
6,0.39663731936574764,64,4.29611322969744
6,0.39663731936574764,64,4.29611322969744
6,0.39663731936574764,64,4.29611322969744
6,0.39663731936574764,64,4.29611322969744
6,0.4231613793450881,64,4.296125775843628
6,0.4231613793450881,64,4.296125775843628
6,0.4231613793450881,64,4.296125775843628
6,0.4514591649005106,64,4.296138981824855
6,0.4514591649005106,64,4.296138981824855
6,0.4514591649005106,64,4.296138981824855
6,0.4514591649005106,64,4.296138981824855
6,0.4514591649005106,64,4.296138981824855
6,0.4514591649005106,64,4.296138981824855
6,0.4514591649005106,64,4.296138981824855
6,0.4514591649005106,64,4.296138981824855
6,0.4514591649005106,64,4.296138981824855
6,0.4816492891863252,64,4.296152856023184
6,0.4816492891863252,64,4.296152856023184
6,0.4816492891863252,64,4.296152856023184
6,0.4816492891863252,64,4.296152856023184
6,0.4816492891863252,64,4.296152856023184
6,0.5138582972943202,64,4.296167404271277
6,0.5138582972943202,64,4.296167404271277
6,0.5138582972943202,64,4.296167404271277
6,0.5482211966808708,64,4.296182629638812
6,0.5482211966808708,64,4.296182629638812
6,0.5482211966808708,64,4.296182629638812
6,0.5482211966808708,64,4.296182629638812
6,0.5482211966808708,64,4.296182629638812
6,0.5482211966808708,64,4.296182629638812
6,0.5848820230649372,64,4.296198532229605
6,0.5848820230649372,64,4.296198532229605
6,0.5848820230649372,64,4.296198532229605
6,0.5848820230649372,64,4.296198532229605
6,0.5848820230649372,64,4.296198532229605
6,0.5848820230649372,64,4.296198532229605
6,0.5848820230649372,64,4.296198532229605
6,0.5848820230649372,64,4.296198532229605
6,0.6239944441689813,64,4.296215108993449
6,0.6239944441689813,64,4.296215108993449
6,0.6239944441689813,64,4.296215108993449
6,0.6239944441689813,64,4.296215108993449
6,0.6239944441689813,64,4.296215108993449
6,0.6239944441689813,64,4.296215108993449
6,0.6239944441689813,64,4.296215108993449
6,0.6657224038334415,64,4.2962323535567695
6,0.6657224038334415,64,4.2962323535567695
6,0.6657224038334415,64,4.2962323535567695
6,0.7102408092046375,64,4.29625025607634
6,0.7102408092046375,64,4.29625025607634
6,0.7102408092046375,64,4.29625025607634
6,0.7102408092046375,64,4.29625025607634
6,0.7102408092046375,64,4.29625025607634
6,0.7102408092046375,64,4.29625025607634
6,0.7102408092046375,64,4.29625025607634
6,0.7577362638765357,64,4.296268803120501
6,0.8084078500594021,64,4.296287977582038
6,0.8084078500594021,64,4.296287977582038
6,0.8084078500594021,64,4.296287977582038
6,0.8084078500594021,64,4.296287977582038
6,0.8084078500594021,64,4.296287977582038
6,0.8084078500594021,64,4.296287977582038
6,0.920143201528384,64,4.296328121682038
6,0.920143201528384,64,4.296328121682038
6,0.920143201528384,64,4.296328121682038
6,0.920143201528384,64,4.296328121682038
6,0.920143201528384,64,4.296328121682038
6,0.9816753173311735,64,4.296349038466633
6,0.9816753173311735,64,4.296349038466633
6,0.9816753173311735,64,4.296349038466633
6,0.9816753173311735,64,4.296349038466633
6,0.9816753173311735,64,4.296349038466633
6,0.9816753173311735,64,4.296349038466633
6,0.9816753173311735,64,4.296349038466633
6,0.9816753173311735,64,4.296349038466633
6,1.0473222288188955,64,4.296370477067406
6,1.0473222288188955,64,4.296370477067406
6,1.0473222288188955,64,4.296370477067406
6,1.0473222288188955,64,4.296370477067406
6,1.0473222288188955,64,4.296370477067406
6,1.0473222288188955,64,4.296370477067406
6,1.1173591019485078,64,4.296392402061514
6,1.1173591019485078,64,4.296392402061514
6,1.1173591019485078,64,4.296392402061514
6,1.1173591019485078,64,4.296392402061514
6,1.1173591019485078,64,4.296392402061514
6,1.1173591019485078,64,4.296392402061514
6,1.1173591019485078,64,4.296392402061514
6,1.192079503664454,64,4.29641477468669
6,1.192079503664454,64,4.29641477468669
6,1.2717966324154717,64,4.296437553058673
6,1.2717966324154717,64,4.296437553058673
6,1.356844630958961,64,4.296460692434547
6,1.356844630958961,64,4.296460692434547
6,1.356844630958961,64,4.296460692434547
6,1.356844630958961,64,4.296460692434547
6,1.447579986955596,64,4.296484145519374
6,1.447579986955596,64,4.296484145519374
6,1.447579986955596,64,4.296484145519374
6,1.447579986955596,64,4.296484145519374
6,1.447579986955596,64,4.296484145519374
6,1.5443830272249786,64,4.29650786281249
6,1.5443830272249786,64,4.29650786281249
6,1.5443830272249786,64,4.29650786281249
6,1.5443830272249786,64,4.29650786281249
6,1.5443830272249786,64,4.29650786281249
6,1.5443830272249786,64,4.29650786281249
6,1.5443830272249786,64,4.29650786281249
6,1.6476595119256485,64,4.296531792988705
6,1.6476595119256485,64,4.296531792988705
6,1.7578423353415833,64,4.296555883308699
6,1.7578423353415833,64,4.296555883308699
6,1.7578423353415833,64,4.296555883308699
6,1.7578423353415833,64,4.296555883308699
6,1.7578423353415833,64,4.296555883308699
6,1.7578423353415833,64,4.296555883308699
6,1.7578423353415833,64,4.296555883308699
6,2.0008052545562065,64,4.296604328965324
6,2.0008052545562065,64,4.296604328965324
6,2.134603755069697,64,4.296628575718666
6,2.134603755069697,64,4.296628575718666
6,2.134603755069697,64,4.296628575718666
6,2.2773496724789104,64,4.296652766361044
6,2.429641341360074,64,4.296676847768167
6,2.429641341360074,64,4.296676847768167
6,2.429641341360074,64,4.296676847768167
6,2.429641341360074,64,4.296676847768167
6,2.429641341360074,64,4.296676847768167
6,2.429641341360074,64,4.296676847768167
6,2.592117108314055,64,4.296700768074233
6,2.592117108314055,64,4.296700768074233
6,2.592117108314055,64,4.296700768074233
6,2.592117108314055,64,4.296700768074233
6,2.592117108314055,64,4.296700768074233
6,2.7654580076634643,64,4.296724477080714
6,2.7654580076634643,64,4.296724477080714
6,2.7654580076634643,64,4.296724477080714
6,2.7654580076634643,64,4.296724477080714
6,2.7654580076634643,64,4.296724477080714
6,2.7654580076634643,64,4.296724477080714
6,2.7654580076634643,64,4.296724477080714
6,2.950390616079903,64,4.296747926635595
6,2.950390616079903,64,4.296747926635595
6,2.950390616079903,64,4.296747926635595
6,2.950390616079903,64,4.296747926635595
6,2.950390616079903,64,4.296747926635595
6,2.950390616079903,64,4.296747926635595
6,3.147690098106772,64,4.296771070977396
6,3.147690098106772,64,4.296771070977396
6,3.147690098106772,64,4.296771070977396
6,3.358183455343213,64,4.296793867039339
6,3.358183455343213,64,4.296793867039339
6,3.358183455343213,64,4.296793867039339
6,3.358183455343213,64,4.296793867039339
6,3.358183455343213,64,4.296793867039339
6,3.582752992908632,64,4.296816274710032
6,3.582752992908632,64,4.296816274710032
6,3.582752992908632,64,4.296816274710032
6,3.582752992908632,64,4.296816274710032
6,3.8223400177176696,64,4.296838257048295
6,3.8223400177176696,64,4.296838257048295
6,3.8223400177176696,64,4.296838257048295
6,3.8223400177176696,64,4.296838257048295
6,3.8223400177176696,64,4.296838257048295
6,3.8223400177176696,64,4.296838257048295
6,4.077948784067481,64,4.296859780450811
6,4.077948784067481,64,4.296859780450811
6,4.077948784067481,64,4.296859780450811
6,4.077948784067481,64,4.296859780450811
6,4.077948784067481,64,4.296859780450811
6,4.350650703075626,64,4.2968808147724555
6,4.350650703075626,64,4.2968808147724555
6,4.350650703075626,64,4.2968808147724555
6,4.350650703075626,64,4.2968808147724555
6,4.350650703075626,64,4.2968808147724555
6,4.350650703075626,64,4.2968808147724555
6,4.350650703075626,64,4.2968808147724555
6,4.350650703075626,64,4.2968808147724555
6,4.9519826735546415,64,4.296921313282546
6,5.283133271435983,64,4.29694073491679
6,5.283133271435983,64,4.29694073491679
6,5.283133271435983,64,4.29694073491679
6,5.283133271435983,64,4.29694073491679
6,5.283133271435983,64,4.29694073491679
6,5.283133271435983,64,4.29694073491679
6,5.283133271435983,64,4.29694073491679
6,5.283133271435983,64,4.29694073491679
6,5.636428679932827,64,4.2969595822981415
6,5.636428679932827,64,4.2969595822981415
6,6.013349774031784,64,4.2969778428339245
6,6.013349774031784,64,4.2969778428339245
6,6.013349774031784,64,4.2969778428339245
6,6.013349774031784,64,4.2969778428339245
6,6.415476458273763,64,4.2969955072275585
6,6.415476458273763,64,4.2969955072275585
6,6.415476458273763,64,4.2969955072275585
6,6.844494289090598,64,4.297012569336708
6,6.844494289090598,64,4.297012569336708
6,6.844494289090598,64,4.297012569336708
6,6.844494289090598,64,4.297012569336708
6,6.844494289090598,64,4.297012569336708
6,6.844494289090598,64,4.297012569336708
6,6.844494289090598,64,4.297012569336708
6,7.3022015399927485,64,4.297029026010225
6,7.790516739222392,64,4.297044876908503
6,7.790516739222392,64,4.297044876908503
6,7.790516739222392,64,4.297044876908503
6,7.790516739222392,64,4.297044876908503
6,7.790516739222392,64,4.297044876908503
6,8.311486711467111,64,4.2970601243116935
6,8.311486711467111,64,4.2970601243116935
6,8.311486711467111,64,4.2970601243116935
6,8.311486711467111,64,4.2970601243116935
6,8.311486711467111,64,4.2970601243116935
6,8.311486711467111,64,4.2970601243116935
6,8.311486711467111,64,4.2970601243116935
6,8.867295157341472,64,4.297074772920018
6,8.867295157341472,64,4.297074772920018
6,8.867295157341472,64,4.297074772920018
6,8.867295157341472,64,4.297074772920018
6,8.867295157341472,64,4.297074772920018
6,8.867295157341472,64,4.297074772920018
6,9.460271806598614,64,4.297088829650161
6,9.460271806598614,64,4.297088829650161
6,9.460271806598614,64,4.297088829650161
6,9.460271806598614,64,4.297088829650161
6,9.460271806598614,64,4.297088829650161
6,9.460271806598614,64,4.297088829650161
6,9.460271806598614,64,4.297088829650161
6,9.460271806598614,64,4.297088829650161
6,10.092902183438433,64,4.297102303431302
6,10.092902183438433,64,4.297102303431302
6,10.092902183438433,64,4.297102303431302
6,10.092902183438433,64,4.297102303431302
6,10.092902183438433,64,4.297102303431302
6,10.767838024844412,64,4.297115205004081
6,10.767838024844412,64,4.297115205004081
6,10.767838024844412,64,4.297115205004081
6,10.767838024844412,64,4.297115205004081
6,10.767838024844412,64,4.297115205004081
6,10.767838024844412,64,4.297115205004081
6,10.767838024844412,64,4.297115205004081
6,10.767838024844412,64,4.297115205004081
6,10.767838024844412,64,4.297115205004081
6,10.767838024844412,64,4.297115205004081
6,10.767838024844412,64,4.297115205004081
6,11.48790839561917,64,4.29712754672531
6,11.48790839561917,64,4.29712754672531
6,11.48790839561917,64,4.29712754672531
6,11.48790839561917,64,4.29712754672531
6,11.48790839561917,64,4.29712754672531
6,11.48790839561917,64,4.29712754672531
6,12.256131546707989,64,4.297139342380888
6,12.256131546707989,64,4.297139342380888
6,12.256131546707989,64,4.297139342380888
6,12.256131546707989,64,4.297139342380888
6,13.075727566516196,64,4.297150607009026
6,13.075727566516196,64,4.297150607009026
6,13.075727566516196,64,4.297150607009026
6,13.075727566516196,64,4.297150607009026
6,13.075727566516196,64,4.297150607009026
6,13.075727566516196,64,4.297150607009026
6,13.075727566516196,64,4.297150607009026
6,13.950131878249618,64,4.297161356735494
6,14.883009639853281,64,4.29717160862224
6,14.883009639853281,64,4.29717160862224
6,14.883009639853281,64,4.29717160862224
6,14.883009639853281,64,4.29717160862224
6,14.883009639853281,64,4.29717160862224
6,15.878271106907928,64,4.297181380530551
6,15.878271106907928,64,4.297181380530551
6,15.878271106907928,64,4.297181380530551
6,15.878271106907928,64,4.297181380530551
6,16.940088022878722,64,4.2971906909995266
6,16.940088022878722,64,4.2971906909995266
6,16.940088022878722,64,4.2971906909995266
6,16.940088022878722,64,4.2971906909995266
6,18.07291110541828,64,4.2971995591405046
6,18.07291110541828,64,4.2971995591405046
6,18.07291110541828,64,4.2971995591405046
6,18.07291110541828,64,4.2971995591405046
6,18.07291110541828,64,4.2971995591405046
6,18.07291110541828,64,4.2971995591405046
6,19.281488702019512,64,4.2972080045478975
6,19.281488702019512,64,4.2972080045478975
6,19.281488702019512,64,4.2972080045478975
6,19.281488702019512,64,4.2972080045478975
6,20.570886693214934,64,4.2972160472267085
6,20.570886693214934,64,4.2972160472267085
6,20.570886693214934,64,4.2972160472267085
6,20.570886693214934,64,4.2972160472267085
6,20.570886693214934,64,4.2972160472267085
6,21.946509726749827,64,4.297223707536944
6,21.946509726749827,64,4.297223707536944
6,21.946509726749827,64,4.297223707536944
6,21.946509726749827,64,4.297223707536944
6,21.946509726749827,64,4.297223707536944
6,21.946509726749827,64,4.297223707536944
6,21.946509726749827,64,4.297223707536944
6,23.414123871733302,64,4.297231006155069
6,23.414123871733302,64,4.297231006155069
6,23.414123871733302,64,4.297231006155069
6,23.414123871733302,64,4.297231006155069
6,23.414123871733302,64,4.297231006155069
6,23.414123871733302,64,4.297231006155069
6,24.979880787725563,64,4.297237964052599
6,24.979880787725563,64,4.297237964052599
6,24.979880787725563,64,4.297237964052599
6,24.979880787725563,64,4.297237964052599
6,26.65034351006826,64,4.297244602491951
6,26.65034351006826,64,4.297244602491951
6,26.65034351006826,64,4.297244602491951
6,28.432513959539357,64,4.297250943039707
6,28.432513959539357,64,4.297250943039707
6,28.432513959539357,64,4.297250943039707
6,28.432513959539357,64,4.297250943039707
6,28.432513959539357,64,4.297250943039707
6,28.432513959539357,64,4.297250943039707
6,30.333862291643364,64,4.297257007597485
6,30.333862291643364,64,4.297257007597485
6,30.333862291643364,64,4.297257007597485
6,30.333862291643364,64,4.297257007597485
6,32.36235820855605,64,4.297262818450712
6,32.36235820855605,64,4.297262818450712
6,32.36235820855605,64,4.297262818450712
6,32.36235820855605,64,4.297262818450712
6,32.36235820855605,64,4.297262818450712
6,32.36235820855605,64,4.297262818450712
6,34.526504364972304,64,4.2972683983356825
6,34.526504364972304,64,4.2972683983356825
6,34.526504364972304,64,4.2972683983356825
6,34.526504364972304,64,4.2972683983356825
6,36.8353720078807,64,4.297273770525447
6,36.8353720078807,64,4.297273770525447
6,36.8353720078807,64,4.297273770525447
6,36.8353720078807,64,4.297273770525447
6,39.29863899965208,64,4.297278958935133
6,39.29863899965208,64,4.297278958935133
6,39.29863899965208,64,4.297278958935133
6,39.29863899965208,64,4.297278958935133
6,41.92663038382149,64,4.297283988247553
6,44.73036166359721,64,4.2972888840600465
6,44.73036166359721,64,4.2972888840600465
6,44.73036166359721,64,4.2972888840600465
6,44.73036166359721,64,4.2972888840600465
6,47.72158497450504,64,4.297293673053691
6,47.72158497450504,64,4.297293673053691
6,50.912838344704916,64,4.297298383186224
6,50.912838344704916,64,4.297298383186224
6,50.912838344704916,64,4.297298383186224
6,50.912838344704916,64,4.297298383186224
6,50.912838344704916,64,4.297298383186224
6,50.912838344704916,64,4.297298383186224
6,54.31749824945833,64,4.2973030439101825
6,54.31749824945833,64,4.2973030439101825
6,54.31749824945833,64,4.2973030439101825
6,54.31749824945833,64,4.2973030439101825
6,54.31749824945833,64,4.2973030439101825
6,57.94983568003634,64,4.297307686417952
6,57.94983568003634,64,4.297307686417952
6,57.94983568003634,64,4.297307686417952
6,57.94983568003634,64,4.297307686417952
6,57.94983568003634,64,4.297307686417952
6,57.94983568003634,64,4.297307686417952
6,57.94983568003634,64,4.297307686417952
6,61.82507596208572,64,4.297312343915614
6,61.82507596208572,64,4.297312343915614
6,61.82507596208572,64,4.297312343915614
6,61.82507596208572,64,4.297312343915614
6,61.82507596208572,64,4.297312343915614
6,65.95946257418731,64,4.297317051927674
6,65.95946257418731,64,4.297317051927674
6,65.95946257418731,64,4.297317051927674
6,65.95946257418731,64,4.297317051927674
6,70.37032523411159,64,4.297321848634921
6,70.37032523411159,64,4.297321848634921
6,70.37032523411159,64,4.297321848634921
6,70.37032523411159,64,4.297321848634921
6,70.37032523411159,64,4.297321848634921
6,70.37032523411159,64,4.297321848634921
6,75.07615253815847,64,4.297326775247827
6,75.07615253815847,64,4.297326775247827
6,75.07615253815847,64,4.297326775247827
6,80.09666945806018,64,4.2973318764181005
6,80.09666945806018,64,4.2973318764181005
6,80.09666945806018,64,4.2973318764181005
6,85.45292002028222,64,4.297337200691075
6,85.45292002028222,64,4.297337200691075
6,91.16735551427986,64,4.297342801001778
6,91.16735551427986,64,4.297342801001778
6,91.16735551427986,64,4.297342801001778
6,91.16735551427986,64,4.297342801001778
6,91.16735551427986,64,4.297342801001778
6,91.16735551427986,64,4.297342801001778
6,91.16735551427986,64,4.297342801001778
6,91.16735551427986,64,4.297342801001778
6,97.26392859944849,64,4.297348735217598
6,97.26392859944849,64,4.297348735217598
6,103.7681937052218,64,4.297355066730501
6,103.7681937052218,64,4.297355066730501
6,103.7681937052218,64,4.297355066730501
6,103.7681937052218,64,4.297355066730501
6,103.7681937052218,64,4.297355066730501
6,110.70741414515996,64,4.297361865101762
6,110.70741414515996,64,4.297361865101762
6,110.70741414515996,64,4.297361865101762
6,110.70741414515996,64,4.297361865101762
6,110.70741414515996,64,4.297361865101762
6,118.11067639400605,64,4.297369206762143
6,118.11067639400605,64,4.297369206762143
6,118.11067639400605,64,4.297369206762143
6,118.11067639400605,64,4.297369206762143
6,118.11067639400605,64,4.297369206762143
6,118.11067639400605,64,4.297369206762143
6,126.00901200671282,64,4.297377175770313
6,126.00901200671282,64,4.297377175770313
6,126.00901200671282,64,4.297377175770313
6,126.00901200671282,64,4.297377175770313
6,126.00901200671282,64,4.297377175770313
6,134.43552769048173,64,4.29738586463218
6,134.43552769048173,64,4.29738586463218
6,143.42554407501817,64,4.297395375183538
6,143.42554407501817,64,4.297395375183538
6,143.42554407501817,64,4.297395375183538
6,153.01674376267866,64,4.297405819538125
6,153.01674376267866,64,4.297405819538125
6,153.01674376267866,64,4.297405819538125
6,153.01674376267866,64,4.297405819538125
6,153.01674376267866,64,4.297405819538125
6,153.01674376267866,64,4.297405819538125
6,153.01674376267866,64,4.297405819538125
6,153.01674376267866,64,4.297405819538125
6,153.01674376267866,64,4.297405819538125
6,163.24932927907625,64,4.297417321102776
6,163.24932927907625,64,4.297417321102776
6,163.24932927907625,64,4.297417321102776
6,163.24932927907625,64,4.297417321102776
6,163.24932927907625,64,4.297417321102776
6,163.24932927907625,64,4.297417321102776
6,163.24932927907625,64,4.297417321102776
6,174.16619158620682,64,4.2974300156608845
6,174.16619158620682,64,4.2974300156608845
6,174.16619158620682,64,4.2974300156608845
6,174.16619158620682,64,4.2974300156608845
6,174.16619158620682,64,4.2974300156608845
6,174.16619158620682,64,4.2974300156608845
6,185.81308986444498,64,4.297444052524766
6,185.81308986444498,64,4.297444052524766
6,185.81308986444498,64,4.297444052524766
6,185.81308986444498,64,4.297444052524766
6,185.81308986444498,64,4.297444052524766
6,185.81308986444498,64,4.297444052524766
6,198.238843316975,64,4.29745959575685
6,198.238843316975,64,4.29745959575685
6,198.238843316975,64,4.29745959575685
6,198.238843316975,64,4.29745959575685
6,198.238843316975,64,4.29745959575685
6,198.238843316975,64,4.29745959575685
6,198.238843316975,64,4.29745959575685
6,198.238843316975,64,4.29745959575685
6,198.238843316975,64,4.29745959575685
6,211.49553580063366,64,4.29747682545884
6,211.49553580063366,64,4.29747682545884
6,225.63873414089372,64,4.297495939127108
6,225.63873414089372,64,4.297495939127108
6,240.72772104607358,64,4.297517153071569
6,240.72772104607358,64,4.297517153071569
6,240.72772104607358,64,4.297517153071569
6,240.72772104607358,64,4.297517153071569
6,240.72772104607358,64,4.297517153071569
6,240.72772104607358,64,4.297517153071569
6,240.72772104607358,64,4.297517153071569
6,240.72772104607358,64,4.297517153071569
6,240.72772104607358,64,4.297517153071569
6,256.82574359706877,64,4.297540703894284
6,256.82574359706877,64,4.297540703894284
6,256.82574359706877,64,4.297540703894284
6,256.82574359706877,64,4.297540703894284
6,256.82574359706877,64,4.297540703894284
6,256.82574359706877,64,4.297540703894284
6,274.0002783541624,64,4.297566850022832
6,274.0002783541624,64,4.297566850022832
6,274.0002783541624,64,4.297566850022832
6,274.0002783541624,64,4.297566850022832
6,274.0002783541624,64,4.297566850022832
6,292.3233141921493,64,4.297595873292309
6,292.3233141921493,64,4.297595873292309
6,292.3233141921493,64,4.297595873292309
6,292.3233141921493,64,4.297595873292309
6,292.3233141921493,64,4.297595873292309
6,292.3233141921493,64,4.297595873292309
6,311.8716540493036,64,4.2976280805685185
6,311.8716540493036,64,4.2976280805685185
6,311.8716540493036,64,4.2976280805685185
6,332.72723685499466,64,4.297663805403619
6,332.72723685499466,64,4.297663805403619
6,332.72723685499466,64,4.297663805403619
6,332.72723685499466,64,4.297663805403619
6,332.72723685499466,64,4.297663805403619
6,332.72723685499466,64,4.297663805403619
6,354.9774809853617,64,4.297703409714139
6,354.9774809853617,64,4.297703409714139
6,354.9774809853617,64,4.297703409714139
6,354.9774809853617,64,4.297703409714139
6,354.9774809853617,64,4.297703409714139
6,354.9774809853617,64,4.297703409714139
6,378.7156506866572,64,4.29774728546992
6,378.7156506866572,64,4.29774728546992
6,378.7156506866572,64,4.29774728546992
6,378.7156506866572,64,4.29774728546992
6,378.7156506866572,64,4.29774728546992
6,378.7156506866572,64,4.29774728546992
6,378.7156506866572,64,4.29774728546992
6,378.7156506866572,64,4.29774728546992
6,404.0412470021791,64,4.297795856381215
6,404.0412470021791,64,4.297795856381215
6,404.0412470021791,64,4.297795856381215
6,404.0412470021791,64,4.297795856381215
6,404.0412470021791,64,4.297795856381215
6,404.0412470021791,64,4.297795856381215
6,404.0412470021791,64,4.297795856381215
6,404.0412470021791,64,4.297795856381215
6,431.0604248413962,64,4.297849579569868
6,431.0604248413962,64,4.297849579569868
6,431.0604248413962,64,4.297849579569868
6,459.88643793944743,64,4.297908947209268
6,459.88643793944743,64,4.297908947209268
6,459.88643793944743,64,4.297908947209268
6,459.88643793944743,64,4.297908947209268
6,459.88643793944743,64,4.297908947209268
6,490.640113572131,64,4.29797448811658
6,490.640113572131,64,4.29797448811658
6,490.640113572131,64,4.29797448811658
6,490.640113572131,64,4.29797448811658
6,523.4503590161748,64,4.298046769279775
6,523.4503590161748,64,4.298046769279775
6,523.4503590161748,64,4.298046769279775
6,523.4503590161748,64,4.298046769279775
6,523.4503590161748,64,4.298046769279775
6,523.4503590161748,64,4.298046769279775
6,523.4503590161748,64,4.298046769279775
6,523.4503590161748,64,4.298046769279775
6,558.454701877693,64,4.298126397301034
6,558.454701877693,64,4.298126397301034
6,558.454701877693,64,4.298126397301034
6,558.454701877693,64,4.298126397301034
6,558.454701877693,64,4.298126397301034
6,558.454701877693,64,4.298126397301034
6,558.454701877693,64,4.298126397301034
6,595.7998665536622,64,4.298214019737445
6,595.7998665536622,64,4.298214019737445
6,595.7998665536622,64,4.298214019737445
6,595.7998665536622,64,4.298214019737445
6,595.7998665536622,64,4.298214019737445
6,635.6423892427093,64,4.298310326319479
6,635.6423892427093,64,4.298310326319479
6,635.6423892427093,64,4.298310326319479
6,678.1492740831088,64,4.298416050027547
6,678.1492740831088,64,4.298416050027547
6,678.1492740831088,64,4.298416050027547
6,678.1492740831088,64,4.298416050027547
6,678.1492740831088,64,4.298416050027547
6,678.1492740831088,64,4.298416050027547
6,678.1492740831088,64,4.298416050027547
6,771.8807333737907,64,4.298658902304542
6,771.8807333737907,64,4.298658902304542
6,771.8807333737907,64,4.298658902304542
6,771.8807333737907,64,4.298658902304542
6,771.8807333737907,64,4.298658902304542
6,823.4981931268027,64,4.298797720403638
6,823.4981931268027,64,4.298797720403638
6,823.4981931268027,64,4.298797720403638
6,823.4981931268027,64,4.298797720403638
6,878.5674324568332,64,4.2989493355518515
6,878.5674324568332,64,4.2989493355518515
6,878.5674324568332,64,4.2989493355518515
6,878.5674324568332,64,4.2989493355518515
6,937.3192798917728,64,4.299114706859173
6,937.3192798917728,64,4.299114706859173
6,1000.0,64,4.29929483916347
6,1000.0,64,4.29929483916347
6,1000.0,64,4.29929483916347
8,0.06908081135489438,64,4.351688665314268
8,0.06908081135489438,64,4.351688665314268
8,0.06908081135489438,64,4.351688665314268
8,0.06475077635350907,64,4.351688666907772
8,0.06475077635350907,64,4.351688666907772
8,0.06475077635350907,64,4.351688666907772
8,0.06475077635350907,64,4.351688666907772
8,0.06475077635350907,64,4.351688666907772
8,0.06475077635350907,64,4.351688666907772
8,0.06069215106410441,64,4.351688736065517
8,0.06069215106410441,64,4.351688736065517
8,0.06069215106410441,64,4.351688736065517
8,0.06069215106410441,64,4.351688736065517
8,0.06069215106410441,64,4.351688736065517
8,0.06069215106410441,64,4.351688736065517
8,0.06069215106410441,64,4.351688736065517
8,0.06069215106410441,64,4.351688736065517
8,0.06069215106410441,64,4.351688736065517
8,0.07370040586690031,64,4.351688741466142
8,0.07370040586690031,64,4.351688741466142
8,0.07370040586690031,64,4.351688741466142
8,0.07370040586690031,64,4.351688741466142
8,0.07370040586690031,64,4.351688741466142
8,0.056887923330489094,64,4.351688863447276
8,0.056887923330489094,64,4.351688863447276
8,0.056887923330489094,64,4.351688863447276
8,0.056887923330489094,64,4.351688863447276
8,0.056887923330489094,64,4.351688863447276
8,0.07862892340741143,64,4.351688906411136
8,0.07862892340741143,64,4.351688906411136
8,0.07862892340741143,64,4.351688906411136
8,0.05332214733067242,64,4.351689040522953
8,0.05332214733067242,64,4.351689040522953
8,0.05332214733067242,64,4.351689040522953
8,0.08388702237778593,64,4.3516891720832565
8,0.08388702237778593,64,4.3516891720832565
8,0.04997987673826894,64,4.351689259537714
8,0.04997987673826894,64,4.351689259537714
8,0.04997987673826894,64,4.351689259537714
8,0.04997987673826894,64,4.351689259537714
8,0.046847102073393855,64,4.351689513473977
8,0.046847102073393855,64,4.351689513473977
8,0.046847102073393855,64,4.351689513473977
8,0.0894967426547247,64,4.351689551315221
8,0.0894967426547247,64,4.351689551315221
8,0.0894967426547247,64,4.351689551315221
8,0.0894967426547247,64,4.351689551315221
8,0.0894967426547247,64,4.351689551315221
8,0.0894967426547247,64,4.351689551315221
8,0.0894967426547247,64,4.351689551315221
8,0.0894967426547247,64,4.351689551315221
8,0.0894967426547247,64,4.351689551315221
8,0.0894967426547247,64,4.351689551315221
8,0.043910691980449945,64,4.351689796011084
8,0.043910691980449945,64,4.351689796011084
8,0.043910691980449945,64,4.351689796011084
8,0.043910691980449945,64,4.351689796011084
8,0.043910691980449945,64,4.351689796011084
8,0.043910691980449945,64,4.351689796011084
8,0.043910691980449945,64,4.351689796011084
8,0.043910691980449945,64,4.351689796011084
8,0.043910691980449945,64,4.351689796011084
8,0.09548159797274021,64,4.351690057842802
8,0.09548159797274021,64,4.351690057842802
8,0.09548159797274021,64,4.351690057842802
8,0.09548159797274021,64,4.351690057842802
8,0.09548159797274021,64,4.351690057842802
8,0.09548159797274021,64,4.351690057842802
8,0.041158338186664825,64,4.351690101483514
8,0.041158338186664825,64,4.351690101483514
8,0.041158338186664825,64,4.351690101483514
8,0.041158338186664825,64,4.351690101483514
8,0.041158338186664825,64,4.351690101483514
8,0.041158338186664825,64,4.351690101483514
8,0.041158338186664825,64,4.351690101483514
8,0.041158338186664825,64,4.351690101483514
8,0.041158338186664825,64,4.351690101483514
8,0.03857850391066673,64,4.351690424838223
8,0.03857850391066673,64,4.351690424838223
8,0.03857850391066673,64,4.351690424838223
8,0.1018666744844563,64,4.35169070629993
8,0.1018666744844563,64,4.35169070629993
8,0.1018666744844563,64,4.35169070629993
8,0.1018666744844563,64,4.35169070629993
8,0.036160375504848116,64,4.3516907615919
8,0.036160375504848116,64,4.3516907615919
8,0.036160375504848116,64,4.3516907615919
8,0.03389381712882037,64,4.351691107788486
8,0.03389381712882037,64,4.351691107788486
8,0.03389381712882037,64,4.351691107788486
8,0.031769328263969374,64,4.351691459957611
8,0.10867873591186367,64,4.351691512203641
8,0.10867873591186367,64,4.351691512203641
8,0.10867873591186367,64,4.351691512203641
8,0.10867873591186367,64,4.351691512203641
8,0.10867873591186367,64,4.351691512203641
8,0.10867873591186367,64,4.351691512203641
8,0.10867873591186367,64,4.351691512203641
8,0.10867873591186367,64,4.351691512203641
8,0.10867873591186367,64,4.351691512203641
8,0.10867873591186367,64,4.351691512203641
8,0.10867873591186367,64,4.351691512203641
8,0.10867873591186367,64,4.351691512203641
8,0.029778003891029147,64,4.351691815074134
8,0.029778003891029147,64,4.351691815074134
8,0.029778003891029147,64,4.351691815074134
8,0.029778003891029147,64,4.351691815074134
8,0.029778003891029147,64,4.351691815074134
8,0.027911497163753848,64,4.351692170519283
8,0.027911497163753848,64,4.351692170519283
8,0.027911497163753848,64,4.351692170519283
8,0.027911497163753848,64,4.351692170519283
8,0.027911497163753848,64,4.351692170519283
8,0.11594633572928544,64,4.3516924919279685
8,0.026161984422231045,64,4.3516925240434325
8,0.026161984422231045,64,4.3516925240434325
8,0.026161984422231045,64,4.3516925240434325
8,0.026161984422231045,64,4.3516925240434325
8,0.026161984422231045,64,4.3516925240434325
8,0.026161984422231045,64,4.3516925240434325
8,0.024522132399185402,64,4.351692873730904
8,0.024522132399185402,64,4.351692873730904
8,0.024522132399185402,64,4.351692873730904
8,0.024522132399185402,64,4.351692873730904
8,0.024522132399185402,64,4.351692873730904
8,0.022985067481815197,64,4.351693217966712
8,0.022985067481815197,64,4.351693217966712
8,0.021544346900318846,64,4.351693555405461
8,0.021544346900318846,64,4.351693555405461
8,0.021544346900318846,64,4.351693555405461
8,0.021544346900318846,64,4.351693555405461
8,0.1236999368482776,64,4.3516936626659275
8,0.1236999368482776,64,4.3516936626659275
8,0.1236999368482776,64,4.3516936626659275
8,0.1236999368482776,64,4.3516936626659275
8,0.1236999368482776,64,4.3516936626659275
8,0.1236999368482776,64,4.3516936626659275
8,0.1236999368482776,64,4.3516936626659275
8,0.1236999368482776,64,4.3516936626659275
8,0.020193931722345407,64,4.351693884942379
8,0.020193931722345407,64,4.351693884942379
8,0.020193931722345407,64,4.351693884942379
8,0.020193931722345407,64,4.351693884942379
8,0.018928161540172444,64,4.351694205686499
8,0.018928161540172444,64,4.351694205686499
8,0.018928161540172444,64,4.351694205686499
8,0.0177417307445096,64,4.351694516935896
8,0.0177417307445096,64,4.351694516935896
8,0.0177417307445096,64,4.351694516935896
8,0.0177417307445096,64,4.351694516935896
8,0.01662966628547748,64,4.351694818155011
8,0.01662966628547748,64,4.351694818155011
8,0.01662966628547748,64,4.351694818155011
8,0.01662966628547748,64,4.351694818155011
8,0.01662966628547748,64,4.351694818155011
8,0.13197203930613743,64,4.3516950423790295
8,0.13197203930613743,64,4.3516950423790295
8,0.13197203930613743,64,4.3516950423790295
8,0.13197203930613743,64,4.3516950423790295
8,0.13197203930613743,64,4.3516950423790295
8,0.13197203930613743,64,4.3516950423790295
8,0.015587306827544245,64,4.351695108953955
8,0.015587306827544245,64,4.351695108953955
8,0.015587306827544245,64,4.351695108953955
8,0.0146102832110459,64,4.351695389069634
8,0.0146102832110459,64,4.351695389069634
8,0.0146102832110459,64,4.351695389069634
8,0.0146102832110459,64,4.351695389069634
8,0.013694500138392414,64,4.35169565834873
8,0.013694500138392414,64,4.35169565834873
8,0.013694500138392414,64,4.35169565834873
8,0.013694500138392414,64,4.35169565834873
8,0.012836119008195774,64,4.351695916732302
8,0.012836119008195774,64,4.351695916732302
8,0.012836119008195774,64,4.351695916732302
8,0.012836119008195774,64,4.351695916732302
8,0.012836119008195774,64,4.351695916732302
8,0.012836119008195774,64,4.351695916732302
8,0.012836119008195774,64,4.351695916732302
8,0.012031541825367172,64,4.351696164241989
8,0.012031541825367172,64,4.351696164241989
8,0.011277396119740902,64,4.351696400967659
8,0.011277396119740902,64,4.351696400967659
8,0.011277396119740902,64,4.351696400967659
8,0.011277396119740902,64,4.351696400967659
8,0.011277396119740902,64,4.351696400967659
8,0.010570520810009826,64,4.351696627056401
8,0.14079731649323968,64,4.351696649733668
8,0.14079731649323968,64,4.351696649733668
8,0.14079731649323968,64,4.351696649733668
8,0.14079731649323968,64,4.351696649733668
8,0.14079731649323968,64,4.351696649733668
8,0.14079731649323968,64,4.351696649733668
8,0.14079731649323968,64,4.351696649733668
8,0.14079731649323968,64,4.351696649733668
8,0.009907952953719419,64,4.351696842702768
8,0.009907952953719419,64,4.351696842702768
8,0.009907952953719419,64,4.351696842702768
8,0.009907952953719419,64,4.351696842702768
8,0.009907952953719419,64,4.351696842702768
8,0.009907952953719419,64,4.351696842702768
8,0.009907952953719419,64,4.351696842702768
8,0.009286915327781859,64,4.351697048140117
8,0.009286915327781859,64,4.351697048140117
8,0.009286915327781859,64,4.351697048140117
8,0.009286915327781859,64,4.351697048140117
8,0.009286915327781859,64,4.351697048140117
8,0.009286915327781859,64,4.351697048140117
8,0.008704804787452367,64,4.351697243633057
8,0.008704804787452367,64,4.351697243633057
8,0.008704804787452367,64,4.351697243633057
8,0.008704804787452367,64,4.351697243633057
8,0.00815918135497331,64,4.351697429470755
8,0.00815918135497331,64,4.351697429470755
8,0.00815918135497331,64,4.351697429470755
8,0.00815918135497331,64,4.351697429470755
8,0.00815918135497331,64,4.351697429470755
8,0.00815918135497331,64,4.351697429470755
8,0.00815918135497331,64,4.351697429470755
8,0.007647757992149969,64,4.351697605961133
8,0.007647757992149969,64,4.351697605961133
8,0.007647757992149969,64,4.351697605961133
8,0.007647757992149969,64,4.351697605961133
8,0.007647757992149969,64,4.351697605961133
8,0.007647757992149969,64,4.351697605961133
8,0.007647757992149969,64,4.351697605961133
8,0.007647757992149969,64,4.351697605961133
8,0.007647757992149969,64,4.351697605961133
8,0.007168391013988566,64,4.351697773425855
8,0.007168391013988566,64,4.351697773425855
8,0.007168391013988566,64,4.351697773425855
8,0.007168391013988566,64,4.351697773425855
8,0.006719071103214418,64,4.351697932195913
8,0.006719071103214418,64,4.351697932195913
8,0.006719071103214418,64,4.351697932195913
8,0.006719071103214418,64,4.351697932195913
8,0.00629791488800657,64,4.3516980826079354
8,0.00629791488800657,64,4.3516980826079354
8,0.00629791488800657,64,4.3516980826079354
8,0.00629791488800657,64,4.3516980826079354
8,0.00629791488800657,64,4.3516980826079354
8,0.00629791488800657,64,4.3516980826079354
8,0.005903157047645993,64,4.3516982250009715
8,0.005903157047645993,64,4.3516982250009715
8,0.005903157047645993,64,4.3516982250009715
8,0.005903157047645993,64,4.3516982250009715
8,0.005903157047645993,64,4.3516982250009715
8,0.005533142912987591,64,4.351698359713774
8,0.005533142912987591,64,4.351698359713774
8,0.005533142912987591,64,4.351698359713774
8,0.005533142912987591,64,4.351698359713774
8,0.005533142912987591,64,4.351698359713774
8,0.005533142912987591,64,4.351698359713774
8,0.005533142912987591,64,4.351698359713774
8,0.0051863215307398,64,4.35169848708254
8,0.0051863215307398,64,4.35169848708254
8,0.0051863215307398,64,4.35169848708254
8,0.0051863215307398,64,4.35169848708254
8,0.0051863215307398,64,4.35169848708254
8,0.0051863215307398,64,4.35169848708254
8,0.0051863215307398,64,4.35169848708254
8,0.1502127604902106,64,4.351698504024101
8,0.1502127604902106,64,4.351698504024101
8,0.1502127604902106,64,4.351698504024101
8,0.1502127604902106,64,4.351698504024101
8,0.1502127604902106,64,4.351698504024101
8,0.004861239162480226,64,4.351698607438993
8,0.004861239162480226,64,4.351698607438993
8,0.004861239162480226,64,4.351698607438993
8,0.004861239162480226,64,4.351698607438993
8,0.00455653319115766,64,4.351698721108847
8,0.00455653319115766,64,4.351698721108847
8,0.00455653319115766,64,4.351698721108847
8,0.00455653319115766,64,4.351698721108847
8,0.00455653319115766,64,4.351698721108847
8,0.00455653319115766,64,4.351698721108847
8,0.004270926409538859,64,4.351698828410493
8,0.004270926409538859,64,4.351698828410493
8,0.004270926409538859,64,4.351698828410493
8,0.004003221666659722,64,4.351698929654038
8,0.004003221666659722,64,4.351698929654038
8,0.004003221666659722,64,4.351698929654038
8,0.004003221666659722,64,4.351698929654038
8,0.004003221666659722,64,4.351698929654038
8,0.004003221666659722,64,4.351698929654038
8,0.0037522968498406367,64,4.351699025140452
8,0.0037522968498406367,64,4.351699025140452
8,0.0037522968498406367,64,4.351699025140452
8,0.0037522968498406367,64,4.351699025140452
8,0.0037522968498406367,64,4.351699025140452
8,0.0037522968498406367,64,4.351699025140452
8,0.0037522968498406367,64,4.351699025140452
8,0.0037522968498406367,64,4.351699025140452
8,0.003517100181232793,64,4.351699115161027
8,0.003517100181232793,64,4.351699115161027
8,0.003517100181232793,64,4.351699115161027
8,0.003517100181232793,64,4.351699115161027
8,0.003517100181232793,64,4.351699115161027
8,0.003517100181232793,64,4.351699115161027
8,0.003517100181232793,64,4.351699115161027
8,0.003517100181232793,64,4.351699115161027
8,0.003517100181232793,64,4.351699115161027
8,0.003517100181232793,64,4.351699115161027
8,0.003296645809180352,64,4.35169919999689
8,0.003296645809180352,64,4.35169919999689
8,0.003296645809180352,64,4.35169919999689
8,0.003296645809180352,64,4.35169919999689
8,0.003296645809180352,64,4.35169919999689
8,0.003090009675919158,64,4.351699279918753
8,0.003090009675919158,64,4.351699279918753
8,0.003090009675919158,64,4.351699279918753
8,0.003090009675919158,64,4.351699279918753
8,0.003090009675919158,64,4.351699279918753
8,0.003090009675919158,64,4.351699279918753
8,0.003090009675919158,64,4.351699279918753
8,0.003090009675919158,64,4.351699279918753
8,0.0028963256442911586,64,4.35169935518671
8,0.0028963256442911586,64,4.35169935518671
8,0.0028963256442911586,64,4.35169935518671
8,0.002714781867239066,64,4.3516994260501844
8,0.002714781867239066,64,4.3516994260501844
8,0.002714781867239066,64,4.3516994260501844
8,0.002714781867239066,64,4.3516994260501844
8,0.002714781867239066,64,4.3516994260501844
8,0.002714781867239066,64,4.3516994260501844
8,0.002544617384863764,64,4.3516994927479455
8,0.002544617384863764,64,4.3516994927479455
8,0.002544617384863764,64,4.3516994927479455
8,0.002385118934780594,64,4.351699555508198
8,0.002385118934780594,64,4.351699555508198
8,0.002385118934780594,64,4.351699555508198
8,0.002385118934780594,64,4.351699555508198
8,0.002385118934780594,64,4.351699555508198
8,0.0022356179624047783,64,4.351699614548729
8,0.0022356179624047783,64,4.351699614548729
8,0.0022356179624047783,64,4.351699614548729
8,0.0022356179624047783,64,4.351699614548729
8,0.0022356179624047783,64,4.351699614548729
8,0.0022356179624047783,64,4.351699614548729
8,0.0020954878186343613,64,4.351699670077108
8,0.0020954878186343613,64,4.351699670077108
8,0.0020954878186343613,64,4.351699670077108
8,0.0020954878186343613,64,4.351699670077108
8,0.0020954878186343613,64,4.351699670077108
8,0.0020954878186343613,64,4.351699670077108
8,0.0020954878186343613,64,4.351699670077108
8,0.0019641411331843433,64,4.351699722290923
8,0.0019641411331843433,64,4.351699722290923
8,0.0019641411331843433,64,4.351699722290923
8,0.0019641411331843433,64,4.351699722290923
8,0.0019641411331843433,64,4.351699722290923
8,0.0018410273525621594,64,4.351699771378078
8,0.0018410273525621594,64,4.351699771378078
8,0.0018410273525621594,64,4.351699771378078
8,0.0018410273525621594,64,4.351699771378078
8,0.0018410273525621594,64,4.351699771378078
8,0.0018410273525621594,64,4.351699771378078
8,0.0018410273525621594,64,4.351699771378078
8,0.0017256304323646236,64,4.351699817517041
8,0.0017256304323646236,64,4.351699817517041
8,0.0017256304323646236,64,4.351699817517041
8,0.0017256304323646236,64,4.351699817517041
8,0.0016174666742233374,64,4.351699860877176
8,0.0016174666742233374,64,4.351699860877176
8,0.0016174666742233374,64,4.351699860877176
8,0.0016174666742233374,64,4.351699860877176
8,0.0016174666742233374,64,4.351699860877176
8,0.0015160826983319608,64,4.351699901619068
8,0.0015160826983319608,64,4.351699901619068
8,0.0015160826983319608,64,4.351699901619068
8,0.0015160826983319608,64,4.351699901619068
8,0.001421053543056891,64,4.351699939894887
8,0.001421053543056891,64,4.351699939894887
8,0.001421053543056891,64,4.351699939894887
8,0.001421053543056891,64,4.351699939894887
8,0.0013319808836657373,64,4.351699975848668
8,0.0013319808836657373,64,4.351699975848668
8,0.0013319808836657373,64,4.351699975848668
8,0.0012484913627071772,64,4.3517000096166765
8,0.0012484913627071772,64,4.3517000096166765
8,0.0012484913627071772,64,4.3517000096166765
8,0.0011702350250437908,64,4.351700041327767
8,0.0011702350250437908,64,4.351700041327767
8,0.0011702350250437908,64,4.351700041327767
8,0.0011702350250437908,64,4.351700041327767
8,0.0010968838509781778,64,4.351700071103673
8,0.0010968838509781778,64,4.351700071103673
8,0.0010968838509781778,64,4.351700071103673
8,0.0010968838509781778,64,4.351700071103673
8,0.0010968838509781778,64,4.351700071103673
8,0.0010968838509781778,64,4.351700071103673
8,0.001028130381323781,64,4.35170009905937
8,0.0009636864286572604,64,4.351700125303394
8,0.0009636864286572604,64,4.351700125303394
8,0.0009636864286572604,64,4.351700125303394
8,0.0009636864286572604,64,4.351700125303394
8,0.0009636864286572604,64,4.351700125303394
8,0.0009636864286572604,64,4.351700125303394
8,0.0009636864286572604,64,4.351700125303394
8,0.0009032818693504984,64,4.351700149938127
8,0.0009032818693504984,64,4.351700149938127
8,0.0009032818693504984,64,4.351700149938127
8,0.0009032818693504984,64,4.351700149938127
8,0.0009032818693504984,64,4.351700149938127
8,0.0008466635113189044,64,4.351700173060145
8,0.0008466635113189044,64,4.351700173060145
8,0.0008466635113189044,64,4.351700173060145
8,0.0008466635113189044,64,4.351700173060145
8,0.0008466635113189044,64,4.351700173060145
8,0.0007438509872943369,64,4.35170021512486
8,0.0007438509872943369,64,4.35170021512486
8,0.0007438509872943369,64,4.35170021512486
8,0.0007438509872943369,64,4.35170021512486
8,0.0006972258717575121,64,4.351700234234153
8,0.0006972258717575121,64,4.351700234234153
8,0.0006972258717575121,64,4.351700234234153
8,0.0006972258717575121,64,4.351700234234153
8,0.0006535232520376654,64,4.351700252164433
8,0.0006535232520376654,64,4.351700252164433
8,0.0006535232520376654,64,4.351700252164433
8,0.0006535232520376654,64,4.351700252164433
8,0.0006125599439924746,64,4.351700268987324
8,0.0006125599439924746,64,4.351700268987324
8,0.0006125599439924746,64,4.351700268987324
8,0.0006125599439924746,64,4.351700268987324
8,0.0006125599439924746,64,4.351700268987324
8,0.0006125599439924746,64,4.351700268987324
8,0.0006125599439924746,64,4.351700268987324
8,0.0005741642455935716,64,4.351700284770253
8,0.0005741642455935716,64,4.351700284770253
8,0.0005741642455935716,64,4.351700284770253
8,0.0005741642455935716,64,4.351700284770253
8,0.0005381752172193701,64,4.351700299576639
8,0.0005381752172193701,64,4.351700299576639
8,0.0005381752172193701,64,4.351700299576639
8,0.0005381752172193701,64,4.351700299576639
8,0.0005381752172193701,64,4.351700299576639
8,0.0005381752172193701,64,4.351700299576639
8,0.0005381752172193701,64,4.351700299576639
8,0.0005381752172193701,64,4.351700299576639
8,0.0005381752172193701,64,4.351700299576639
8,0.0005044420070596583,64,4.351700313466156
8,0.0005044420070596583,64,4.351700313466156
8,0.0005044420070596583,64,4.351700313466156
8,0.0005044420070596583,64,4.351700313466156
8,0.0005044420070596583,64,4.351700313466156
8,0.0005044420070596583,64,4.351700313466156
8,0.00047282321880431997,64,4.351700326494926
8,0.00047282321880431997,64,4.351700326494926
8,0.00047282321880431997,64,4.351700326494926
8,0.00047282321880431997,64,4.351700326494926
8,0.00044318631896577576,64,4.351700338715702
8,0.00044318631896577576,64,4.351700338715702
8,0.00044318631896577576,64,4.351700338715702
8,0.00041540708135088687,64,4.351700350178085
8,0.00041540708135088687,64,4.351700350178085
8,0.00041540708135088687,64,4.351700350178085
8,0.0003893690663537568,64,4.351700360928685
8,0.0003893690663537568,64,4.351700360928685
8,0.0003893690663537568,64,4.351700360928685
8,0.0003893690663537568,64,4.351700360928685
8,0.0003893690663537568,64,4.351700360928685
8,0.0003893690663537568,64,4.351700360928685
8,0.0003649631328868352,64,4.351700371011306
8,0.0003649631328868352,64,4.351700371011306
8,0.0003649631328868352,64,4.351700371011306
8,0.0003420869809045341,64,4.351700380467114
8,0.0003420869809045341,64,4.351700380467114
8,0.0003420869809045341,64,4.351700380467114
8,0.0003420869809045341,64,4.351700380467114
8,0.0003420869809045341,64,4.351700380467114
8,0.0003420869809045341,64,4.351700380467114
8,0.0003206447226017888,64,4.351700389334759
8,0.0003206447226017888,64,4.351700389334759
8,0.0003206447226017888,64,4.351700389334759
8,0.0003206447226017888,64,4.351700389334759
8,0.0003206447226017888,64,4.351700389334759
8,0.0003005464804902063,64,4.351700397650575
8,0.0003005464804902063,64,4.351700397650575
8,0.0003005464804902063,64,4.351700397650575
8,0.0003005464804902063,64,4.351700397650575
8,0.0002817080106670869,64,4.3517004054486526
8,0.0002817080106670869,64,4.3517004054486526
8,0.0002817080106670869,64,4.3517004054486526
8,0.00026405034969821797,64,4.351700412761023
8,0.00026405034969821797,64,4.351700412761023
8,0.00026405034969821797,64,4.351700412761023
8,0.00026405034969821797,64,4.351700412761023
8,0.00026405034969821797,64,4.351700412761023
8,0.00024749948363430473,64,4.351700419617756
8,0.00024749948363430473,64,4.351700419617756
8,0.00024749948363430473,64,4.351700419617756
8,0.00024749948363430473,64,4.351700419617756
8,0.00024749948363430473,64,4.351700419617756
8,0.00024749948363430473,64,4.351700419617756
8,0.00024749948363430473,64,4.351700419617756
8,0.00023198603777369232,64,4.351700426047088
8,0.00023198603777369232,64,4.351700426047088
8,0.00023198603777369232,64,4.351700426047088
8,0.00023198603777369232,64,4.351700426047088
8,0.00023198603777369232,64,4.351700426047088
8,0.0002174449858709829,64,4.35170043207552
8,0.0002174449858709829,64,4.35170043207552
8,0.0002174449858709829,64,4.35170043207552
8,0.0002174449858709829,64,4.35170043207552
8,0.0002038153775726666,64,4.351700437727924
8,0.0002038153775726666,64,4.351700437727924
8,0.0002038153775726666,64,4.351700437727924
8,0.00019104008293728184,64,4.351700443027639
8,0.00019104008293728184,64,4.351700443027639
8,0.00019104008293728184,64,4.351700443027639
8,0.00019104008293728184,64,4.351700443027639
8,0.00017906555296923774,64,4.351700447996589
8,0.00017906555296923774,64,4.351700447996589
8,0.00017906555296923774,64,4.351700447996589
8,0.00016784159516254819,64,4.351700452655328
8,0.00016784159516254819,64,4.351700452655328
8,0.00016784159516254819,64,4.351700452655328
8,0.00016784159516254819,64,4.351700452655328
8,0.0001573211631136461,64,4.351700457023151
8,0.0001573211631136461,64,4.351700457023151
8,0.0001573211631136461,64,4.351700457023151
8,0.0001573211631136461,64,4.351700457023151
8,0.0001573211631136461,64,4.351700457023151
8,0.00014746015932141904,64,4.3517004611181616
8,0.00014746015932141904,64,4.3517004611181616
8,0.00013821725034787873,64,4.351700464957335
8,0.00013821725034787873,64,4.351700464957335
8,0.00013821725034787873,64,4.351700464957335
8,0.00013821725034787873,64,4.351700464957335
8,0.00012955369356469471,64,4.351700468556611
8,0.00012955369356469471,64,4.351700468556611
8,0.00012955369356469471,64,4.351700468556611
8,0.00012955369356469471,64,4.351700468556611
8,0.00012143317475937916,64,4.351700471930936
8,0.00012143317475937916,64,4.351700471930936
8,0.00012143317475937916,64,4.351700471930936
8,0.00012143317475937916,64,4.351700471930936
8,0.00012143317475937916,64,4.351700471930936
8,0.00012143317475937916,64,4.351700471930936
8,0.00012143317475937916,64,4.351700471930936
8,0.00012143317475937916,64,4.351700471930936
8,0.00012143317475937916,64,4.351700471930936
8,0.00012143317475937916,64,4.351700471930936
8,0.00011382165592043307,64,4.35170047509433
8,0.00011382165592043307,64,4.35170047509433
8,0.00011382165592043307,64,4.35170047509433
8,0.00011382165592043307,64,4.35170047509433
8,0.00011382165592043307,64,4.35170047509433
8,0.00011382165592043307,64,4.35170047509433
8,0.00011382165592043307,64,4.35170047509433
8,0.00010668723256342958,64,4.351700478059945
8,0.00010668723256342958,64,4.351700478059945
8,0.00010668723256342958,64,4.351700478059945
8,0.0001,64,4.351700480840115
8,0.0001,64,4.351700480840115
8,0.1602578371241384,64,4.351700625081851
8,0.1602578371241384,64,4.351700625081851
8,0.1602578371241384,64,4.351700625081851
8,0.1602578371241384,64,4.351700625081851
8,0.1602578371241384,64,4.351700625081851
8,0.17097465139375173,64,4.351703033171484
8,0.17097465139375173,64,4.351703033171484
8,0.17097465139375173,64,4.351703033171484
8,0.17097465139375173,64,4.351703033171484
8,0.17097465139375173,64,4.351703033171484
8,0.17097465139375173,64,4.351703033171484
8,0.1824081239569649,64,4.351705748873038
8,0.1824081239569649,64,4.351705748873038
8,0.1824081239569649,64,4.351705748873038
8,0.1824081239569649,64,4.351705748873038
8,0.1824081239569649,64,4.351705748873038
8,0.1824081239569649,64,4.351705748873038
8,0.19460617942055622,64,4.351708792951491
8,0.19460617942055622,64,4.351708792951491
8,0.19460617942055622,64,4.351708792951491
8,0.20761994722121382,64,4.35171218621384
8,0.20761994722121382,64,4.35171218621384
8,0.20761994722121382,64,4.35171218621384
8,0.20761994722121382,64,4.35171218621384
8,0.20761994722121382,64,4.35171218621384
8,0.22150397593996615,64,4.351715949354682
8,0.22150397593996615,64,4.351715949354682
8,0.22150397593996615,64,4.351715949354682
8,0.23631646194831477,64,4.351720102791205
8,0.23631646194831477,64,4.351720102791205
8,0.23631646194831477,64,4.351720102791205
8,0.23631646194831477,64,4.351720102791205
8,0.23631646194831477,64,4.351720102791205
8,0.23631646194831477,64,4.351720102791205
8,0.25211949334446737,64,4.3517246664887566
8,0.25211949334446737,64,4.3517246664887566
8,0.25211949334446737,64,4.3517246664887566
8,0.25211949334446737,64,4.3517246664887566
8,0.25211949334446737,64,4.3517246664887566
8,0.26897931020215227,64,4.351729659778314
8,0.26897931020215227,64,4.351729659778314
8,0.26897931020215227,64,4.351729659778314
8,0.26897931020215227,64,4.351729659778314
8,0.26897931020215227,64,4.351729659778314
8,0.26897931020215227,64,4.351729659778314
8,0.26897931020215227,64,4.351729659778314
8,0.2869665822228788,64,4.351735101167362
8,0.2869665822228788,64,4.351735101167362
8,0.30615670495544806,64,4.351741008145678
8,0.30615670495544806,64,4.351741008145678
8,0.30615670495544806,64,4.351741008145678
8,0.30615670495544806,64,4.351741008145678
8,0.3266301158243518,64,4.351747396987893
8,0.3266301158243518,64,4.351747396987893
8,0.3484726312917259,64,4.351754282554651
8,0.3484726312917259,64,4.351754282554651
8,0.3484726312917259,64,4.351754282554651
8,0.3484726312917259,64,4.351754282554651
8,0.3717758065661061,64,4.351761678094425
8,0.3717758065661061,64,4.351761678094425
8,0.3717758065661061,64,4.351761678094425
8,0.3717758065661061,64,4.351761678094425
8,0.39663731936574764,64,4.351769595048107
8,0.39663731936574764,64,4.351769595048107
8,0.39663731936574764,64,4.351769595048107
8,0.39663731936574764,64,4.351769595048107
8,0.39663731936574764,64,4.351769595048107
8,0.4231613793450881,64,4.351778042858784
8,0.4231613793450881,64,4.351778042858784
8,0.4231613793450881,64,4.351778042858784
8,0.4514591649005106,64,4.351787028789053
8,0.4514591649005106,64,4.351787028789053
8,0.4514591649005106,64,4.351787028789053
8,0.4514591649005106,64,4.351787028789053
8,0.4514591649005106,64,4.351787028789053
8,0.4514591649005106,64,4.351787028789053
8,0.4514591649005106,64,4.351787028789053
8,0.4816492891863252,64,4.351796557748546
8,0.4816492891863252,64,4.351796557748546
8,0.4816492891863252,64,4.351796557748546
8,0.4816492891863252,64,4.351796557748546
8,0.5138582972943202,64,4.351806632134383
8,0.5138582972943202,64,4.351806632134383
8,0.5482211966808708,64,4.3518172516873275
8,0.5482211966808708,64,4.3518172516873275
8,0.5482211966808708,64,4.3518172516873275
8,0.5482211966808708,64,4.3518172516873275
8,0.5482211966808708,64,4.3518172516873275
8,0.5482211966808708,64,4.3518172516873275
8,0.5482211966808708,64,4.3518172516873275
8,0.5482211966808708,64,4.3518172516873275
8,0.5482211966808708,64,4.3518172516873275
8,0.5482211966808708,64,4.3518172516873275
8,0.5482211966808708,64,4.3518172516873275
8,0.5848820230649372,64,4.351828413366615
8,0.6239944441689813,64,4.351840111246357
8,0.6239944441689813,64,4.351840111246357
8,0.6239944441689813,64,4.351840111246357
8,0.6239944441689813,64,4.351840111246357
8,0.6657224038334415,64,4.351852336436372
8,0.6657224038334415,64,4.351852336436372
8,0.6657224038334415,64,4.351852336436372
8,0.7102408092046375,64,4.351865077030282
8,0.7102408092046375,64,4.351865077030282
8,0.7102408092046375,64,4.351865077030282
8,0.7577362638765357,64,4.35187831808339
8,0.7577362638765357,64,4.35187831808339
8,0.7577362638765357,64,4.35187831808339
8,0.8084078500594021,64,4.351892041622652
8,0.8084078500594021,64,4.351892041622652
8,0.8084078500594021,64,4.351892041622652
8,0.8084078500594021,64,4.351892041622652
8,0.8084078500594021,64,4.351892041622652
8,0.8624679630538962,64,4.351906226690631
8,0.8624679630538962,64,4.351906226690631
8,0.8624679630538962,64,4.351906226690631
8,0.8624679630538962,64,4.351906226690631
8,0.920143201528384,64,4.351920849424792
8,0.920143201528384,64,4.351920849424792
8,0.9816753173311735,64,4.351935883172934
8,0.9816753173311735,64,4.351935883172934
8,0.9816753173311735,64,4.351935883172934
8,1.0473222288188955,64,4.351951298644889
8,1.0473222288188955,64,4.351951298644889
8,1.0473222288188955,64,4.351951298644889
8,1.0473222288188955,64,4.351951298644889
8,1.1173591019485078,64,4.351967064099789
8,1.1173591019485078,64,4.351967064099789
8,1.1173591019485078,64,4.351967064099789
8,1.1173591019485078,64,4.351967064099789
8,1.1173591019485078,64,4.351967064099789
8,1.192079503664454,64,4.3519831455674804
8,1.192079503664454,64,4.3519831455674804
8,1.2717966324154717,64,4.351999507101819
8,1.2717966324154717,64,4.351999507101819
8,1.2717966324154717,64,4.351999507101819
8,1.2717966324154717,64,4.351999507101819
8,1.2717966324154717,64,4.351999507101819
8,1.2717966324154717,64,4.351999507101819
8,1.356844630958961,64,4.352016111062712
8,1.356844630958961,64,4.352016111062712
8,1.356844630958961,64,4.352016111062712
8,1.447579986955596,64,4.35203291842309
8,1.447579986955596,64,4.35203291842309
8,1.447579986955596,64,4.35203291842309
8,1.447579986955596,64,4.35203291842309
8,1.447579986955596,64,4.35203291842309
8,1.447579986955596,64,4.35203291842309
8,1.5443830272249786,64,4.352049889096258
8,1.5443830272249786,64,4.352049889096258
8,1.5443830272249786,64,4.352049889096258
8,1.5443830272249786,64,4.352049889096258
8,1.5443830272249786,64,4.352049889096258
8,1.5443830272249786,64,4.352049889096258
8,1.5443830272249786,64,4.352049889096258
8,1.5443830272249786,64,4.352049889096258
8,1.5443830272249786,64,4.352049889096258
8,1.5443830272249786,64,4.352049889096258
8,1.6476595119256485,64,4.352066982278445
8,1.6476595119256485,64,4.352066982278445
8,1.7578423353415833,64,4.352084156801023
8,1.7578423353415833,64,4.352084156801023
8,1.7578423353415833,64,4.352084156801023
8,1.7578423353415833,64,4.352084156801023
8,1.8753933404042986,64,4.352101371486462
8,1.8753933404042986,64,4.352101371486462
8,1.8753933404042986,64,4.352101371486462
8,1.8753933404042986,64,4.352101371486462
8,2.0008052545562065,64,4.352118585502047
8,2.0008052545562065,64,4.352118585502047
8,2.134603755069697,64,4.35213575870541
8,2.134603755069697,64,4.35213575870541
8,2.134603755069697,64,4.35213575870541
8,2.134603755069697,64,4.35213575870541
8,2.2773496724789104,64,4.352152851976145
8,2.429641341360074,64,4.352169827528245
8,2.429641341360074,64,4.352169827528245
8,2.429641341360074,64,4.352169827528245
8,2.592117108314055,64,4.352186649198547
8,2.592117108314055,64,4.352186649198547
8,2.592117108314055,64,4.352186649198547
8,2.592117108314055,64,4.352186649198547
8,2.592117108314055,64,4.352186649198547
8,2.592117108314055,64,4.352186649198547
8,2.7654580076634643,64,4.352203282707196
8,2.7654580076634643,64,4.352203282707196
8,2.7654580076634643,64,4.352203282707196
8,2.7654580076634643,64,4.352203282707196
8,2.7654580076634643,64,4.352203282707196
8,2.7654580076634643,64,4.352203282707196
8,2.950390616079903,64,4.352219695886779
8,2.950390616079903,64,4.352219695886779
8,2.950390616079903,64,4.352219695886779
8,2.950390616079903,64,4.352219695886779
8,2.950390616079903,64,4.352219695886779
8,2.950390616079903,64,4.352219695886779
8,2.950390616079903,64,4.352219695886779
8,3.147690098106772,64,4.352235858877723
8,3.147690098106772,64,4.352235858877723
8,3.147690098106772,64,4.352235858877723
8,3.147690098106772,64,4.352235858877723
8,3.147690098106772,64,4.352235858877723
8,3.147690098106772,64,4.352235858877723
8,3.147690098106772,64,4.352235858877723
8,3.147690098106772,64,4.352235858877723
8,3.358183455343213,64,4.35225174428837
8,3.358183455343213,64,4.35225174428837
8,3.582752992908632,64,4.3522673273190575
8,3.582752992908632,64,4.3522673273190575
8,3.582752992908632,64,4.3522673273190575
8,3.582752992908632,64,4.3522673273190575
8,3.582752992908632,64,4.3522673273190575
8,3.582752992908632,64,4.3522673273190575
8,3.8223400177176696,64,4.352282585850332
8,3.8223400177176696,64,4.352282585850332
8,3.8223400177176696,64,4.352282585850332
8,3.8223400177176696,64,4.352282585850332
8,4.077948784067481,64,4.352297500496235
8,4.077948784067481,64,4.352297500496235
8,4.077948784067481,64,4.352297500496235
8,4.077948784067481,64,4.352297500496235
8,4.350650703075626,64,4.35231205462429
8,4.350650703075626,64,4.35231205462429
8,4.350650703075626,64,4.35231205462429
8,4.350650703075626,64,4.35231205462429
8,4.350650703075626,64,4.35231205462429
8,4.641588833612782,64,4.352326234344407
8,4.641588833612782,64,4.352326234344407
8,4.641588833612782,64,4.352326234344407
8,4.641588833612782,64,4.352326234344407
8,4.9519826735546415,64,4.3523400284693965
8,4.9519826735546415,64,4.3523400284693965
8,4.9519826735546415,64,4.3523400284693965
8,4.9519826735546415,64,4.3523400284693965
8,5.283133271435983,64,4.352353428450215
8,5.283133271435983,64,4.352353428450215
8,5.283133271435983,64,4.352353428450215
8,5.283133271435983,64,4.352353428450215
8,5.283133271435983,64,4.352353428450215
8,5.636428679932827,64,4.352366428289235
8,5.636428679932827,64,4.352366428289235
8,5.636428679932827,64,4.352366428289235
8,5.636428679932827,64,4.352366428289235
8,5.636428679932827,64,4.352366428289235
8,5.636428679932827,64,4.352366428289235
8,5.636428679932827,64,4.352366428289235
8,6.013349774031784,64,4.352379024435047
8,6.013349774031784,64,4.352379024435047
8,6.013349774031784,64,4.352379024435047
8,6.013349774031784,64,4.352379024435047
8,6.013349774031784,64,4.352379024435047
8,6.013349774031784,64,4.352379024435047
8,6.013349774031784,64,4.352379024435047
8,6.013349774031784,64,4.352379024435047
8,6.013349774031784,64,4.352379024435047
8,6.415476458273763,64,4.352391215662296
8,6.415476458273763,64,4.352391215662296
8,6.415476458273763,64,4.352391215662296
8,6.415476458273763,64,4.352391215662296
8,6.844494289090598,64,4.352403002940055
8,6.844494289090598,64,4.352403002940055
8,6.844494289090598,64,4.352403002940055
8,6.844494289090598,64,4.352403002940055
8,6.844494289090598,64,4.352403002940055
8,7.3022015399927485,64,4.352414389292045
8,7.3022015399927485,64,4.352414389292045
8,7.3022015399927485,64,4.352414389292045
8,7.3022015399927485,64,4.352414389292045
8,7.3022015399927485,64,4.352414389292045
8,7.3022015399927485,64,4.352414389292045
8,7.790516739222392,64,4.352425379651905
8,7.790516739222392,64,4.352425379651905
8,7.790516739222392,64,4.352425379651905
8,7.790516739222392,64,4.352425379651905
8,7.790516739222392,64,4.352425379651905
8,7.790516739222392,64,4.352425379651905
8,8.311486711467111,64,4.352435980716387
8,8.311486711467111,64,4.352435980716387
8,8.311486711467111,64,4.352435980716387
8,8.311486711467111,64,4.352435980716387
8,8.867295157341472,64,4.3524462007991875
8,8.867295157341472,64,4.3524462007991875
8,8.867295157341472,64,4.3524462007991875
8,8.867295157341472,64,4.3524462007991875
8,8.867295157341472,64,4.3524462007991875
8,8.867295157341472,64,4.3524462007991875
8,8.867295157341472,64,4.3524462007991875
8,9.460271806598614,64,4.352456049687718
8,9.460271806598614,64,4.352456049687718
8,9.460271806598614,64,4.352456049687718
8,9.460271806598614,64,4.352456049687718
8,10.092902183438433,64,4.352465538504919
8,10.092902183438433,64,4.352465538504919
8,10.092902183438433,64,4.352465538504919
8,10.092902183438433,64,4.352465538504919
8,10.092902183438433,64,4.352465538504919
8,10.092902183438433,64,4.352465538504919
8,10.092902183438433,64,4.352465538504919
8,10.767838024844412,64,4.352474679577864
8,10.767838024844412,64,4.352474679577864
8,10.767838024844412,64,4.352474679577864
8,10.767838024844412,64,4.352474679577864
8,10.767838024844412,64,4.352474679577864
8,11.48790839561917,64,4.352483486314638
8,11.48790839561917,64,4.352483486314638
8,11.48790839561917,64,4.352483486314638
8,12.256131546707989,64,4.352491973090695
8,12.256131546707989,64,4.352491973090695
8,13.075727566516196,64,4.352500155145656
8,13.075727566516196,64,4.352500155145656
8,13.075727566516196,64,4.352500155145656
8,13.075727566516196,64,4.352500155145656
8,13.950131878249618,64,4.352508048491297
8,13.950131878249618,64,4.352508048491297
8,13.950131878249618,64,4.352508048491297
8,13.950131878249618,64,4.352508048491297
8,13.950131878249618,64,4.352508048491297
8,13.950131878249618,64,4.352508048491297
8,14.883009639853281,64,4.3525156698312575
8,14.883009639853281,64,4.3525156698312575
8,14.883009639853281,64,4.3525156698312575
8,14.883009639853281,64,4.3525156698312575
8,14.883009639853281,64,4.3525156698312575
8,14.883009639853281,64,4.3525156698312575
8,14.883009639853281,64,4.3525156698312575
8,15.878271106907928,64,4.352523036492874
8,15.878271106907928,64,4.352523036492874
8,15.878271106907928,64,4.352523036492874
8,15.878271106907928,64,4.352523036492874
8,15.878271106907928,64,4.352523036492874
8,15.878271106907928,64,4.352523036492874
8,15.878271106907928,64,4.352523036492874
8,15.878271106907928,64,4.352523036492874
8,16.940088022878722,64,4.352530166371383
8,16.940088022878722,64,4.352530166371383
8,16.940088022878722,64,4.352530166371383
8,16.940088022878722,64,4.352530166371383
8,16.940088022878722,64,4.352530166371383
8,16.940088022878722,64,4.352530166371383
8,16.940088022878722,64,4.352530166371383
8,18.07291110541828,64,4.352537077886633
8,18.07291110541828,64,4.352537077886633
8,19.281488702019512,64,4.352543789952403
8,19.281488702019512,64,4.352543789952403
8,19.281488702019512,64,4.352543789952403
8,20.570886693214934,64,4.352550321958322
8,20.570886693214934,64,4.352550321958322
8,20.570886693214934,64,4.352550321958322
8,20.570886693214934,64,4.352550321958322
8,20.570886693214934,64,4.352550321958322
8,20.570886693214934,64,4.352550321958322
8,20.570886693214934,64,4.352550321958322
8,20.570886693214934,64,4.352550321958322
8,21.946509726749827,64,4.352556693764413
8,21.946509726749827,64,4.352556693764413
8,21.946509726749827,64,4.352556693764413
8,23.414123871733302,64,4.352562925708241
8,24.979880787725563,64,4.352569038624686
8,24.979880787725563,64,4.352569038624686
8,24.979880787725563,64,4.352569038624686
8,24.979880787725563,64,4.352569038624686
8,24.979880787725563,64,4.352569038624686
8,24.979880787725563,64,4.352569038624686
8,24.979880787725563,64,4.352569038624686
8,26.65034351006826,64,4.3525750538783745
8,26.65034351006826,64,4.3525750538783745
8,26.65034351006826,64,4.3525750538783745
8,26.65034351006826,64,4.3525750538783745
8,26.65034351006826,64,4.3525750538783745
8,26.65034351006826,64,4.3525750538783745
8,26.65034351006826,64,4.3525750538783745
8,28.432513959539357,64,4.352580993408898
8,28.432513959539357,64,4.352580993408898
8,28.432513959539357,64,4.352580993408898
8,28.432513959539357,64,4.352580993408898
8,28.432513959539357,64,4.352580993408898
8,30.333862291643364,64,4.352586879788944
8,30.333862291643364,64,4.352586879788944
8,30.333862291643364,64,4.352586879788944
8,32.36235820855605,64,4.35259273629561
8,32.36235820855605,64,4.35259273629561
8,32.36235820855605,64,4.35259273629561
8,32.36235820855605,64,4.35259273629561
8,32.36235820855605,64,4.35259273629561
8,32.36235820855605,64,4.35259273629561
8,32.36235820855605,64,4.35259273629561
8,34.526504364972304,64,4.3525985869952155
8,34.526504364972304,64,4.3525985869952155
8,34.526504364972304,64,4.3525985869952155
8,34.526504364972304,64,4.3525985869952155
8,34.526504364972304,64,4.3525985869952155
8,36.8353720078807,64,4.352604456842053
8,36.8353720078807,64,4.352604456842053
8,36.8353720078807,64,4.352604456842053
8,36.8353720078807,64,4.352604456842053
8,36.8353720078807,64,4.352604456842053
8,39.29863899965208,64,4.352610371791598
8,39.29863899965208,64,4.352610371791598
8,39.29863899965208,64,4.352610371791598
8,41.92663038382149,64,4.352616358928823
8,41.92663038382149,64,4.352616358928823
8,44.73036166359721,64,4.352622446612402
8,44.73036166359721,64,4.352622446612402
8,44.73036166359721,64,4.352622446612402
8,44.73036166359721,64,4.352622446612402
8,44.73036166359721,64,4.352622446612402
8,44.73036166359721,64,4.352622446612402
8,44.73036166359721,64,4.352622446612402
8,44.73036166359721,64,4.352622446612402
8,44.73036166359721,64,4.352622446612402
8,47.72158497450504,64,4.352628664635656
8,47.72158497450504,64,4.352628664635656
8,47.72158497450504,64,4.352628664635656
8,50.912838344704916,64,4.352635044405275
8,50.912838344704916,64,4.352635044405275
8,50.912838344704916,64,4.352635044405275
8,54.31749824945833,64,4.352641619138939
8,54.31749824945833,64,4.352641619138939
8,54.31749824945833,64,4.352641619138939
8,54.31749824945833,64,4.352641619138939
8,54.31749824945833,64,4.352641619138939
8,57.94983568003634,64,4.352648424083101
8,57.94983568003634,64,4.352648424083101
8,57.94983568003634,64,4.352648424083101
8,57.94983568003634,64,4.352648424083101
8,57.94983568003634,64,4.352648424083101
8,57.94983568003634,64,4.352648424083101
8,57.94983568003634,64,4.352648424083101
8,61.82507596208572,64,4.352655496752311
8,61.82507596208572,64,4.352655496752311
8,61.82507596208572,64,4.352655496752311
8,61.82507596208572,64,4.352655496752311
8,61.82507596208572,64,4.352655496752311
8,61.82507596208572,64,4.352655496752311
8,65.95946257418731,64,4.3526628771915865
8,65.95946257418731,64,4.3526628771915865
8,65.95946257418731,64,4.3526628771915865
8,65.95946257418731,64,4.3526628771915865
8,65.95946257418731,64,4.3526628771915865
8,70.37032523411159,64,4.352670608263455
8,70.37032523411159,64,4.352670608263455
8,70.37032523411159,64,4.352670608263455
8,70.37032523411159,64,4.352670608263455
8,75.07615253815847,64,4.352678735961371
8,75.07615253815847,64,4.352678735961371
8,75.07615253815847,64,4.352678735961371
8,75.07615253815847,64,4.352678735961371
8,75.07615253815847,64,4.352678735961371
8,75.07615253815847,64,4.352678735961371
8,75.07615253815847,64,4.352678735961371
8,75.07615253815847,64,4.352678735961371
8,75.07615253815847,64,4.352678735961371
8,80.09666945806018,64,4.3526873097513334
8,80.09666945806018,64,4.3526873097513334
8,80.09666945806018,64,4.3526873097513334
8,80.09666945806018,64,4.3526873097513334
8,80.09666945806018,64,4.3526873097513334
8,80.09666945806018,64,4.3526873097513334
8,85.45292002028222,64,4.352696382943613
8,85.45292002028222,64,4.352696382943613
8,85.45292002028222,64,4.352696382943613
8,85.45292002028222,64,4.352696382943613
8,85.45292002028222,64,4.352696382943613
8,85.45292002028222,64,4.352696382943613
8,91.16735551427986,64,4.352706013096514
8,91.16735551427986,64,4.352706013096514
8,91.16735551427986,64,4.352706013096514
8,91.16735551427986,64,4.352706013096514
8,91.16735551427986,64,4.352706013096514
8,97.26392859944849,64,4.352716262454201
8,103.7681937052218,64,4.352727198420596
8,103.7681937052218,64,4.352727198420596
8,103.7681937052218,64,4.352727198420596
8,103.7681937052218,64,4.352727198420596
8,110.70741414515996,64,4.352738894071326
8,110.70741414515996,64,4.352738894071326
8,118.11067639400605,64,4.352751428705698
8,118.11067639400605,64,4.352751428705698
8,118.11067639400605,64,4.352751428705698
8,118.11067639400605,64,4.352751428705698
8,118.11067639400605,64,4.352751428705698
8,118.11067639400605,64,4.352751428705698
8,118.11067639400605,64,4.352751428705698
8,118.11067639400605,64,4.352751428705698
8,118.11067639400605,64,4.352751428705698
8,118.11067639400605,64,4.352751428705698
8,126.00901200671282,64,4.352764888440554
8,126.00901200671282,64,4.352764888440554
8,126.00901200671282,64,4.352764888440554
8,126.00901200671282,64,4.352764888440554
8,126.00901200671282,64,4.352764888440554
8,134.43552769048173,64,4.35277936684773
8,134.43552769048173,64,4.35277936684773
8,134.43552769048173,64,4.35277936684773
8,134.43552769048173,64,4.35277936684773
8,143.42554407501817,64,4.352794965636692
8,143.42554407501817,64,4.352794965636692
8,143.42554407501817,64,4.352794965636692
8,143.42554407501817,64,4.352794965636692
8,143.42554407501817,64,4.352794965636692
8,143.42554407501817,64,4.352794965636692
8,143.42554407501817,64,4.352794965636692
8,143.42554407501817,64,4.352794965636692
8,143.42554407501817,64,4.352794965636692
8,153.01674376267866,64,4.352811795383642
8,153.01674376267866,64,4.352811795383642
8,163.24932927907625,64,4.3528299763081595
8,163.24932927907625,64,4.3528299763081595
8,174.16619158620682,64,4.352849639098051
8,174.16619158620682,64,4.352849639098051
8,174.16619158620682,64,4.352849639098051
8,185.81308986444498,64,4.352870925782678
8,185.81308986444498,64,4.352870925782678
8,185.81308986444498,64,4.352870925782678
8,185.81308986444498,64,4.352870925782678
8,185.81308986444498,64,4.352870925782678
8,185.81308986444498,64,4.352870925782678
8,198.238843316975,64,4.352893990654607
8,198.238843316975,64,4.352893990654607
8,198.238843316975,64,4.352893990654607
8,198.238843316975,64,4.352893990654607
8,198.238843316975,64,4.352893990654607
8,198.238843316975,64,4.352893990654607
8,211.49553580063366,64,4.3529190012388135
8,211.49553580063366,64,4.3529190012388135
8,211.49553580063366,64,4.3529190012388135
8,211.49553580063366,64,4.3529190012388135
8,211.49553580063366,64,4.3529190012388135
8,211.49553580063366,64,4.3529190012388135
8,225.63873414089372,64,4.352946139308156
8,225.63873414089372,64,4.352946139308156
8,225.63873414089372,64,4.352946139308156
8,225.63873414089372,64,4.352946139308156
8,225.63873414089372,64,4.352946139308156
8,240.72772104607358,64,4.352975601943117
8,240.72772104607358,64,4.352975601943117
8,240.72772104607358,64,4.352975601943117
8,240.72772104607358,64,4.352975601943117
8,256.82574359706877,64,4.353007602633112
8,256.82574359706877,64,4.353007602633112
8,256.82574359706877,64,4.353007602633112
8,256.82574359706877,64,4.353007602633112
8,256.82574359706877,64,4.353007602633112
8,256.82574359706877,64,4.353007602633112
8,256.82574359706877,64,4.353007602633112
8,256.82574359706877,64,4.353007602633112
8,274.0002783541624,64,4.353042372415903
8,274.0002783541624,64,4.353042372415903
8,274.0002783541624,64,4.353042372415903
8,274.0002783541624,64,4.353042372415903
8,274.0002783541624,64,4.353042372415903
8,292.3233141921493,64,4.353080161050822
8,292.3233141921493,64,4.353080161050822
8,292.3233141921493,64,4.353080161050822
8,292.3233141921493,64,4.353080161050822
8,292.3233141921493,64,4.353080161050822
8,311.8716540493036,64,4.3531212382206315
8,332.72723685499466,64,4.353165894755987
8,332.72723685499466,64,4.353165894755987
8,332.72723685499466,64,4.353165894755987
8,354.9774809853617,64,4.353214443875493
8,354.9774809853617,64,4.353214443875493
8,354.9774809853617,64,4.353214443875493
8,354.9774809853617,64,4.353214443875493
8,354.9774809853617,64,4.353214443875493
8,354.9774809853617,64,4.353214443875493
8,354.9774809853617,64,4.353214443875493
8,378.7156506866572,64,4.3532672224334235
8,378.7156506866572,64,4.3532672224334235
8,378.7156506866572,64,4.3532672224334235
8,378.7156506866572,64,4.3532672224334235
8,404.0412470021791,64,4.353324592166224
8,404.0412470021791,64,4.353324592166224
8,404.0412470021791,64,4.353324592166224
8,404.0412470021791,64,4.353324592166224
8,404.0412470021791,64,4.353324592166224
8,404.0412470021791,64,4.353324592166224
8,431.0604248413962,64,4.35338694092794
8,431.0604248413962,64,4.35338694092794
8,431.0604248413962,64,4.35338694092794
8,459.88643793944743,64,4.353454683903817
8,459.88643793944743,64,4.353454683903817
8,459.88643793944743,64,4.353454683903817
8,459.88643793944743,64,4.353454683903817
8,459.88643793944743,64,4.353454683903817
8,459.88643793944743,64,4.353454683903817
8,490.640113572131,64,4.3535282647904125
8,490.640113572131,64,4.3535282647904125
8,523.4503590161748,64,4.353608156929734
8,523.4503590161748,64,4.353608156929734
8,523.4503590161748,64,4.353608156929734
8,523.4503590161748,64,4.353608156929734
8,523.4503590161748,64,4.353608156929734
8,523.4503590161748,64,4.353608156929734
8,523.4503590161748,64,4.353608156929734
8,523.4503590161748,64,4.353608156929734
8,558.454701877693,64,4.3536948643842
8,558.454701877693,64,4.3536948643842
8,558.454701877693,64,4.3536948643842
8,558.454701877693,64,4.3536948643842
8,595.7998665536622,64,4.353788922938662
8,595.7998665536622,64,4.353788922938662
8,595.7998665536622,64,4.353788922938662
8,595.7998665536622,64,4.353788922938662
8,595.7998665536622,64,4.353788922938662
8,595.7998665536622,64,4.353788922938662
8,595.7998665536622,64,4.353788922938662
8,595.7998665536622,64,4.353788922938662
8,595.7998665536622,64,4.353788922938662
8,595.7998665536622,64,4.353788922938662
8,595.7998665536622,64,4.353788922938662
8,595.7998665536622,64,4.353788922938662
8,635.6423892427093,64,4.353890901015279
8,635.6423892427093,64,4.353890901015279
8,635.6423892427093,64,4.353890901015279
8,635.6423892427093,64,4.353890901015279
8,635.6423892427093,64,4.353890901015279
8,635.6423892427093,64,4.353890901015279
8,635.6423892427093,64,4.353890901015279
8,635.6423892427093,64,4.353890901015279
8,635.6423892427093,64,4.353890901015279
8,678.1492740831088,64,4.354001400486963
8,678.1492740831088,64,4.354001400486963
8,678.1492740831088,64,4.354001400486963
8,678.1492740831088,64,4.354001400486963
8,678.1492740831088,64,4.354001400486963
8,678.1492740831088,64,4.354001400486963
8,678.1492740831088,64,4.354001400486963
8,678.1492740831088,64,4.354001400486963
8,723.4986931682564,64,4.354121057375313
8,723.4986931682564,64,4.354121057375313
8,723.4986931682564,64,4.354121057375313
8,723.4986931682564,64,4.354121057375313
8,723.4986931682564,64,4.354121057375313
8,771.8807333737907,64,4.354250542419583
8,771.8807333737907,64,4.354250542419583
8,771.8807333737907,64,4.354250542419583
8,771.8807333737907,64,4.354250542419583
8,771.8807333737907,64,4.354250542419583
8,771.8807333737907,64,4.354250542419583
8,823.4981931268027,64,4.354390561504461
8,823.4981931268027,64,4.354390561504461
8,878.5674324568332,64,4.354541855936279
8,878.5674324568332,64,4.354541855936279
8,878.5674324568332,64,4.354541855936279
8,878.5674324568332,64,4.354541855936279
8,878.5674324568332,64,4.354541855936279
8,878.5674324568332,64,4.354541855936279
8,937.3192798917728,64,4.354705202559971
8,937.3192798917728,64,4.354705202559971
8,937.3192798917728,64,4.354705202559971
8,1000.0,64,4.3548814137126675
8,1000.0,64,4.3548814137126675
8,1000.0,64,4.3548814137126675
8,1000.0,64,4.3548814137126675
8,1000.0,64,4.3548814137126675
8,1000.0,64,4.3548814137126675
10,0.1018666744844563,64,4.395674790671492
10,0.1018666744844563,64,4.395674790671492
10,0.09548159797274021,64,4.395674808051362
10,0.09548159797274021,64,4.395674808051362
10,0.09548159797274021,64,4.395674808051362
10,0.10867873591186367,64,4.395674874922205
10,0.10867873591186367,64,4.395674874922205
10,0.10867873591186367,64,4.395674874922205
10,0.10867873591186367,64,4.395674874922205
10,0.10867873591186367,64,4.395674874922205
10,0.10867873591186367,64,4.395674874922205
10,0.0894967426547247,64,4.395674915761067
10,0.0894967426547247,64,4.395674915761067
10,0.0894967426547247,64,4.395674915761067
10,0.0894967426547247,64,4.395674915761067
10,0.0894967426547247,64,4.395674915761067
10,0.0894967426547247,64,4.395674915761067
10,0.11594633572928544,64,4.395675072674619
10,0.11594633572928544,64,4.395675072674619
10,0.11594633572928544,64,4.395675072674619
10,0.11594633572928544,64,4.395675072674619
10,0.11594633572928544,64,4.395675072674619
10,0.11594633572928544,64,4.395675072674619
10,0.11594633572928544,64,4.395675072674619
10,0.08388702237778593,64,4.395675103105608
10,0.08388702237778593,64,4.395675103105608
10,0.08388702237778593,64,4.395675103105608
10,0.08388702237778593,64,4.395675103105608
10,0.08388702237778593,64,4.395675103105608
10,0.08388702237778593,64,4.395675103105608
10,0.08388702237778593,64,4.395675103105608
10,0.08388702237778593,64,4.395675103105608
10,0.07862892340741143,64,4.395675360021235
10,0.07862892340741143,64,4.395675360021235
10,0.07862892340741143,64,4.395675360021235
10,0.1236999368482776,64,4.395675396324625
10,0.1236999368482776,64,4.395675396324625
10,0.1236999368482776,64,4.395675396324625
10,0.07370040586690031,64,4.395675677091759
10,0.07370040586690031,64,4.395675677091759
10,0.07370040586690031,64,4.395675677091759
10,0.07370040586690031,64,4.395675677091759
10,0.07370040586690031,64,4.395675677091759
10,0.07370040586690031,64,4.395675677091759
10,0.07370040586690031,64,4.395675677091759
10,0.07370040586690031,64,4.395675677091759
10,0.07370040586690031,64,4.395675677091759
10,0.07370040586690031,64,4.395675677091759
10,0.13197203930613743,64,4.3956758587366735
10,0.13197203930613743,64,4.3956758587366735
10,0.13197203930613743,64,4.3956758587366735
10,0.13197203930613743,64,4.3956758587366735
10,0.13197203930613743,64,4.3956758587366735
10,0.13197203930613743,64,4.3956758587366735
10,0.06908081135489438,64,4.395676045556323
10,0.06908081135489438,64,4.395676045556323
10,0.06908081135489438,64,4.395676045556323
10,0.06908081135489438,64,4.395676045556323
10,0.06908081135489438,64,4.395676045556323
10,0.06908081135489438,64,4.395676045556323
10,0.06908081135489438,64,4.395676045556323
10,0.06908081135489438,64,4.395676045556323
10,0.06908081135489438,64,4.395676045556323
10,0.06908081135489438,64,4.395676045556323
10,0.06908081135489438,64,4.395676045556323
10,0.06475077635350907,64,4.39567645730938
10,0.06475077635350907,64,4.39567645730938
10,0.06475077635350907,64,4.39567645730938
10,0.06475077635350907,64,4.39567645730938
10,0.06475077635350907,64,4.39567645730938
10,0.14079731649323968,64,4.3956764731769
10,0.14079731649323968,64,4.3956764731769
10,0.14079731649323968,64,4.3956764731769
10,0.14079731649323968,64,4.3956764731769
10,0.06069215106410441,64,4.395676904893772
10,0.06069215106410441,64,4.395676904893772
10,0.06069215106410441,64,4.395676904893772
10,0.06069215106410441,64,4.395676904893772
10,0.06069215106410441,64,4.395676904893772
10,0.1502127604902106,64,4.395677253235642
10,0.1502127604902106,64,4.395677253235642
10,0.1502127604902106,64,4.395677253235642
10,0.1502127604902106,64,4.395677253235642
10,0.1502127604902106,64,4.395677253235642
10,0.1502127604902106,64,4.395677253235642
10,0.056887923330489094,64,4.395677381487785
10,0.056887923330489094,64,4.395677381487785
10,0.056887923330489094,64,4.395677381487785
10,0.056887923330489094,64,4.395677381487785
10,0.056887923330489094,64,4.395677381487785
10,0.056887923330489094,64,4.395677381487785
10,0.056887923330489094,64,4.395677381487785
10,0.056887923330489094,64,4.395677381487785
10,0.056887923330489094,64,4.395677381487785
10,0.056887923330489094,64,4.395677381487785
10,0.05332214733067242,64,4.395677880886962
10,0.05332214733067242,64,4.395677880886962
10,0.05332214733067242,64,4.395677880886962
10,0.05332214733067242,64,4.395677880886962
10,0.1602578371241384,64,4.395678212739668
10,0.1602578371241384,64,4.395678212739668
10,0.1602578371241384,64,4.395678212739668
10,0.1602578371241384,64,4.395678212739668
10,0.1602578371241384,64,4.395678212739668
10,0.04997987673826894,64,4.395678397481634
10,0.04997987673826894,64,4.395678397481634
10,0.04997987673826894,64,4.395678397481634
10,0.04997987673826894,64,4.395678397481634
10,0.04997987673826894,64,4.395678397481634
10,0.04997987673826894,64,4.395678397481634
10,0.04997987673826894,64,4.395678397481634
10,0.04997987673826894,64,4.395678397481634
10,0.04997987673826894,64,4.395678397481634
10,0.04997987673826894,64,4.395678397481634
10,0.046847102073393855,64,4.395678926230963
10,0.046847102073393855,64,4.395678926230963
10,0.046847102073393855,64,4.395678926230963
10,0.17097465139375173,64,4.3956793656545425
10,0.17097465139375173,64,4.3956793656545425
10,0.17097465139375173,64,4.3956793656545425
10,0.17097465139375173,64,4.3956793656545425
10,0.17097465139375173,64,4.3956793656545425
10,0.043910691980449945,64,4.3956794626342335
10,0.043910691980449945,64,4.3956794626342335
10,0.043910691980449945,64,4.3956794626342335
10,0.043910691980449945,64,4.3956794626342335
10,0.041158338186664825,64,4.3956800027002245
10,0.041158338186664825,64,4.3956800027002245
10,0.041158338186664825,64,4.3956800027002245
10,0.041158338186664825,64,4.3956800027002245
10,0.03857850391066673,64,4.395680542915217
10,0.03857850391066673,64,4.395680542915217
10,0.03857850391066673,64,4.395680542915217
10,0.03857850391066673,64,4.395680542915217
10,0.03857850391066673,64,4.395680542915217
10,0.1824081239569649,64,4.39568072597794
10,0.1824081239569649,64,4.39568072597794
10,0.1824081239569649,64,4.39568072597794
10,0.1824081239569649,64,4.39568072597794
10,0.1824081239569649,64,4.39568072597794
10,0.1824081239569649,64,4.39568072597794
10,0.036160375504848116,64,4.395681080210303
10,0.036160375504848116,64,4.395681080210303
10,0.036160375504848116,64,4.395681080210303
10,0.036160375504848116,64,4.395681080210303
10,0.036160375504848116,64,4.395681080210303
10,0.036160375504848116,64,4.395681080210303
10,0.036160375504848116,64,4.395681080210303
10,0.036160375504848116,64,4.395681080210303
10,0.036160375504848116,64,4.395681080210303
10,0.036160375504848116,64,4.395681080210303
10,0.03389381712882037,64,4.395681611928502
10,0.03389381712882037,64,4.395681611928502
10,0.03389381712882037,64,4.395681611928502
10,0.03389381712882037,64,4.395681611928502
10,0.03389381712882037,64,4.395681611928502
10,0.031769328263969374,64,4.395682135792113
10,0.031769328263969374,64,4.395682135792113
10,0.031769328263969374,64,4.395682135792113
10,0.031769328263969374,64,4.395682135792113
10,0.19460617942055622,64,4.395682307624732
10,0.19460617942055622,64,4.395682307624732
10,0.029778003891029147,64,4.395682649870713
10,0.029778003891029147,64,4.395682649870713
10,0.029778003891029147,64,4.395682649870713
10,0.029778003891029147,64,4.395682649870713
10,0.029778003891029147,64,4.395682649870713
10,0.027911497163753848,64,4.395683152550099
10,0.027911497163753848,64,4.395683152550099
10,0.027911497163753848,64,4.395683152550099
10,0.027911497163753848,64,4.395683152550099
10,0.027911497163753848,64,4.395683152550099
10,0.027911497163753848,64,4.395683152550099
10,0.027911497163753848,64,4.395683152550099
10,0.026161984422231045,64,4.395683642502441
10,0.026161984422231045,64,4.395683642502441
10,0.026161984422231045,64,4.395683642502441
10,0.026161984422231045,64,4.395683642502441
10,0.026161984422231045,64,4.395683642502441
10,0.024522132399185402,64,4.395684118657792
10,0.024522132399185402,64,4.395684118657792
10,0.024522132399185402,64,4.395684118657792
10,0.20761994722121382,64,4.39568412430504
10,0.20761994722121382,64,4.39568412430504
10,0.20761994722121382,64,4.39568412430504
10,0.20761994722121382,64,4.39568412430504
10,0.022985067481815197,64,4.395684580177205
10,0.022985067481815197,64,4.395684580177205
10,0.022985067481815197,64,4.395684580177205
10,0.022985067481815197,64,4.395684580177205
10,0.021544346900318846,64,4.395685026427385
10,0.021544346900318846,64,4.395685026427385
10,0.021544346900318846,64,4.395685026427385
10,0.021544346900318846,64,4.395685026427385
10,0.021544346900318846,64,4.395685026427385
10,0.020193931722345407,64,4.395685456957137
10,0.020193931722345407,64,4.395685456957137
10,0.020193931722345407,64,4.395685456957137
10,0.018928161540172444,64,4.395685871475411
10,0.018928161540172444,64,4.395685871475411
10,0.018928161540172444,64,4.395685871475411
10,0.018928161540172444,64,4.395685871475411
10,0.018928161540172444,64,4.395685871475411
10,0.018928161540172444,64,4.395685871475411
10,0.018928161540172444,64,4.395685871475411
10,0.018928161540172444,64,4.395685871475411
10,0.22150397593996615,64,4.395686189396419
10,0.22150397593996615,64,4.395686189396419
10,0.22150397593996615,64,4.395686189396419
10,0.22150397593996615,64,4.395686189396419
10,0.22150397593996615,64,4.395686189396419
10,0.22150397593996615,64,4.395686189396419
10,0.0177417307445096,64,4.39568626983117
10,0.0177417307445096,64,4.39568626983117
10,0.0177417307445096,64,4.39568626983117
10,0.0177417307445096,64,4.39568626983117
10,0.01662966628547748,64,4.395686651994804
10,0.01662966628547748,64,4.395686651994804
10,0.015587306827544245,64,4.395687018041299
10,0.015587306827544245,64,4.395687018041299
10,0.015587306827544245,64,4.395687018041299
10,0.015587306827544245,64,4.395687018041299
10,0.015587306827544245,64,4.395687018041299
10,0.0146102832110459,64,4.39568736813484
10,0.0146102832110459,64,4.39568736813484
10,0.0146102832110459,64,4.39568736813484
10,0.0146102832110459,64,4.39568736813484
10,0.013694500138392414,64,4.395687702515004
10,0.013694500138392414,64,4.395687702515004
10,0.012836119008195774,64,4.395688021484295
10,0.012836119008195774,64,4.395688021484295
10,0.012836119008195774,64,4.395688021484295
10,0.012836119008195774,64,4.395688021484295
10,0.012836119008195774,64,4.395688021484295
10,0.012836119008195774,64,4.395688021484295
10,0.012836119008195774,64,4.395688021484295
10,0.012836119008195774,64,4.395688021484295
10,0.012031541825367172,64,4.395688325397007
10,0.012031541825367172,64,4.395688325397007
10,0.012031541825367172,64,4.395688325397007
10,0.012031541825367172,64,4.395688325397007
10,0.012031541825367172,64,4.395688325397007
10,0.23631646194831477,64,4.395688515811701
10,0.23631646194831477,64,4.395688515811701
10,0.23631646194831477,64,4.395688515811701
10,0.23631646194831477,64,4.395688515811701
10,0.011277396119740902,64,4.395688614649315
10,0.011277396119740902,64,4.395688614649315
10,0.011277396119740902,64,4.395688614649315
10,0.011277396119740902,64,4.395688614649315
10,0.011277396119740902,64,4.395688614649315
10,0.011277396119740902,64,4.395688614649315
10,0.011277396119740902,64,4.395688614649315
10,0.011277396119740902,64,4.395688614649315
10,0.011277396119740902,64,4.395688614649315
10,0.011277396119740902,64,4.395688614649315
10,0.011277396119740902,64,4.395688614649315
10,0.010570520810009826,64,4.395688889670495
10,0.009907952953719419,64,4.395689150915231
10,0.009907952953719419,64,4.395689150915231
10,0.009907952953719419,64,4.395689150915231
10,0.009907952953719419,64,4.395689150915231
10,0.009907952953719419,64,4.395689150915231
10,0.009286915327781859,64,4.39568939885678
10,0.008704804787452367,64,4.395689633981082
10,0.008704804787452367,64,4.395689633981082
10,0.008704804787452367,64,4.395689633981082
10,0.00815918135497331,64,4.39568985678169
10,0.00815918135497331,64,4.39568985678169
10,0.00815918135497331,64,4.39568985678169
10,0.00815918135497331,64,4.39568985678169
10,0.007647757992149969,64,4.395690067755316
10,0.007647757992149969,64,4.395690067755316
10,0.007647757992149969,64,4.395690067755316
10,0.007647757992149969,64,4.395690067755316
10,0.007647757992149969,64,4.395690067755316
10,0.007647757992149969,64,4.395690067755316
10,0.007168391013988566,64,4.395690267398104
10,0.007168391013988566,64,4.395690267398104
10,0.006719071103214418,64,4.395690456202406
10,0.006719071103214418,64,4.395690456202406
10,0.006719071103214418,64,4.395690456202406
10,0.006719071103214418,64,4.395690456202406
10,0.006719071103214418,64,4.395690456202406
10,0.006719071103214418,64,4.395690456202406
10,0.006719071103214418,64,4.395690456202406
10,0.006719071103214418,64,4.395690456202406
10,0.006719071103214418,64,4.395690456202406
10,0.00629791488800657,64,4.3956906346541444
10,0.00629791488800657,64,4.3956906346541444
10,0.00629791488800657,64,4.3956906346541444
10,0.005903157047645993,64,4.395690803230569
10,0.005903157047645993,64,4.395690803230569
10,0.005903157047645993,64,4.395690803230569
10,0.005903157047645993,64,4.395690803230569
10,0.005533142912987591,64,4.39569096239847
10,0.005533142912987591,64,4.39569096239847
10,0.005533142912987591,64,4.39569096239847
10,0.005533142912987591,64,4.39569096239847
10,0.0051863215307398,64,4.395691112612658
10,0.0051863215307398,64,4.395691112612658
10,0.0051863215307398,64,4.395691112612658
10,0.0051863215307398,64,4.395691112612658
10,0.0051863215307398,64,4.395691112612658
10,0.0051863215307398,64,4.395691112612658
10,0.0051863215307398,64,4.395691112612658
10,0.25211949334446737,64,4.395691115863932
10,0.25211949334446737,64,4.395691115863932
10,0.25211949334446737,64,4.395691115863932
10,0.004861239162480226,64,4.39569125431487
10,0.004861239162480226,64,4.39569125431487
10,0.004861239162480226,64,4.39569125431487
10,0.004861239162480226,64,4.39569125431487
10,0.00455653319115766,64,4.395691387932826
10,0.00455653319115766,64,4.395691387932826
10,0.00455653319115766,64,4.395691387932826
10,0.00455653319115766,64,4.395691387932826
10,0.004270926409538859,64,4.3956915138796315
10,0.004270926409538859,64,4.3956915138796315
10,0.004270926409538859,64,4.3956915138796315
10,0.004270926409538859,64,4.3956915138796315
10,0.004003221666659722,64,4.395691632553316
10,0.004003221666659722,64,4.395691632553316
10,0.004003221666659722,64,4.395691632553316
10,0.004003221666659722,64,4.395691632553316
10,0.0037522968498406367,64,4.395691744336538
10,0.0037522968498406367,64,4.395691744336538
10,0.0037522968498406367,64,4.395691744336538
10,0.0037522968498406367,64,4.395691744336538
10,0.0037522968498406367,64,4.395691744336538
10,0.0037522968498406367,64,4.395691744336538
10,0.0037522968498406367,64,4.395691744336538
10,0.0037522968498406367,64,4.395691744336538
10,0.0037522968498406367,64,4.395691744336538
10,0.003517100181232793,64,4.395691849596472
10,0.003517100181232793,64,4.395691849596472
10,0.003517100181232793,64,4.395691849596472
10,0.003296645809180352,64,4.395691948684834
10,0.003296645809180352,64,4.395691948684834
10,0.003296645809180352,64,4.395691948684834
10,0.003090009675919158,64,4.395692041937975
10,0.003090009675919158,64,4.395692041937975
10,0.003090009675919158,64,4.395692041937975
10,0.003090009675919158,64,4.395692041937975
10,0.0028963256442911586,64,4.395692129677068
10,0.0028963256442911586,64,4.395692129677068
10,0.0028963256442911586,64,4.395692129677068
10,0.002714781867239066,64,4.395692212208379
10,0.002714781867239066,64,4.395692212208379
10,0.002714781867239066,64,4.395692212208379
10,0.002714781867239066,64,4.395692212208379
10,0.002714781867239066,64,4.395692212208379
10,0.002544617384863764,64,4.395692289823626
10,0.002544617384863764,64,4.395692289823626
10,0.002544617384863764,64,4.395692289823626
10,0.002544617384863764,64,4.395692289823626
10,0.002385118934780594,64,4.39569236280032
10,0.002385118934780594,64,4.39569236280032
10,0.0022356179624047783,64,4.395692431402205
10,0.0022356179624047783,64,4.395692431402205
10,0.0022356179624047783,64,4.395692431402205
10,0.0022356179624047783,64,4.395692431402205
10,0.0022356179624047783,64,4.395692431402205
10,0.0022356179624047783,64,4.395692431402205
10,0.0022356179624047783,64,4.395692431402205
10,0.0022356179624047783,64,4.395692431402205
10,0.0020954878186343613,64,4.395692495879672
10,0.0020954878186343613,64,4.395692495879672
10,0.0020954878186343613,64,4.395692495879672
10,0.0020954878186343613,64,4.395692495879672
10,0.0020954878186343613,64,4.395692495879672
10,0.0020954878186343613,64,4.395692495879672
10,0.0020954878186343613,64,4.395692495879672
10,0.0019641411331843433,64,4.3956925564702525
10,0.0019641411331843433,64,4.3956925564702525
10,0.0019641411331843433,64,4.3956925564702525
10,0.0019641411331843433,64,4.3956925564702525
10,0.0019641411331843433,64,4.3956925564702525
10,0.0018410273525621594,64,4.395692613399088
10,0.0018410273525621594,64,4.395692613399088
10,0.0018410273525621594,64,4.395692613399088
10,0.0018410273525621594,64,4.395692613399088
10,0.0018410273525621594,64,4.395692613399088
10,0.0018410273525621594,64,4.395692613399088
10,0.0018410273525621594,64,4.395692613399088
10,0.0017256304323646236,64,4.395692666879393
10,0.0017256304323646236,64,4.395692666879393
10,0.0017256304323646236,64,4.395692666879393
10,0.0017256304323646236,64,4.395692666879393
10,0.0017256304323646236,64,4.395692666879393
10,0.0017256304323646236,64,4.395692666879393
10,0.0017256304323646236,64,4.395692666879393
10,0.0017256304323646236,64,4.395692666879393
10,0.0017256304323646236,64,4.395692666879393
10,0.0016174666742233374,64,4.395692717112958
10,0.0016174666742233374,64,4.395692717112958
10,0.0016174666742233374,64,4.395692717112958
10,0.0016174666742233374,64,4.395692717112958
10,0.0016174666742233374,64,4.395692717112958
10,0.0016174666742233374,64,4.395692717112958
10,0.0015160826983319608,64,4.395692764290638
10,0.001421053543056891,64,4.395692808592839
10,0.001421053543056891,64,4.395692808592839
10,0.001421053543056891,64,4.395692808592839
10,0.001421053543056891,64,4.395692808592839
10,0.001421053543056891,64,4.395692808592839
10,0.001421053543056891,64,4.395692808592839
10,0.001421053543056891,64,4.395692808592839
10,0.001421053543056891,64,4.395692808592839
10,0.001421053543056891,64,4.395692808592839
10,0.001421053543056891,64,4.395692808592839
10,0.0013319808836657373,64,4.395692850189988
10,0.0013319808836657373,64,4.395692850189988
10,0.0013319808836657373,64,4.395692850189988
10,0.0013319808836657373,64,4.395692850189988
10,0.0013319808836657373,64,4.395692850189988
10,0.0013319808836657373,64,4.395692850189988
10,0.0012484913627071772,64,4.395692889243001
10,0.0012484913627071772,64,4.395692889243001
10,0.0011702350250437908,64,4.395692925903752
10,0.0011702350250437908,64,4.395692925903752
10,0.0011702350250437908,64,4.395692925903752
10,0.0011702350250437908,64,4.395692925903752
10,0.0011702350250437908,64,4.395692925903752
10,0.0011702350250437908,64,4.395692925903752
10,0.0010968838509781778,64,4.395692960315472
10,0.0010968838509781778,64,4.395692960315472
10,0.0010968838509781778,64,4.395692960315472
10,0.0010968838509781778,64,4.395692960315472
10,0.001028130381323781,64,4.395692992613269
10,0.0009636864286572604,64,4.3956930229244495
10,0.0009636864286572604,64,4.3956930229244495
10,0.0009636864286572604,64,4.3956930229244495
10,0.0009636864286572604,64,4.3956930229244495
10,0.0009636864286572604,64,4.3956930229244495
10,0.0009636864286572604,64,4.3956930229244495
10,0.0009636864286572604,64,4.3956930229244495
10,0.0009636864286572604,64,4.3956930229244495
10,0.0009032818693504984,64,4.395693051368971
10,0.0008466635113189044,64,4.395693078059832
10,0.0008466635113189044,64,4.395693078059832
10,0.0008466635113189044,64,4.395693078059832
10,0.0007935940327400761,64,4.395693103103418
10,0.0007935940327400761,64,4.395693103103418
10,0.0007935940327400761,64,4.395693103103418
10,0.0007438509872943369,64,4.395693126599882
10,0.0007438509872943369,64,4.395693126599882
10,0.0007438509872943369,64,4.395693126599882
10,0.0007438509872943369,64,4.395693126599882
10,0.0006972258717575121,64,4.3956931486434465
10,0.0006972258717575121,64,4.3956931486434465
10,0.0006972258717575121,64,4.3956931486434465
10,0.0006972258717575121,64,4.3956931486434465
10,0.0006972258717575121,64,4.3956931486434465
10,0.0006972258717575121,64,4.3956931486434465
10,0.0006535232520376654,64,4.395693169322799
10,0.0006535232520376654,64,4.395693169322799
10,0.0006535232520376654,64,4.395693169322799
10,0.0006535232520376654,64,4.395693169322799
10,0.0006535232520376654,64,4.395693169322799
10,0.0006535232520376654,64,4.395693169322799
10,0.0006535232520376654,64,4.395693169322799
10,0.0006535232520376654,64,4.395693169322799
10,0.0006125599439924746,64,4.39569318872134
10,0.0006125599439924746,64,4.39569318872134
10,0.0006125599439924746,64,4.39569318872134
10,0.0006125599439924746,64,4.39569318872134
10,0.0006125599439924746,64,4.39569318872134
10,0.0005741642455935716,64,4.395693206917474
10,0.0005741642455935716,64,4.395693206917474
10,0.0005741642455935716,64,4.395693206917474
10,0.0005741642455935716,64,4.395693206917474
10,0.0005381752172193701,64,4.3956932239849404
10,0.0005381752172193701,64,4.3956932239849404
10,0.0005381752172193701,64,4.3956932239849404
10,0.0005381752172193701,64,4.3956932239849404
10,0.0005381752172193701,64,4.3956932239849404
10,0.0005381752172193701,64,4.3956932239849404
10,0.0005381752172193701,64,4.3956932239849404
10,0.0005381752172193701,64,4.3956932239849404
10,0.0005381752172193701,64,4.3956932239849404
10,0.0005381752172193701,64,4.3956932239849404
10,0.0005381752172193701,64,4.3956932239849404
10,0.0005044420070596583,64,4.39569323999305
10,0.0005044420070596583,64,4.39569323999305
10,0.0005044420070596583,64,4.39569323999305
10,0.0005044420070596583,64,4.39569323999305
10,0.0005044420070596583,64,4.39569323999305
10,0.0005044420070596583,64,4.39569323999305
10,0.00047282321880431997,64,4.395693255006945
10,0.00047282321880431997,64,4.395693255006945
10,0.00047282321880431997,64,4.395693255006945
10,0.00047282321880431997,64,4.395693255006945
10,0.00047282321880431997,64,4.395693255006945
10,0.00047282321880431997,64,4.395693255006945
10,0.00047282321880431997,64,4.395693255006945
10,0.00044318631896577576,64,4.395693269087827
10,0.00044318631896577576,64,4.395693269087827
10,0.00044318631896577576,64,4.395693269087827
10,0.00044318631896577576,64,4.395693269087827
10,0.00044318631896577576,64,4.395693269087827
10,0.00041540708135088687,64,4.3956932822932
10,0.00041540708135088687,64,4.3956932822932
10,0.00041540708135088687,64,4.3956932822932
10,0.00041540708135088687,64,4.3956932822932
10,0.0003893690663537568,64,4.395693294677085
10,0.0003893690663537568,64,4.395693294677085
10,0.0003893690663537568,64,4.395693294677085
10,0.0003893690663537568,64,4.395693294677085
10,0.0003649631328868352,64,4.395693306290231
10,0.0003649631328868352,64,4.395693306290231
10,0.0003649631328868352,64,4.395693306290231
10,0.0003649631328868352,64,4.395693306290231
10,0.0003649631328868352,64,4.395693306290231
10,0.0003649631328868352,64,4.395693306290231
10,0.0003420869809045341,64,4.395693317180261
10,0.0003420869809045341,64,4.395693317180261
10,0.0003420869809045341,64,4.395693317180261
10,0.0003420869809045341,64,4.395693317180261
10,0.0003420869809045341,64,4.395693317180261
10,0.0003420869809045341,64,4.395693317180261
10,0.0003420869809045341,64,4.395693317180261
10,0.0003420869809045341,64,4.395693317180261
10,0.0003420869809045341,64,4.395693317180261
10,0.0003420869809045341,64,4.395693317180261
10,0.0003206447226017888,64,4.395693327391933
10,0.0003206447226017888,64,4.395693327391933
10,0.0003005464804902063,64,4.395693336967248
10,0.0003005464804902063,64,4.395693336967248
10,0.0003005464804902063,64,4.395693336967248
10,0.0002817080106670869,64,4.395693345945649
10,0.0002817080106670869,64,4.395693345945649
10,0.0002817080106670869,64,4.395693345945649
10,0.0002817080106670869,64,4.395693345945649
10,0.0002817080106670869,64,4.395693345945649
10,0.0002817080106670869,64,4.395693345945649
10,0.0002817080106670869,64,4.395693345945649
10,0.0002817080106670869,64,4.395693345945649
10,0.0002817080106670869,64,4.395693345945649
10,0.0002817080106670869,64,4.395693345945649
10,0.0002817080106670869,64,4.395693345945649
10,0.0002817080106670869,64,4.395693345945649
10,0.0002817080106670869,64,4.395693345945649
10,0.00026405034969821797,64,4.395693354364145
10,0.00026405034969821797,64,4.395693354364145
10,0.00024749948363430473,64,4.395693362257489
10,0.00024749948363430473,64,4.395693362257489
10,0.00024749948363430473,64,4.395693362257489
10,0.00023198603777369232,64,4.395693369658298
10,0.00023198603777369232,64,4.395693369658298
10,0.00023198603777369232,64,4.395693369658298
10,0.00023198603777369232,64,4.395693369658298
10,0.00023198603777369232,64,4.395693369658298
10,0.00023198603777369232,64,4.395693369658298
10,0.00023198603777369232,64,4.395693369658298
10,0.00023198603777369232,64,4.395693369658298
10,0.00023198603777369232,64,4.395693369658298
10,0.00023198603777369232,64,4.395693369658298
10,0.0002174449858709829,64,4.3956933765971655
10,0.0002174449858709829,64,4.3956933765971655
10,0.0002174449858709829,64,4.3956933765971655
10,0.0002174449858709829,64,4.3956933765971655
10,0.0002174449858709829,64,4.3956933765971655
10,0.0002174449858709829,64,4.3956933765971655
10,0.0002038153775726666,64,4.395693383102807
10,0.0002038153775726666,64,4.395693383102807
10,0.0002038153775726666,64,4.395693383102807
10,0.0002038153775726666,64,4.395693383102807
10,0.00019104008293728184,64,4.395693389202181
10,0.00019104008293728184,64,4.395693389202181
10,0.00019104008293728184,64,4.395693389202181
10,0.00019104008293728184,64,4.395693389202181
10,0.00019104008293728184,64,4.395693389202181
10,0.00017906555296923774,64,4.395693394920567
10,0.00017906555296923774,64,4.395693394920567
10,0.00017906555296923774,64,4.395693394920567
10,0.00017906555296923774,64,4.395693394920567
10,0.00016784159516254819,64,4.395693400281683
10,0.00016784159516254819,64,4.395693400281683
10,0.00016784159516254819,64,4.395693400281683
10,0.00016784159516254819,64,4.395693400281683
10,0.0001573211631136461,64,4.395693405307777
10,0.0001573211631136461,64,4.395693405307777
10,0.0001573211631136461,64,4.395693405307777
10,0.0001573211631136461,64,4.395693405307777
10,0.0001573211631136461,64,4.395693405307777
10,0.0001573211631136461,64,4.395693405307777
10,0.00014746015932141904,64,4.395693410019734
10,0.00014746015932141904,64,4.395693410019734
10,0.00014746015932141904,64,4.395693410019734
10,0.00014746015932141904,64,4.395693410019734
10,0.00014746015932141904,64,4.395693410019734
10,0.00014746015932141904,64,4.395693410019734
10,0.00014746015932141904,64,4.395693410019734
10,0.00014746015932141904,64,4.395693410019734
10,0.00013821725034787873,64,4.3956934144371385
10,0.00013821725034787873,64,4.3956934144371385
10,0.00013821725034787873,64,4.3956934144371385
10,0.00012955369356469471,64,4.395693418578331
10,0.00012143317475937916,64,4.395693422460575
10,0.00012143317475937916,64,4.395693422460575
10,0.00012143317475937916,64,4.395693422460575
10,0.00012143317475937916,64,4.395693422460575
10,0.00012143317475937916,64,4.395693422460575
10,0.00012143317475937916,64,4.395693422460575
10,0.00012143317475937916,64,4.395693422460575
10,0.00011382165592043307,64,4.395693426100011
10,0.00011382165592043307,64,4.395693426100011
10,0.00011382165592043307,64,4.395693426100011
10,0.00011382165592043307,64,4.395693426100011
10,0.00011382165592043307,64,4.395693426100011
10,0.00011382165592043307,64,4.395693426100011
10,0.00011382165592043307,64,4.395693426100011
10,0.00011382165592043307,64,4.395693426100011
10,0.00011382165592043307,64,4.395693426100011
10,0.00011382165592043307,64,4.395693426100011
10,0.00010668723256342958,64,4.395693429511785
10,0.00010668723256342958,64,4.395693429511785
10,0.00010668723256342958,64,4.395693429511785
10,0.00010668723256342958,64,4.395693429511785
10,0.00010668723256342958,64,4.395693429511785
10,0.00010668723256342958,64,4.395693429511785
10,0.00010668723256342958,64,4.395693429511785
10,0.00010668723256342958,64,4.395693429511785
10,0.0001,64,4.395693432710134
10,0.0001,64,4.395693432710134
10,0.0001,64,4.395693432710134
10,0.26897931020215227,64,4.3956940011301295
10,0.2869665822228788,64,4.39569718231544
10,0.2869665822228788,64,4.39569718231544
10,0.2869665822228788,64,4.39569718231544
10,0.2869665822228788,64,4.39569718231544
10,0.2869665822228788,64,4.39569718231544
10,0.2869665822228788,64,4.39569718231544
10,0.30615670495544806,64,4.395700669119515
10,0.30615670495544806,64,4.395700669119515
10,0.30615670495544806,64,4.395700669119515
10,0.30615670495544806,64,4.395700669119515
10,0.30615670495544806,64,4.395700669119515
10,0.3266301158243518,64,4.395704470106764
10,0.3266301158243518,64,4.395704470106764
10,0.3266301158243518,64,4.395704470106764
10,0.3266301158243518,64,4.395704470106764
10,0.3266301158243518,64,4.395704470106764
10,0.3266301158243518,64,4.395704470106764
10,0.3484726312917259,64,4.395708592582238
10,0.3484726312917259,64,4.395708592582238
10,0.3484726312917259,64,4.395708592582238
10,0.3717758065661061,64,4.3957130424747985
10,0.3717758065661061,64,4.3957130424747985
10,0.3717758065661061,64,4.3957130424747985
10,0.3717758065661061,64,4.3957130424747985
10,0.39663731936574764,64,4.395717824229229
10,0.39663731936574764,64,4.395717824229229
10,0.39663731936574764,64,4.395717824229229
10,0.39663731936574764,64,4.395717824229229
10,0.4231613793450881,64,4.395722940708852
10,0.4231613793450881,64,4.395722940708852
10,0.4231613793450881,64,4.395722940708852
10,0.4231613793450881,64,4.395722940708852
10,0.4231613793450881,64,4.395722940708852
10,0.4514591649005106,64,4.395728393110161
10,0.4514591649005106,64,4.395728393110161
10,0.4514591649005106,64,4.395728393110161
10,0.4514591649005106,64,4.395728393110161
10,0.4514591649005106,64,4.395728393110161
10,0.4816492891863252,64,4.395734180890878
10,0.4816492891863252,64,4.395734180890878
10,0.4816492891863252,64,4.395734180890878
10,0.4816492891863252,64,4.395734180890878
10,0.4816492891863252,64,4.395734180890878
10,0.4816492891863252,64,4.395734180890878
10,0.4816492891863252,64,4.395734180890878
10,0.5138582972943202,64,4.395740301712775
10,0.5138582972943202,64,4.395740301712775
10,0.5138582972943202,64,4.395740301712775
10,0.5138582972943202,64,4.395740301712775
10,0.5138582972943202,64,4.395740301712775
10,0.5138582972943202,64,4.395740301712775
10,0.5482211966808708,64,4.39574675140049
10,0.5482211966808708,64,4.39574675140049
10,0.5482211966808708,64,4.39574675140049
10,0.5482211966808708,64,4.39574675140049
10,0.5482211966808708,64,4.39574675140049
10,0.5482211966808708,64,4.39574675140049
10,0.5848820230649372,64,4.395753523917423
10,0.5848820230649372,64,4.395753523917423
10,0.6239944441689813,64,4.39576061135968
10,0.6239944441689813,64,4.39576061135968
10,0.6239944441689813,64,4.39576061135968
10,0.6657224038334415,64,4.39576800396883
10,0.6657224038334415,64,4.39576800396883
10,0.6657224038334415,64,4.39576800396883
10,0.6657224038334415,64,4.39576800396883
10,0.6657224038334415,64,4.39576800396883
10,0.7102408092046375,64,4.395775690164122
10,0.7577362638765357,64,4.395783656594448
10,0.7577362638765357,64,4.395783656594448
10,0.7577362638765357,64,4.395783656594448
10,0.7577362638765357,64,4.395783656594448
10,0.8084078500594021,64,4.395791888210212
10,0.8084078500594021,64,4.395791888210212
10,0.8084078500594021,64,4.395791888210212
10,0.8084078500594021,64,4.395791888210212
10,0.8084078500594021,64,4.395791888210212
10,0.8084078500594021,64,4.395791888210212
10,0.8084078500594021,64,4.395791888210212
10,0.8084078500594021,64,4.395791888210212
10,0.8084078500594021,64,4.395791888210212
10,0.8084078500594021,64,4.395791888210212
10,0.8624679630538962,64,4.395800368354867
10,0.8624679630538962,64,4.395800368354867
10,0.920143201528384,64,4.395809078875647
10,0.920143201528384,64,4.395809078875647
10,0.9816753173311735,64,4.395818000252543
10,0.9816753173311735,64,4.395818000252543
10,0.9816753173311735,64,4.395818000252543
10,0.9816753173311735,64,4.395818000252543
10,1.0473222288188955,64,4.3958271117444
10,1.0473222288188955,64,4.3958271117444
10,1.0473222288188955,64,4.3958271117444
10,1.0473222288188955,64,4.3958271117444
10,1.0473222288188955,64,4.3958271117444
10,1.0473222288188955,64,4.3958271117444
10,1.0473222288188955,64,4.3958271117444
10,1.0473222288188955,64,4.3958271117444
10,1.1173591019485078,64,4.395836391550434
10,1.1173591019485078,64,4.395836391550434
10,1.1173591019485078,64,4.395836391550434
10,1.1173591019485078,64,4.395836391550434
10,1.1173591019485078,64,4.395836391550434
10,1.1173591019485078,64,4.395836391550434
10,1.192079503664454,64,4.39584581698528
10,1.192079503664454,64,4.39584581698528
10,1.192079503664454,64,4.39584581698528
10,1.2717966324154717,64,4.395855364665248
10,1.2717966324154717,64,4.395855364665248
10,1.2717966324154717,64,4.395855364665248
10,1.2717966324154717,64,4.395855364665248
10,1.2717966324154717,64,4.395855364665248
10,1.356844630958961,64,4.39586501070321
10,1.447579986955596,64,4.3958747309092825
10,1.447579986955596,64,4.3958747309092825
10,1.447579986955596,64,4.3958747309092825
10,1.447579986955596,64,4.3958747309092825
10,1.5443830272249786,64,4.395884500994301
10,1.5443830272249786,64,4.395884500994301
10,1.5443830272249786,64,4.395884500994301
10,1.5443830272249786,64,4.395884500994301
10,1.5443830272249786,64,4.395884500994301
10,1.5443830272249786,64,4.395884500994301
10,1.6476595119256485,64,4.395894296772961
10,1.6476595119256485,64,4.395894296772961
10,1.6476595119256485,64,4.395894296772961
10,1.7578423353415833,64,4.395904094363497
10,1.7578423353415833,64,4.395904094363497
10,1.8753933404042986,64,4.3959138703808325
10,1.8753933404042986,64,4.3959138703808325
10,1.8753933404042986,64,4.3959138703808325
10,1.8753933404042986,64,4.3959138703808325
10,1.8753933404042986,64,4.3959138703808325
10,1.8753933404042986,64,4.3959138703808325
10,1.8753933404042986,64,4.3959138703808325
10,1.8753933404042986,64,4.3959138703808325
10,2.0008052545562065,64,4.395923602120283
10,2.0008052545562065,64,4.395923602120283
10,2.0008052545562065,64,4.395923602120283
10,2.0008052545562065,64,4.395923602120283
10,2.0008052545562065,64,4.395923602120283
10,2.0008052545562065,64,4.395923602120283
10,2.0008052545562065,64,4.395923602120283
10,2.134603755069697,64,4.395933267729125
10,2.134603755069697,64,4.395933267729125
10,2.134603755069697,64,4.395933267729125
10,2.134603755069697,64,4.395933267729125
10,2.134603755069697,64,4.395933267729125
10,2.134603755069697,64,4.395933267729125
10,2.134603755069697,64,4.395933267729125
10,2.134603755069697,64,4.395933267729125
10,2.2773496724789104,64,4.395942846363674
10,2.2773496724789104,64,4.395942846363674
10,2.2773496724789104,64,4.395942846363674
10,2.429641341360074,64,4.395952318329844
10,2.429641341360074,64,4.395952318329844
10,2.429641341360074,64,4.395952318329844
10,2.429641341360074,64,4.395952318329844
10,2.429641341360074,64,4.395952318329844
10,2.429641341360074,64,4.395952318329844
10,2.592117108314055,64,4.3959616652056095
10,2.592117108314055,64,4.3959616652056095
10,2.592117108314055,64,4.3959616652056095
10,2.592117108314055,64,4.3959616652056095
10,2.592117108314055,64,4.3959616652056095
10,2.592117108314055,64,4.3959616652056095
10,2.7654580076634643,64,4.3959708699442555
10,2.7654580076634643,64,4.3959708699442555
10,2.7654580076634643,64,4.3959708699442555
10,2.7654580076634643,64,4.3959708699442555
10,2.7654580076634643,64,4.3959708699442555
10,2.950390616079903,64,4.395979916957687
10,2.950390616079903,64,4.395979916957687
10,2.950390616079903,64,4.395979916957687
10,2.950390616079903,64,4.395979916957687
10,3.147690098106772,64,4.395988792179622
10,3.147690098106772,64,4.395988792179622
10,3.147690098106772,64,4.395988792179622
10,3.147690098106772,64,4.395988792179622
10,3.147690098106772,64,4.395988792179622
10,3.358183455343213,64,4.395997483108879
10,3.358183455343213,64,4.395997483108879
10,3.358183455343213,64,4.395997483108879
10,3.582752992908632,64,4.396005978833365
10,3.582752992908632,64,4.396005978833365
10,3.582752992908632,64,4.396005978833365
10,4.077948784067481,64,4.396022348982447
10,4.077948784067481,64,4.396022348982447
10,4.077948784067481,64,4.396022348982447
10,4.077948784067481,64,4.396022348982447
10,4.077948784067481,64,4.396022348982447
10,4.077948784067481,64,4.396022348982447
10,4.077948784067481,64,4.396022348982447
10,4.077948784067481,64,4.396022348982447
10,4.350650703075626,64,4.396030209496397
10,4.350650703075626,64,4.396030209496397
10,4.350650703075626,64,4.396030209496397
10,4.350650703075626,64,4.396030209496397
10,4.350650703075626,64,4.396030209496397
10,4.641588833612782,64,4.39603784691721
10,4.641588833612782,64,4.39603784691721
10,4.641588833612782,64,4.39603784691721
10,4.9519826735546415,64,4.396045258048719
10,4.9519826735546415,64,4.396045258048719
10,4.9519826735546415,64,4.396045258048719
10,4.9519826735546415,64,4.396045258048719
10,5.283133271435983,64,4.396052441096991
10,5.283133271435983,64,4.396052441096991
10,5.283133271435983,64,4.396052441096991
10,5.283133271435983,64,4.396052441096991
10,5.636428679932827,64,4.396059395600387
10,5.636428679932827,64,4.396059395600387
10,6.013349774031784,64,4.396066122353661
10,6.013349774031784,64,4.396066122353661
10,6.013349774031784,64,4.396066122353661
10,6.013349774031784,64,4.396066122353661
10,6.415476458273763,64,4.396072623327946
10,6.415476458273763,64,4.396072623327946
10,6.415476458273763,64,4.396072623327946
10,6.415476458273763,64,4.396072623327946
10,6.415476458273763,64,4.396072623327946
10,6.415476458273763,64,4.396072623327946
10,6.415476458273763,64,4.396072623327946
10,6.844494289090598,64,4.396078901588388
10,6.844494289090598,64,4.396078901588388
10,6.844494289090598,64,4.396078901588388
10,6.844494289090598,64,4.396078901588388
10,6.844494289090598,64,4.396078901588388
10,6.844494289090598,64,4.396078901588388
10,7.3022015399927485,64,4.39608496121104
10,7.3022015399927485,64,4.39608496121104
10,7.3022015399927485,64,4.39608496121104
10,7.3022015399927485,64,4.39608496121104
10,7.790516739222392,64,4.396090807200481
10,7.790516739222392,64,4.396090807200481
10,7.790516739222392,64,4.396090807200481
10,7.790516739222392,64,4.396090807200481
10,7.790516739222392,64,4.396090807200481
10,7.790516739222392,64,4.396090807200481
10,7.790516739222392,64,4.396090807200481
10,8.311486711467111,64,4.396096445409484
10,8.311486711467111,64,4.396096445409484
10,8.311486711467111,64,4.396096445409484
10,8.311486711467111,64,4.396096445409484
10,8.311486711467111,64,4.396096445409484
10,8.867295157341472,64,4.396101882461862
10,8.867295157341472,64,4.396101882461862
10,8.867295157341472,64,4.396101882461862
10,8.867295157341472,64,4.396101882461862
10,8.867295157341472,64,4.396101882461862
10,10.092902183438433,64,4.396112183014184
10,10.092902183438433,64,4.396112183014184
10,10.092902183438433,64,4.396112183014184
10,10.092902183438433,64,4.396112183014184
10,10.767838024844412,64,4.39611706298561
10,10.767838024844412,64,4.39611706298561
10,10.767838024844412,64,4.39611706298561
10,10.767838024844412,64,4.39611706298561
10,10.767838024844412,64,4.39611706298561
10,11.48790839561917,64,4.396121774624892
10,11.48790839561917,64,4.396121774624892
10,11.48790839561917,64,4.396121774624892
10,11.48790839561917,64,4.396121774624892
10,11.48790839561917,64,4.396121774624892
10,11.48790839561917,64,4.396121774624892
10,12.256131546707989,64,4.396126327425245
10,12.256131546707989,64,4.396126327425245
10,12.256131546707989,64,4.396126327425245
10,12.256131546707989,64,4.396126327425245
10,12.256131546707989,64,4.396126327425245
10,12.256131546707989,64,4.396126327425245
10,13.075727566516196,64,4.396130731299391
10,13.075727566516196,64,4.396130731299391
10,13.075727566516196,64,4.396130731299391
10,13.075727566516196,64,4.396130731299391
10,13.075727566516196,64,4.396130731299391
10,13.950131878249618,64,4.396134996544205
10,13.950131878249618,64,4.396134996544205
10,13.950131878249618,64,4.396134996544205
10,13.950131878249618,64,4.396134996544205
10,14.883009639853281,64,4.396139133812707
10,14.883009639853281,64,4.396139133812707
10,14.883009639853281,64,4.396139133812707
10,14.883009639853281,64,4.396139133812707
10,14.883009639853281,64,4.396139133812707
10,14.883009639853281,64,4.396139133812707
10,15.878271106907928,64,4.396143154093527
10,15.878271106907928,64,4.396143154093527
10,15.878271106907928,64,4.396143154093527
10,15.878271106907928,64,4.396143154093527
10,15.878271106907928,64,4.396143154093527
10,15.878271106907928,64,4.396143154093527
10,15.878271106907928,64,4.396143154093527
10,15.878271106907928,64,4.396143154093527
10,15.878271106907928,64,4.396143154093527
10,15.878271106907928,64,4.396143154093527
10,15.878271106907928,64,4.396143154093527
10,15.878271106907928,64,4.396143154093527
10,16.940088022878722,64,4.3961470686979105
10,16.940088022878722,64,4.3961470686979105
10,18.07291110541828,64,4.396150889254342
10,18.07291110541828,64,4.396150889254342
10,18.07291110541828,64,4.396150889254342
10,19.281488702019512,64,4.396154627710805
10,19.281488702019512,64,4.396154627710805
10,19.281488702019512,64,4.396154627710805
10,19.281488702019512,64,4.396154627710805
10,19.281488702019512,64,4.396154627710805
10,19.281488702019512,64,4.396154627710805
10,19.281488702019512,64,4.396154627710805
10,21.946509726749827,64,4.396161907780895
10,21.946509726749827,64,4.396161907780895
10,21.946509726749827,64,4.396161907780895
10,21.946509726749827,64,4.396161907780895
10,21.946509726749827,64,4.396161907780895
10,21.946509726749827,64,4.396161907780895
10,23.414123871733302,64,4.3961654750167725
10,23.414123871733302,64,4.3961654750167725
10,23.414123871733302,64,4.3961654750167725
10,23.414123871733302,64,4.3961654750167725
10,24.979880787725563,64,4.396169011456488
10,24.979880787725563,64,4.396169011456488
10,24.979880787725563,64,4.396169011456488
10,24.979880787725563,64,4.396169011456488
10,24.979880787725563,64,4.396169011456488
10,24.979880787725563,64,4.396169011456488
10,24.979880787725563,64,4.396169011456488
10,26.65034351006826,64,4.396172530952547
10,26.65034351006826,64,4.396172530952547
10,26.65034351006826,64,4.396172530952547
10,26.65034351006826,64,4.396172530952547
10,26.65034351006826,64,4.396172530952547
10,26.65034351006826,64,4.396172530952547
10,26.65034351006826,64,4.396172530952547
10,28.432513959539357,64,4.396176047856196
10,28.432513959539357,64,4.396176047856196
10,28.432513959539357,64,4.396176047856196
10,28.432513959539357,64,4.396176047856196
10,30.333862291643364,64,4.396179577076527
10,30.333862291643364,64,4.396179577076527
10,30.333862291643364,64,4.396179577076527
10,30.333862291643364,64,4.396179577076527
10,30.333862291643364,64,4.396179577076527
10,32.36235820855605,64,4.396183134148712
10,32.36235820855605,64,4.396183134148712
10,34.526504364972304,64,4.396186735311841
10,34.526504364972304,64,4.396186735311841
10,34.526504364972304,64,4.396186735311841
10,34.526504364972304,64,4.396186735311841
10,34.526504364972304,64,4.396186735311841
10,34.526504364972304,64,4.396186735311841
10,34.526504364972304,64,4.396186735311841
10,36.8353720078807,64,4.3961903975968895
10,36.8353720078807,64,4.3961903975968895
10,36.8353720078807,64,4.3961903975968895
10,36.8353720078807,64,4.3961903975968895
10,36.8353720078807,64,4.3961903975968895
10,36.8353720078807,64,4.3961903975968895
10,36.8353720078807,64,4.3961903975968895
10,39.29863899965208,64,4.396194138925426
10,39.29863899965208,64,4.396194138925426
10,39.29863899965208,64,4.396194138925426
10,39.29863899965208,64,4.396194138925426
10,39.29863899965208,64,4.396194138925426
10,39.29863899965208,64,4.396194138925426
10,41.92663038382149,64,4.396197978219795
10,41.92663038382149,64,4.396197978219795
10,41.92663038382149,64,4.396197978219795
10,41.92663038382149,64,4.396197978219795
10,41.92663038382149,64,4.396197978219795
10,41.92663038382149,64,4.396197978219795
10,41.92663038382149,64,4.396197978219795
10,41.92663038382149,64,4.396197978219795
10,44.73036166359721,64,4.396201935525544
10,44.73036166359721,64,4.396201935525544
10,44.73036166359721,64,4.396201935525544
10,44.73036166359721,64,4.396201935525544
10,44.73036166359721,64,4.396201935525544
10,44.73036166359721,64,4.396201935525544
10,44.73036166359721,64,4.396201935525544
10,44.73036166359721,64,4.396201935525544
10,44.73036166359721,64,4.396201935525544
10,47.72158497450504,64,4.3962060321470275
10,47.72158497450504,64,4.3962060321470275
10,47.72158497450504,64,4.3962060321470275
10,47.72158497450504,64,4.3962060321470275
10,47.72158497450504,64,4.3962060321470275
10,47.72158497450504,64,4.3962060321470275
10,47.72158497450504,64,4.3962060321470275
10,50.912838344704916,64,4.396210290797163
10,50.912838344704916,64,4.396210290797163
10,50.912838344704916,64,4.396210290797163
10,50.912838344704916,64,4.396210290797163
10,50.912838344704916,64,4.396210290797163
10,50.912838344704916,64,4.396210290797163
10,50.912838344704916,64,4.396210290797163
10,50.912838344704916,64,4.396210290797163
10,54.31749824945833,64,4.396214735762453
10,54.31749824945833,64,4.396214735762453
10,54.31749824945833,64,4.396214735762453
10,54.31749824945833,64,4.396214735762453
10,54.31749824945833,64,4.396214735762453
10,54.31749824945833,64,4.396214735762453
10,57.94983568003634,64,4.39621939308446
10,57.94983568003634,64,4.39621939308446
10,61.82507596208572,64,4.396224290759047
10,61.82507596208572,64,4.396224290759047
10,61.82507596208572,64,4.396224290759047
10,61.82507596208572,64,4.396224290759047
10,65.95946257418731,64,4.39622945895476
10,65.95946257418731,64,4.39622945895476
10,65.95946257418731,64,4.39622945895476
10,65.95946257418731,64,4.39622945895476
10,65.95946257418731,64,4.39622945895476
10,70.37032523411159,64,4.396234930251868
10,70.37032523411159,64,4.396234930251868
10,70.37032523411159,64,4.396234930251868
10,70.37032523411159,64,4.396234930251868
10,70.37032523411159,64,4.396234930251868
10,70.37032523411159,64,4.396234930251868
10,70.37032523411159,64,4.396234930251868
10,70.37032523411159,64,4.396234930251868
10,75.07615253815847,64,4.3962407399036145
10,75.07615253815847,64,4.3962407399036145
10,75.07615253815847,64,4.3962407399036145
10,75.07615253815847,64,4.3962407399036145
10,80.09666945806018,64,4.396246926121348
10,80.09666945806018,64,4.396246926121348
10,80.09666945806018,64,4.396246926121348
10,80.09666945806018,64,4.396246926121348
10,80.09666945806018,64,4.396246926121348
10,80.09666945806018,64,4.396246926121348
10,85.45292002028222,64,4.396253530385261
10,85.45292002028222,64,4.396253530385261
10,85.45292002028222,64,4.396253530385261
10,85.45292002028222,64,4.396253530385261
10,85.45292002028222,64,4.396253530385261
10,91.16735551427986,64,4.396260597782519
10,91.16735551427986,64,4.396260597782519
10,91.16735551427986,64,4.396260597782519
10,91.16735551427986,64,4.396260597782519
10,97.26392859944849,64,4.396268177374607
10,97.26392859944849,64,4.396268177374607
10,97.26392859944849,64,4.396268177374607
10,97.26392859944849,64,4.396268177374607
10,97.26392859944849,64,4.396268177374607
10,97.26392859944849,64,4.396268177374607
10,97.26392859944849,64,4.396268177374607
10,97.26392859944849,64,4.396268177374607
10,103.7681937052218,64,4.396276322595737
10,103.7681937052218,64,4.396276322595737
10,110.70741414515996,64,4.396285091684172
10,110.70741414515996,64,4.396285091684172
10,110.70741414515996,64,4.396285091684172
10,110.70741414515996,64,4.396285091684172
10,118.11067639400605,64,4.396294548148282
10,118.11067639400605,64,4.396294548148282
10,118.11067639400605,64,4.396294548148282
10,118.11067639400605,64,4.396294548148282
10,118.11067639400605,64,4.396294548148282
10,126.00901200671282,64,4.396304761269103
10,126.00901200671282,64,4.396304761269103
10,126.00901200671282,64,4.396304761269103
10,126.00901200671282,64,4.396304761269103
10,126.00901200671282,64,4.396304761269103
10,126.00901200671282,64,4.396304761269103
10,134.43552769048173,64,4.396315806641089
10,134.43552769048173,64,4.396315806641089
10,143.42554407501817,64,4.39632776675258
10,143.42554407501817,64,4.39632776675258
10,143.42554407501817,64,4.39632776675258
10,143.42554407501817,64,4.39632776675258
10,143.42554407501817,64,4.39632776675258
10,143.42554407501817,64,4.39632776675258
10,143.42554407501817,64,4.39632776675258
10,153.01674376267866,64,4.39634073160742
10,153.01674376267866,64,4.39634073160742
10,153.01674376267866,64,4.39634073160742
10,153.01674376267866,64,4.39634073160742
10,153.01674376267866,64,4.39634073160742
10,153.01674376267866,64,4.39634073160742
10,153.01674376267866,64,4.39634073160742
10,163.24932927907625,64,4.39635479938887
10,163.24932927907625,64,4.39635479938887
10,163.24932927907625,64,4.39635479938887
10,163.24932927907625,64,4.39635479938887
10,163.24932927907625,64,4.39635479938887
10,163.24932927907625,64,4.39635479938887
10,163.24932927907625,64,4.39635479938887
10,163.24932927907625,64,4.39635479938887
10,163.24932927907625,64,4.39635479938887
10,163.24932927907625,64,4.39635479938887
10,174.16619158620682,64,4.3963700771667655
10,174.16619158620682,64,4.3963700771667655
10,174.16619158620682,64,4.3963700771667655
10,185.81308986444498,64,4.3963866816485595
10,185.81308986444498,64,4.3963866816485595
10,185.81308986444498,64,4.3963866816485595
10,185.81308986444498,64,4.3963866816485595
10,185.81308986444498,64,4.3963866816485595
10,198.238843316975,64,4.3964047399745
10,198.238843316975,64,4.3964047399745
10,211.49553580063366,64,4.396424390556858
10,211.49553580063366,64,4.396424390556858
10,211.49553580063366,64,4.396424390556858
10,211.49553580063366,64,4.396424390556858
10,211.49553580063366,64,4.396424390556858
10,211.49553580063366,64,4.396424390556858
10,225.63873414089372,64,4.39644578396262
10,225.63873414089372,64,4.39644578396262
10,225.63873414089372,64,4.39644578396262
10,225.63873414089372,64,4.39644578396262
10,225.63873414089372,64,4.39644578396262
10,225.63873414089372,64,4.39644578396262
10,225.63873414089372,64,4.39644578396262
10,240.72772104607358,64,4.39646908383859
10,240.72772104607358,64,4.39646908383859
10,240.72772104607358,64,4.39646908383859
10,256.82574359706877,64,4.396494467877284
10,256.82574359706877,64,4.396494467877284
10,256.82574359706877,64,4.396494467877284
10,256.82574359706877,64,4.396494467877284
10,256.82574359706877,64,4.396494467877284
10,256.82574359706877,64,4.396494467877284
10,256.82574359706877,64,4.396494467877284
10,274.0002783541624,64,4.396522128821415
10,274.0002783541624,64,4.396522128821415
10,274.0002783541624,64,4.396522128821415
10,274.0002783541624,64,4.396522128821415
10,274.0002783541624,64,4.396522128821415
10,274.0002783541624,64,4.396522128821415
10,274.0002783541624,64,4.396522128821415
10,292.3233141921493,64,4.396552275504126
10,292.3233141921493,64,4.396552275504126
10,292.3233141921493,64,4.396552275504126
10,292.3233141921493,64,4.396552275504126
10,292.3233141921493,64,4.396552275504126
10,311.8716540493036,64,4.396585133921464
10,311.8716540493036,64,4.396585133921464
10,332.72723685499466,64,4.396620948332849
10,332.72723685499466,64,4.396620948332849
10,332.72723685499466,64,4.396620948332849
10,354.9774809853617,64,4.39665998238457
10,354.9774809853617,64,4.39665998238457
10,354.9774809853617,64,4.39665998238457
10,354.9774809853617,64,4.39665998238457
10,378.7156506866572,64,4.396702520250572
10,378.7156506866572,64,4.396702520250572
10,378.7156506866572,64,4.396702520250572
10,378.7156506866572,64,4.396702520250572
10,378.7156506866572,64,4.396702520250572
10,378.7156506866572,64,4.396702520250572
10,378.7156506866572,64,4.396702520250572
10,378.7156506866572,64,4.396702520250572
10,378.7156506866572,64,4.396702520250572
10,404.0412470021791,64,4.396748867783977
10,404.0412470021791,64,4.396748867783977
10,404.0412470021791,64,4.396748867783977
10,404.0412470021791,64,4.396748867783977
10,431.0604248413962,64,4.3967993536720105
10,431.0604248413962,64,4.3967993536720105
10,431.0604248413962,64,4.3967993536720105
10,431.0604248413962,64,4.3967993536720105
10,431.0604248413962,64,4.3967993536720105
10,431.0604248413962,64,4.3967993536720105
10,459.88643793944743,64,4.396854330586209
10,459.88643793944743,64,4.396854330586209
10,459.88643793944743,64,4.396854330586209
10,490.640113572131,64,4.3969141763189725
10,490.640113572131,64,4.3969141763189725
10,490.640113572131,64,4.3969141763189725
10,490.640113572131,64,4.3969141763189725
10,490.640113572131,64,4.3969141763189725
10,490.640113572131,64,4.3969141763189725
10,523.4503590161748,64,4.396979294896818
10,523.4503590161748,64,4.396979294896818
10,558.454701877693,64,4.397050117660023
10,595.7998665536622,64,4.397127104297747
10,595.7998665536622,64,4.397127104297747
10,635.6423892427093,64,4.39721074382736
10,635.6423892427093,64,4.39721074382736
10,635.6423892427093,64,4.39721074382736
10,635.6423892427093,64,4.39721074382736
10,635.6423892427093,64,4.39721074382736
10,678.1492740831088,64,4.397301555506523
10,678.1492740831088,64,4.397301555506523
10,678.1492740831088,64,4.397301555506523
10,723.4986931682564,64,4.397400089666623
10,723.4986931682564,64,4.397400089666623
10,723.4986931682564,64,4.397400089666623
10,723.4986931682564,64,4.397400089666623
10,723.4986931682564,64,4.397400089666623
10,771.8807333737907,64,4.397506928456727
10,771.8807333737907,64,4.397506928456727
10,771.8807333737907,64,4.397506928456727
10,771.8807333737907,64,4.397506928456727
10,771.8807333737907,64,4.397506928456727
10,771.8807333737907,64,4.397506928456727
10,771.8807333737907,64,4.397506928456727
10,771.8807333737907,64,4.397506928456727
10,771.8807333737907,64,4.397506928456727
10,771.8807333737907,64,4.397506928456727
10,823.4981931268027,64,4.397622686488164
10,823.4981931268027,64,4.397622686488164
10,878.5674324568332,64,4.397748011371402
10,878.5674324568332,64,4.397748011371402
10,937.3192798917728,64,4.397883584139211
10,937.3192798917728,64,4.397883584139211
10,937.3192798917728,64,4.397883584139211
10,1000.0,64,4.398030119553207
10,1000.0,64,4.398030119553207
10,1000.0,64,4.398030119553207
10,1000.0,64,4.398030119553207
10,1000.0,64,4.398030119553207
10,1000.0,64,4.398030119553207
12,0.0001,64,4.443109992275579
12,0.0001,64,4.443109992275579
12,0.0001,64,4.443109992275579
12,0.0001,64,4.443109992275579
12,0.0001,64,4.443109992275579
12,0.0001,64,4.443109992275579
12,0.0001,64,4.443109992275579
12,0.0001,64,4.443109992275579
12,0.0001,64,4.443109992275579
12,0.00010668723256342958,64,4.443109992591279
12,0.00010668723256342958,64,4.443109992591279
12,0.00010668723256342958,64,4.443109992591279
12,0.00011382165592043307,64,4.443109992928342
12,0.00011382165592043307,64,4.443109992928342
12,0.00011382165592043307,64,4.443109992928342
12,0.00011382165592043307,64,4.443109992928342
12,0.00011382165592043307,64,4.443109992928342
12,0.00012143317475937916,64,4.443109993288209
12,0.00012143317475937916,64,4.443109993288209
12,0.00012143317475937916,64,4.443109993288209
12,0.00012955369356469471,64,4.443109993672444
12,0.00012955369356469471,64,4.443109993672444
12,0.00012955369356469471,64,4.443109993672444
12,0.00012955369356469471,64,4.443109993672444
12,0.00012955369356469471,64,4.443109993672444
12,0.00012955369356469471,64,4.443109993672444
12,0.00013821725034787873,64,4.44310999408274
12,0.00013821725034787873,64,4.44310999408274
12,0.00013821725034787873,64,4.44310999408274
12,0.00013821725034787873,64,4.44310999408274
12,0.00013821725034787873,64,4.44310999408274
12,0.00014746015932141904,64,4.443109994520867
12,0.00014746015932141904,64,4.443109994520867
12,0.00014746015932141904,64,4.443109994520867
12,0.00014746015932141904,64,4.443109994520867
12,0.00014746015932141904,64,4.443109994520867
12,0.00014746015932141904,64,4.443109994520867
12,0.0001573211631136461,64,4.443109994988745
12,0.0001573211631136461,64,4.443109994988745
12,0.0001573211631136461,64,4.443109994988745
12,0.0001573211631136461,64,4.443109994988745
12,0.0001573211631136461,64,4.443109994988745
12,0.0001573211631136461,64,4.443109994988745
12,0.0001573211631136461,64,4.443109994988745
12,0.0001573211631136461,64,4.443109994988745
12,0.00016784159516254819,64,4.443109995488442
12,0.00016784159516254819,64,4.443109995488442
12,0.00016784159516254819,64,4.443109995488442
12,0.00016784159516254819,64,4.443109995488442
12,0.00016784159516254819,64,4.443109995488442
12,0.00016784159516254819,64,4.443109995488442
12,0.00016784159516254819,64,4.443109995488442
12,0.00016784159516254819,64,4.443109995488442
12,0.00016784159516254819,64,4.443109995488442
12,0.00016784159516254819,64,4.443109995488442
12,0.00016784159516254819,64,4.443109995488442
12,0.00017906555296923774,64,4.44310999602214
12,0.00017906555296923774,64,4.44310999602214
12,0.00019104008293728184,64,4.443109996592197
12,0.0002038153775726666,64,4.4431099972011445
12,0.0002038153775726666,64,4.4431099972011445
12,0.0002038153775726666,64,4.4431099972011445
12,0.0002038153775726666,64,4.4431099972011445
12,0.0002038153775726666,64,4.4431099972011445
12,0.0002038153775726666,64,4.4431099972011445
12,0.0002174449858709829,64,4.44310999785168
12,0.0002174449858709829,64,4.44310999785168
12,0.0002174449858709829,64,4.44310999785168
12,0.0002174449858709829,64,4.44310999785168
12,0.0002174449858709829,64,4.44310999785168
12,0.0002174449858709829,64,4.44310999785168
12,0.0002174449858709829,64,4.44310999785168
12,0.00023198603777369232,64,4.443109998546712
12,0.00023198603777369232,64,4.443109998546712
12,0.00023198603777369232,64,4.443109998546712
12,0.00023198603777369232,64,4.443109998546712
12,0.00023198603777369232,64,4.443109998546712
12,0.00023198603777369232,64,4.443109998546712
12,0.00023198603777369232,64,4.443109998546712
12,0.00024749948363430473,64,4.443109999289346
12,0.00024749948363430473,64,4.443109999289346
12,0.00024749948363430473,64,4.443109999289346
12,0.00024749948363430473,64,4.443109999289346
12,0.00024749948363430473,64,4.443109999289346
12,0.00026405034969821797,64,4.4431100000829264
12,0.00026405034969821797,64,4.4431100000829264
12,0.00026405034969821797,64,4.4431100000829264
12,0.00026405034969821797,64,4.4431100000829264
12,0.00026405034969821797,64,4.4431100000829264
12,0.0002817080106670869,64,4.4431100009310445
12,0.0002817080106670869,64,4.4431100009310445
12,0.0002817080106670869,64,4.4431100009310445
12,0.0003005464804902063,64,4.443110001837533
12,0.0003005464804902063,64,4.443110001837533
12,0.0003005464804902063,64,4.443110001837533
12,0.0003005464804902063,64,4.443110001837533
12,0.0003005464804902063,64,4.443110001837533
12,0.0003206447226017888,64,4.443110002806534
12,0.0003206447226017888,64,4.443110002806534
12,0.0003206447226017888,64,4.443110002806534
12,0.0003206447226017888,64,4.443110002806534
12,0.0003206447226017888,64,4.443110002806534
12,0.0003420869809045341,64,4.4431100038424765
12,0.0003420869809045341,64,4.4431100038424765
12,0.0003420869809045341,64,4.4431100038424765
12,0.0003649631328868352,64,4.443110004950153
12,0.0003649631328868352,64,4.443110004950153
12,0.0003893690663537568,64,4.4431100061346855
12,0.0003893690663537568,64,4.4431100061346855
12,0.0003893690663537568,64,4.4431100061346855
12,0.0003893690663537568,64,4.4431100061346855
12,0.00041540708135088687,64,4.443110007401587
12,0.00041540708135088687,64,4.443110007401587
12,0.00041540708135088687,64,4.443110007401587
12,0.00041540708135088687,64,4.443110007401587
12,0.00041540708135088687,64,4.443110007401587
12,0.00044318631896577576,64,4.443110008756822
12,0.00044318631896577576,64,4.443110008756822
12,0.00044318631896577576,64,4.443110008756822
12,0.00047282321880431997,64,4.443110010206785
12,0.00047282321880431997,64,4.443110010206785
12,0.00047282321880431997,64,4.443110010206785
12,0.00047282321880431997,64,4.443110010206785
12,0.00047282321880431997,64,4.443110010206785
12,0.00047282321880431997,64,4.443110010206785
12,0.00047282321880431997,64,4.443110010206785
12,0.0005044420070596583,64,4.443110011758373
12,0.0005044420070596583,64,4.443110011758373
12,0.0005044420070596583,64,4.443110011758373
12,0.0005044420070596583,64,4.443110011758373
12,0.0005044420070596583,64,4.443110011758373
12,0.0005381752172193701,64,4.443110013419021
12,0.0005381752172193701,64,4.443110013419021
12,0.0005381752172193701,64,4.443110013419021
12,0.0005381752172193701,64,4.443110013419021
12,0.0005381752172193701,64,4.443110013419021
12,0.0005381752172193701,64,4.443110013419021
12,0.0005741642455935716,64,4.443110015196764
12,0.0005741642455935716,64,4.443110015196764
12,0.0005741642455935716,64,4.443110015196764
12,0.0005741642455935716,64,4.443110015196764
12,0.0005741642455935716,64,4.443110015196764
12,0.0005741642455935716,64,4.443110015196764
12,0.0005741642455935716,64,4.443110015196764
12,0.0006125599439924746,64,4.443110017100245
12,0.0006125599439924746,64,4.443110017100245
12,0.0006125599439924746,64,4.443110017100245
12,0.0006125599439924746,64,4.443110017100245
12,0.0006125599439924746,64,4.443110017100245
12,0.0006535232520376654,64,4.443110019138821
12,0.0006535232520376654,64,4.443110019138821
12,0.0006535232520376654,64,4.443110019138821
12,0.0006972258717575121,64,4.443110021322615
12,0.0006972258717575121,64,4.443110021322615
12,0.0006972258717575121,64,4.443110021322615
12,0.0006972258717575121,64,4.443110021322615
12,0.0006972258717575121,64,4.443110021322615
12,0.0006972258717575121,64,4.443110021322615
12,0.0006972258717575121,64,4.443110021322615
12,0.0007438509872943369,64,4.443110023662533
12,0.0007438509872943369,64,4.443110023662533
12,0.0007438509872943369,64,4.443110023662533
12,0.0007438509872943369,64,4.443110023662533
12,0.0008466635113189044,64,4.443110028859062
12,0.0008466635113189044,64,4.443110028859062
12,0.0008466635113189044,64,4.443110028859062
12,0.0008466635113189044,64,4.443110028859062
12,0.0008466635113189044,64,4.443110028859062
12,0.0008466635113189044,64,4.443110028859062
12,0.0009032818693504984,64,4.44311003174235
12,0.0009032818693504984,64,4.44311003174235
12,0.0009032818693504984,64,4.44311003174235
12,0.0009032818693504984,64,4.44311003174235
12,0.0009636864286572604,64,4.443110034835341
12,0.0009636864286572604,64,4.443110034835341
12,0.0009636864286572604,64,4.443110034835341
12,0.001028130381323781,64,4.443110038154364
12,0.001028130381323781,64,4.443110038154364
12,0.001028130381323781,64,4.443110038154364
12,0.001028130381323781,64,4.443110038154364
12,0.001028130381323781,64,4.443110038154364
12,0.0010968838509781778,64,4.443110041717163
12,0.0010968838509781778,64,4.443110041717163
12,0.0011702350250437908,64,4.443110045543024
12,0.0011702350250437908,64,4.443110045543024
12,0.0012484913627071772,64,4.4431100496529305
12,0.0012484913627071772,64,4.4431100496529305
12,0.0012484913627071772,64,4.4431100496529305
12,0.0012484913627071772,64,4.4431100496529305
12,0.0012484913627071772,64,4.4431100496529305
12,0.0012484913627071772,64,4.4431100496529305
12,0.0012484913627071772,64,4.4431100496529305
12,0.0013319808836657373,64,4.443110054069719
12,0.0013319808836657373,64,4.443110054069719
12,0.001421053543056891,64,4.443110058818289
12,0.001421053543056891,64,4.443110058818289
12,0.001421053543056891,64,4.443110058818289
12,0.0015160826983319608,64,4.443110063925812
12,0.0015160826983319608,64,4.443110063925812
12,0.0015160826983319608,64,4.443110063925812
12,0.0016174666742233374,64,4.443110069421906
12,0.0016174666742233374,64,4.443110069421906
12,0.0016174666742233374,64,4.443110069421906
12,0.0016174666742233374,64,4.443110069421906
12,0.0016174666742233374,64,4.443110069421906
12,0.0016174666742233374,64,4.443110069421906
12,0.0017256304323646236,64,4.4431100753389625
12,0.0017256304323646236,64,4.4431100753389625
12,0.0017256304323646236,64,4.4431100753389625
12,0.0018410273525621594,64,4.443110081712388
12,0.0018410273525621594,64,4.443110081712388
12,0.0018410273525621594,64,4.443110081712388
12,0.0018410273525621594,64,4.443110081712388
12,0.0019641411331843433,64,4.443110088580953
12,0.0019641411331843433,64,4.443110088580953
12,0.0019641411331843433,64,4.443110088580953
12,0.0019641411331843433,64,4.443110088580953
12,0.0019641411331843433,64,4.443110088580953
12,0.0019641411331843433,64,4.443110088580953
12,0.0020954878186343613,64,4.4431100959870955
12,0.0020954878186343613,64,4.4431100959870955
12,0.0020954878186343613,64,4.4431100959870955
12,0.0020954878186343613,64,4.4431100959870955
12,0.0022356179624047783,64,4.443110103977394
12,0.0022356179624047783,64,4.443110103977394
12,0.0022356179624047783,64,4.443110103977394
12,0.002385118934780594,64,4.443110112602923
12,0.002385118934780594,64,4.443110112602923
12,0.002544617384863764,64,4.443110121919777
12,0.002544617384863764,64,4.443110121919777
12,0.002544617384863764,64,4.443110121919777
12,0.002714781867239066,64,4.44311013198963
12,0.002714781867239066,64,4.44311013198963
12,0.002714781867239066,64,4.44311013198963
12,0.0028963256442911586,64,4.443110142880353
12,0.0028963256442911586,64,4.443110142880353
12,0.0028963256442911586,64,4.443110142880353
12,0.0028963256442911586,64,4.443110142880353
12,0.003090009675919158,64,4.443110154666641
12,0.003090009675919158,64,4.443110154666641
12,0.003090009675919158,64,4.443110154666641
12,0.003090009675919158,64,4.443110154666641
12,0.003296645809180352,64,4.443110167430818
12,0.003296645809180352,64,4.443110167430818
12,0.003296645809180352,64,4.443110167430818
12,0.003296645809180352,64,4.443110167430818
12,0.003517100181232793,64,4.443110181263675
12,0.003517100181232793,64,4.443110181263675
12,0.003517100181232793,64,4.443110181263675
12,0.003517100181232793,64,4.443110181263675
12,0.003517100181232793,64,4.443110181263675
12,0.003517100181232793,64,4.443110181263675
12,0.003517100181232793,64,4.443110181263675
12,0.003517100181232793,64,4.443110181263675
12,0.003517100181232793,64,4.443110181263675
12,0.003517100181232793,64,4.443110181263675
12,0.0037522968498406367,64,4.443110196265421
12,0.0037522968498406367,64,4.443110196265421
12,0.0037522968498406367,64,4.443110196265421
12,0.004003221666659722,64,4.443110212546707
12,0.004003221666659722,64,4.443110212546707
12,0.004003221666659722,64,4.443110212546707
12,0.004003221666659722,64,4.443110212546707
12,0.004003221666659722,64,4.443110212546707
12,0.004003221666659722,64,4.443110212546707
12,0.004270926409538859,64,4.443110230229828
12,0.00455653319115766,64,4.443110249450055
12,0.00455653319115766,64,4.443110249450055
12,0.004861239162480226,64,4.443110270357039
12,0.004861239162480226,64,4.443110270357039
12,0.004861239162480226,64,4.443110270357039
12,0.0051863215307398,64,4.4431102931165185
12,0.0051863215307398,64,4.4431102931165185
12,0.0051863215307398,64,4.4431102931165185
12,0.0051863215307398,64,4.4431102931165185
12,0.0051863215307398,64,4.4431102931165185
12,0.005533142912987591,64,4.4431103179120655
12,0.005533142912987591,64,4.4431103179120655
12,0.005533142912987591,64,4.4431103179120655
12,0.005533142912987591,64,4.4431103179120655
12,0.005533142912987591,64,4.4431103179120655
12,0.005903157047645993,64,4.443110344947149
12,0.005903157047645993,64,4.443110344947149
12,0.00629791488800657,64,4.443110374447393
12,0.00629791488800657,64,4.443110374447393
12,0.00629791488800657,64,4.443110374447393
12,0.00629791488800657,64,4.443110374447393
12,0.006719071103214418,64,4.443110406663055
12,0.006719071103214418,64,4.443110406663055
12,0.006719071103214418,64,4.443110406663055
12,0.007168391013988566,64,4.443110441871835
12,0.007647757992149969,64,4.443110480381945
12,0.007647757992149969,64,4.443110480381945
12,0.007647757992149969,64,4.443110480381945
12,0.007647757992149969,64,4.443110480381945
12,0.007647757992149969,64,4.443110480381945
12,0.00815918135497331,64,4.443110522535551
12,0.00815918135497331,64,4.443110522535551
12,0.00815918135497331,64,4.443110522535551
12,0.00815918135497331,64,4.443110522535551
12,0.00815918135497331,64,4.443110522535551
12,0.00815918135497331,64,4.443110522535551
12,0.00815918135497331,64,4.443110522535551
12,0.008704804787452367,64,4.443110568712569
12,0.008704804787452367,64,4.443110568712569
12,0.008704804787452367,64,4.443110568712569
12,0.008704804787452367,64,4.443110568712569
12,0.008704804787452367,64,4.443110568712569
12,0.008704804787452367,64,4.443110568712569
12,0.008704804787452367,64,4.443110568712569
12,0.008704804787452367,64,4.443110568712569
12,0.009286915327781859,64,4.443110619334842
12,0.009286915327781859,64,4.443110619334842
12,0.009286915327781859,64,4.443110619334842
12,0.009286915327781859,64,4.443110619334842
12,0.009907952953719419,64,4.44311067487082
12,0.009907952953719419,64,4.44311067487082
12,0.009907952953719419,64,4.44311067487082
12,0.010570520810009826,64,4.443110735840631
12,0.010570520810009826,64,4.443110735840631
12,0.011277396119740902,64,4.44311080282177
12,0.011277396119740902,64,4.44311080282177
12,0.011277396119740902,64,4.44311080282177
12,0.011277396119740902,64,4.44311080282177
12,0.011277396119740902,64,4.44311080282177
12,0.012031541825367172,64,4.44311087645527
12,0.012031541825367172,64,4.44311087645527
12,0.012031541825367172,64,4.44311087645527
12,0.012031541825367172,64,4.44311087645527
12,0.012836119008195774,64,4.443110957452462
12,0.012836119008195774,64,4.443110957452462
12,0.012836119008195774,64,4.443110957452462
12,0.013694500138392414,64,4.443111046602487
12,0.013694500138392414,64,4.443111046602487
12,0.013694500138392414,64,4.443111046602487
12,0.013694500138392414,64,4.443111046602487
12,0.013694500138392414,64,4.443111046602487
12,0.013694500138392414,64,4.443111046602487
12,0.013694500138392414,64,4.443111046602487
12,0.013694500138392414,64,4.443111046602487
12,0.0146102832110459,64,4.443111144780375
12,0.0146102832110459,64,4.443111144780375
12,0.0146102832110459,64,4.443111144780375
12,0.0146102832110459,64,4.443111144780375
12,0.015587306827544245,64,4.443111252955922
12,0.015587306827544245,64,4.443111252955922
12,0.015587306827544245,64,4.443111252955922
12,0.015587306827544245,64,4.443111252955922
12,0.015587306827544245,64,4.443111252955922
12,0.015587306827544245,64,4.443111252955922
12,0.01662966628547748,64,4.443111372203299
12,0.01662966628547748,64,4.443111372203299
12,0.01662966628547748,64,4.443111372203299
12,0.01662966628547748,64,4.443111372203299
12,0.0177417307445096,64,4.443111503711441
12,0.0177417307445096,64,4.443111503711441
12,0.0177417307445096,64,4.443111503711441
12,0.0177417307445096,64,4.443111503711441
12,0.0177417307445096,64,4.443111503711441
12,0.0177417307445096,64,4.443111503711441
12,0.0177417307445096,64,4.443111503711441
12,0.018928161540172444,64,4.443111648795327
12,0.018928161540172444,64,4.443111648795327
12,0.018928161540172444,64,4.443111648795327
12,0.018928161540172444,64,4.443111648795327
12,0.018928161540172444,64,4.443111648795327
12,0.018928161540172444,64,4.443111648795327
12,0.020193931722345407,64,4.443111808908026
12,0.020193931722345407,64,4.443111808908026
12,0.020193931722345407,64,4.443111808908026
12,0.020193931722345407,64,4.443111808908026
12,0.020193931722345407,64,4.443111808908026
12,0.020193931722345407,64,4.443111808908026
12,0.020193931722345407,64,4.443111808908026
12,0.020193931722345407,64,4.443111808908026
12,0.020193931722345407,64,4.443111808908026
12,0.021544346900318846,64,4.443111985653656
12,0.021544346900318846,64,4.443111985653656
12,0.021544346900318846,64,4.443111985653656
12,0.021544346900318846,64,4.443111985653656
12,0.021544346900318846,64,4.443111985653656
12,0.022985067481815197,64,4.443112180801168
12,0.022985067481815197,64,4.443112180801168
12,0.024522132399185402,64,4.44311239629899
12,0.024522132399185402,64,4.44311239629899
12,0.024522132399185402,64,4.44311239629899
12,0.024522132399185402,64,4.44311239629899
12,0.026161984422231045,64,4.443112634290481
12,0.026161984422231045,64,4.443112634290481
12,0.026161984422231045,64,4.443112634290481
12,0.026161984422231045,64,4.443112634290481
12,0.026161984422231045,64,4.443112634290481
12,0.027911497163753848,64,4.443112897130095
12,0.027911497163753848,64,4.443112897130095
12,0.027911497163753848,64,4.443112897130095
12,0.027911497163753848,64,4.443112897130095
12,0.027911497163753848,64,4.443112897130095
12,0.027911497163753848,64,4.443112897130095
12,0.027911497163753848,64,4.443112897130095
12,0.027911497163753848,64,4.443112897130095
12,0.027911497163753848,64,4.443112897130095
12,0.027911497163753848,64,4.443112897130095
12,0.027911497163753848,64,4.443112897130095
12,0.029778003891029147,64,4.443113187400282
12,0.029778003891029147,64,4.443113187400282
12,0.029778003891029147,64,4.443113187400282
12,0.029778003891029147,64,4.443113187400282
12,0.029778003891029147,64,4.443113187400282
12,0.029778003891029147,64,4.443113187400282
12,0.029778003891029147,64,4.443113187400282
12,0.031769328263969374,64,4.443113507928929
12,0.03389381712882037,64,4.443113861807255
12,0.03389381712882037,64,4.443113861807255
12,0.03389381712882037,64,4.443113861807255
12,0.03389381712882037,64,4.443113861807255
12,0.03389381712882037,64,4.443113861807255
12,0.03389381712882037,64,4.443113861807255
12,0.036160375504848116,64,4.443114252407941
12,0.036160375504848116,64,4.443114252407941
12,0.036160375504848116,64,4.443114252407941
12,0.036160375504848116,64,4.443114252407941
12,0.036160375504848116,64,4.443114252407941
12,0.036160375504848116,64,4.443114252407941
12,0.03857850391066673,64,4.4431146834033735
12,0.03857850391066673,64,4.4431146834033735
12,0.03857850391066673,64,4.4431146834033735
12,0.03857850391066673,64,4.4431146834033735
12,0.041158338186664825,64,4.443115158783622
12,0.041158338186664825,64,4.443115158783622
12,0.041158338186664825,64,4.443115158783622
12,0.041158338186664825,64,4.443115158783622
12,0.041158338186664825,64,4.443115158783622
12,0.041158338186664825,64,4.443115158783622
12,0.041158338186664825,64,4.443115158783622
12,0.041158338186664825,64,4.443115158783622
12,0.041158338186664825,64,4.443115158783622
12,0.043910691980449945,64,4.443115682874056
12,0.043910691980449945,64,4.443115682874056
12,0.043910691980449945,64,4.443115682874056
12,0.043910691980449945,64,4.443115682874056
12,0.043910691980449945,64,4.443115682874056
12,0.046847102073393855,64,4.443116260352015
12,0.046847102073393855,64,4.443116260352015
12,0.046847102073393855,64,4.443116260352015
12,0.046847102073393855,64,4.443116260352015
12,0.046847102073393855,64,4.443116260352015
12,0.046847102073393855,64,4.443116260352015
12,0.04997987673826894,64,4.443116896262414
12,0.04997987673826894,64,4.443116896262414
12,0.04997987673826894,64,4.443116896262414
12,0.04997987673826894,64,4.443116896262414
12,0.04997987673826894,64,4.443116896262414
12,0.04997987673826894,64,4.443116896262414
12,0.04997987673826894,64,4.443116896262414
12,0.04997987673826894,64,4.443116896262414
12,0.04997987673826894,64,4.443116896262414
12,0.04997987673826894,64,4.443116896262414
12,0.05332214733067242,64,4.443117596031687
12,0.05332214733067242,64,4.443117596031687
12,0.05332214733067242,64,4.443117596031687
12,0.056887923330489094,64,4.44311836547967
12,0.056887923330489094,64,4.44311836547967
12,0.056887923330489094,64,4.44311836547967
12,0.056887923330489094,64,4.44311836547967
12,0.056887923330489094,64,4.44311836547967
12,0.056887923330489094,64,4.44311836547967
12,0.06069215106410441,64,4.443119210828954
12,0.06069215106410441,64,4.443119210828954
12,0.06069215106410441,64,4.443119210828954
12,0.06069215106410441,64,4.443119210828954
12,0.06069215106410441,64,4.443119210828954
12,0.06069215106410441,64,4.443119210828954
12,0.06069215106410441,64,4.443119210828954
12,0.06069215106410441,64,4.443119210828954
12,0.06069215106410441,64,4.443119210828954
12,0.06475077635350907,64,4.443120138711109
12,0.06475077635350907,64,4.443120138711109
12,0.06908081135489438,64,4.443121156169364
12,0.06908081135489438,64,4.443121156169364
12,0.06908081135489438,64,4.443121156169364
12,0.06908081135489438,64,4.443121156169364
12,0.06908081135489438,64,4.443121156169364
12,0.07370040586690031,64,4.443122270657046
12,0.07370040586690031,64,4.443122270657046
12,0.07370040586690031,64,4.443122270657046
12,0.07862892340741143,64,4.44312349003127
12,0.07862892340741143,64,4.44312349003127
12,0.07862892340741143,64,4.44312349003127
12,0.07862892340741143,64,4.44312349003127
12,0.07862892340741143,64,4.44312349003127
12,0.07862892340741143,64,4.44312349003127
12,0.07862892340741143,64,4.44312349003127
12,0.07862892340741143,64,4.44312349003127
12,0.08388702237778593,64,4.443124822541437
12,0.08388702237778593,64,4.443124822541437
12,0.08388702237778593,64,4.443124822541437
12,0.08388702237778593,64,4.443124822541437
12,0.08388702237778593,64,4.443124822541437
12,0.0894967426547247,64,4.44312627681186
12,0.0894967426547247,64,4.44312627681186
12,0.0894967426547247,64,4.44312627681186
12,0.0894967426547247,64,4.44312627681186
12,0.0894967426547247,64,4.44312627681186
12,0.0894967426547247,64,4.44312627681186
12,0.0894967426547247,64,4.44312627681186
12,0.0894967426547247,64,4.44312627681186
12,0.0894967426547247,64,4.44312627681186
12,0.09548159797274021,64,4.443127861818272
12,0.09548159797274021,64,4.443127861818272
12,0.09548159797274021,64,4.443127861818272
12,0.1018666744844563,64,4.443129586857527
12,0.1018666744844563,64,4.443129586857527
12,0.1018666744844563,64,4.443129586857527
12,0.1018666744844563,64,4.443129586857527
12,0.1018666744844563,64,4.443129586857527
12,0.10867873591186367,64,4.443131461510573
12,0.10867873591186367,64,4.443131461510573
12,0.10867873591186367,64,4.443131461510573
12,0.10867873591186367,64,4.443131461510573
12,0.11594633572928544,64,4.443133495598078
12,0.11594633572928544,64,4.443133495598078
12,0.11594633572928544,64,4.443133495598078
12,0.11594633572928544,64,4.443133495598078
12,0.11594633572928544,64,4.443133495598078
12,0.11594633572928544,64,4.443133495598078
12,0.11594633572928544,64,4.443133495598078
12,0.11594633572928544,64,4.443133495598078
12,0.11594633572928544,64,4.443133495598078
12,0.1236999368482776,64,4.443135699128943
12,0.1236999368482776,64,4.443135699128943
12,0.1236999368482776,64,4.443135699128943
12,0.1236999368482776,64,4.443135699128943
12,0.1236999368482776,64,4.443135699128943
12,0.13197203930613743,64,4.4431380822415125
12,0.13197203930613743,64,4.4431380822415125
12,0.13197203930613743,64,4.4431380822415125
12,0.13197203930613743,64,4.4431380822415125
12,0.13197203930613743,64,4.4431380822415125
12,0.14079731649323968,64,4.4431406551377695
12,0.14079731649323968,64,4.4431406551377695
12,0.14079731649323968,64,4.4431406551377695
12,0.14079731649323968,64,4.4431406551377695
12,0.14079731649323968,64,4.4431406551377695
12,0.14079731649323968,64,4.4431406551377695
12,0.14079731649323968,64,4.4431406551377695
12,0.14079731649323968,64,4.4431406551377695
12,0.14079731649323968,64,4.4431406551377695
12,0.1502127604902106,64,4.443143428010712
12,0.1502127604902106,64,4.443143428010712
12,0.1502127604902106,64,4.443143428010712
12,0.1502127604902106,64,4.443143428010712
12,0.1502127604902106,64,4.443143428010712
12,0.1502127604902106,64,4.443143428010712
12,0.1502127604902106,64,4.443143428010712
12,0.1502127604902106,64,4.443143428010712
12,0.1502127604902106,64,4.443143428010712
12,0.1602578371241384,64,4.443146410965482
12,0.1602578371241384,64,4.443146410965482
12,0.1602578371241384,64,4.443146410965482
12,0.1602578371241384,64,4.443146410965482
12,0.17097465139375173,64,4.443149613934693
12,0.17097465139375173,64,4.443149613934693
12,0.17097465139375173,64,4.443149613934693
12,0.17097465139375173,64,4.443149613934693
12,0.17097465139375173,64,4.443149613934693
12,0.17097465139375173,64,4.443149613934693
12,0.1824081239569649,64,4.443153046588762
12,0.1824081239569649,64,4.443153046588762
12,0.1824081239569649,64,4.443153046588762
12,0.1824081239569649,64,4.443153046588762
12,0.19460617942055622,64,4.443156718242012
12,0.19460617942055622,64,4.443156718242012
12,0.19460617942055622,64,4.443156718242012
12,0.20761994722121382,64,4.443160637755536
12,0.22150397593996615,64,4.443164813437783
12,0.22150397593996615,64,4.443164813437783
12,0.22150397593996615,64,4.443164813437783
12,0.22150397593996615,64,4.443164813437783
12,0.22150397593996615,64,4.443164813437783
12,0.22150397593996615,64,4.443164813437783
12,0.22150397593996615,64,4.443164813437783
12,0.22150397593996615,64,4.443164813437783
12,0.23631646194831477,64,4.443169252943983
12,0.25211949334446737,64,4.443173963175576
12,0.25211949334446737,64,4.443173963175576
12,0.25211949334446737,64,4.443173963175576
12,0.25211949334446737,64,4.443173963175576
12,0.25211949334446737,64,4.443173963175576
12,0.25211949334446737,64,4.443173963175576
12,0.25211949334446737,64,4.443173963175576
12,0.25211949334446737,64,4.443173963175576
12,0.25211949334446737,64,4.443173963175576
12,0.26897931020215227,64,4.4431789501807515
12,0.26897931020215227,64,4.4431789501807515
12,0.26897931020215227,64,4.4431789501807515
12,0.26897931020215227,64,4.4431789501807515
12,0.26897931020215227,64,4.4431789501807515
12,0.26897931020215227,64,4.4431789501807515
12,0.26897931020215227,64,4.4431789501807515
12,0.26897931020215227,64,4.4431789501807515
12,0.26897931020215227,64,4.4431789501807515
12,0.2869665822228788,64,4.443184219057382
12,0.2869665822228788,64,4.443184219057382
12,0.2869665822228788,64,4.443184219057382
12,0.2869665822228788,64,4.443184219057382
12,0.2869665822228788,64,4.443184219057382
12,0.2869665822228788,64,4.443184219057382
12,0.2869665822228788,64,4.443184219057382
12,0.2869665822228788,64,4.443184219057382
12,0.30615670495544806,64,4.443189773859437
12,0.30615670495544806,64,4.443189773859437
12,0.30615670495544806,64,4.443189773859437
12,0.30615670495544806,64,4.443189773859437
12,0.3266301158243518,64,4.443195617508189
12,0.3266301158243518,64,4.443195617508189
12,0.3266301158243518,64,4.443195617508189
12,0.3266301158243518,64,4.443195617508189
12,0.3266301158243518,64,4.443195617508189
12,0.3266301158243518,64,4.443195617508189
12,0.3484726312917259,64,4.443201751709282
12,0.3484726312917259,64,4.443201751709282
12,0.3484726312917259,64,4.443201751709282
12,0.3484726312917259,64,4.443201751709282
12,0.3484726312917259,64,4.443201751709282
12,0.3484726312917259,64,4.443201751709282
12,0.3484726312917259,64,4.443201751709282
12,0.3484726312917259,64,4.443201751709282
12,0.3484726312917259,64,4.443201751709282
12,0.3484726312917259,64,4.443201751709282
12,0.3717758065661061,64,4.443208176876922
12,0.3717758065661061,64,4.443208176876922
12,0.3717758065661061,64,4.443208176876922
12,0.3717758065661061,64,4.443208176876922
12,0.3717758065661061,64,4.443208176876922
12,0.3717758065661061,64,4.443208176876922
12,0.3717758065661061,64,4.443208176876922
12,0.3717758065661061,64,4.443208176876922
12,0.39663731936574764,64,4.443214892066225
12,0.39663731936574764,64,4.443214892066225
12,0.39663731936574764,64,4.443214892066225
12,0.39663731936574764,64,4.443214892066225
12,0.39663731936574764,64,4.443214892066225
12,0.4231613793450881,64,4.443221894914936
12,0.4231613793450881,64,4.443221894914936
12,0.4231613793450881,64,4.443221894914936
12,0.4231613793450881,64,4.443221894914936
12,0.4231613793450881,64,4.443221894914936
12,0.4514591649005106,64,4.44322918159552
12,0.4514591649005106,64,4.44322918159552
12,0.4514591649005106,64,4.44322918159552
12,0.4514591649005106,64,4.44322918159552
12,0.4514591649005106,64,4.44322918159552
12,0.4514591649005106,64,4.44322918159552
12,0.4816492891863252,64,4.443236746778709
12,0.4816492891863252,64,4.443236746778709
12,0.4816492891863252,64,4.443236746778709
12,0.5138582972943202,64,4.44324458360952
12,0.5138582972943202,64,4.44324458360952
12,0.5138582972943202,64,4.44324458360952
12,0.5138582972943202,64,4.44324458360952
12,0.5482211966808708,64,4.443252683696592
12,0.5482211966808708,64,4.443252683696592
12,0.5482211966808708,64,4.443252683696592
12,0.5848820230649372,64,4.443261037115798
12,0.6239944441689813,64,4.443269632428793
12,0.6239944441689813,64,4.443269632428793
12,0.6239944441689813,64,4.443269632428793
12,0.6239944441689813,64,4.443269632428793
12,0.6239944441689813,64,4.443269632428793
12,0.6657224038334415,64,4.443278456717113
12,0.7102408092046375,64,4.443287495632276
12,0.7102408092046375,64,4.443287495632276
12,0.7102408092046375,64,4.443287495632276
12,0.7102408092046375,64,4.443287495632276
12,0.7577362638765357,64,4.443296733462072
12,0.7577362638765357,64,4.443296733462072
12,0.7577362638765357,64,4.443296733462072
12,0.7577362638765357,64,4.443296733462072
12,0.7577362638765357,64,4.443296733462072
12,0.8084078500594021,64,4.44330615321301
12,0.8084078500594021,64,4.44330615321301
12,0.8084078500594021,64,4.44330615321301
12,0.8084078500594021,64,4.44330615321301
12,0.8624679630538962,64,4.4433157367086356
12,0.8624679630538962,64,4.4433157367086356
12,0.8624679630538962,64,4.4433157367086356
12,0.8624679630538962,64,4.4433157367086356
12,0.920143201528384,64,4.4433254647030695
12,0.920143201528384,64,4.4433254647030695
12,0.920143201528384,64,4.4433254647030695
12,0.920143201528384,64,4.4433254647030695
12,0.9816753173311735,64,4.443335317008851
12,0.9816753173311735,64,4.443335317008851
12,0.9816753173311735,64,4.443335317008851
12,0.9816753173311735,64,4.443335317008851
12,1.0473222288188955,64,4.443345272637781
12,1.0473222288188955,64,4.443345272637781
12,1.0473222288188955,64,4.443345272637781
12,1.0473222288188955,64,4.443345272637781
12,1.0473222288188955,64,4.443345272637781
12,1.1173591019485078,64,4.443355309953143
12,1.1173591019485078,64,4.443355309953143
12,1.1173591019485078,64,4.443355309953143
12,1.192079503664454,64,4.443365406831404
12,1.192079503664454,64,4.443365406831404
12,1.192079503664454,64,4.443365406831404
12,1.192079503664454,64,4.443365406831404
12,1.192079503664454,64,4.443365406831404
12,1.2717966324154717,64,4.443375540831127
12,1.2717966324154717,64,4.443375540831127
12,1.2717966324154717,64,4.443375540831127
12,1.356844630958961,64,4.4433856893666634
12,1.356844630958961,64,4.4433856893666634
12,1.356844630958961,64,4.4433856893666634
12,1.356844630958961,64,4.4433856893666634
12,1.356844630958961,64,4.4433856893666634
12,1.356844630958961,64,4.4433856893666634
12,1.447579986955596,64,4.443395829883978
12,1.447579986955596,64,4.443395829883978
12,1.447579986955596,64,4.443395829883978
12,1.447579986955596,64,4.443395829883978
12,1.5443830272249786,64,4.4434059400358406
12,1.5443830272249786,64,4.4434059400358406
12,1.5443830272249786,64,4.4434059400358406
12,1.5443830272249786,64,4.4434059400358406
12,1.5443830272249786,64,4.4434059400358406
12,1.5443830272249786,64,4.4434059400358406
12,1.5443830272249786,64,4.4434059400358406
12,1.5443830272249786,64,4.4434059400358406
12,1.6476595119256485,64,4.443415997853615
12,1.6476595119256485,64,4.443415997853615
12,1.6476595119256485,64,4.443415997853615
12,1.6476595119256485,64,4.443415997853615
12,1.7578423353415833,64,4.443425981912863
12,1.8753933404042986,64,4.443435871490204
12,1.8753933404042986,64,4.443435871490204
12,1.8753933404042986,64,4.443435871490204
12,2.0008052545562065,64,4.443445646708935
12,2.0008052545562065,64,4.443445646708935
12,2.0008052545562065,64,4.443445646708935
12,2.134603755069697,64,4.443455288671357
12,2.134603755069697,64,4.443455288671357
12,2.134603755069697,64,4.443455288671357
12,2.2773496724789104,64,4.443464779575933
12,2.2773496724789104,64,4.443464779575933
12,2.2773496724789104,64,4.443464779575933
12,2.2773496724789104,64,4.443464779575933
12,2.2773496724789104,64,4.443464779575933
12,2.2773496724789104,64,4.443464779575933
12,2.2773496724789104,64,4.443464779575933
12,2.2773496724789104,64,4.443464779575933
12,2.2773496724789104,64,4.443464779575933
12,2.2773496724789104,64,4.443464779575933
12,2.429641341360074,64,4.443474102817879
12,2.429641341360074,64,4.443474102817879
12,2.429641341360074,64,4.443474102817879
12,2.429641341360074,64,4.443474102817879
12,2.429641341360074,64,4.443474102817879
12,2.429641341360074,64,4.443474102817879
12,2.592117108314055,64,4.443483243072153
12,2.592117108314055,64,4.443483243072153
12,2.7654580076634643,64,4.443492186358256
12,2.7654580076634643,64,4.443492186358256
12,2.7654580076634643,64,4.443492186358256
12,2.7654580076634643,64,4.443492186358256
12,2.950390616079903,64,4.443500920086633
12,2.950390616079903,64,4.443500920086633
12,3.147690098106772,64,4.443509433086938
12,3.147690098106772,64,4.443509433086938
12,3.147690098106772,64,4.443509433086938
12,3.358183455343213,64,4.443517715618718
12,3.358183455343213,64,4.443517715618718
12,3.358183455343213,64,4.443517715618718
12,3.358183455343213,64,4.443517715618718
12,3.582752992908632,64,4.443525759365455
12,3.582752992908632,64,4.443525759365455
12,3.582752992908632,64,4.443525759365455
12,3.8223400177176696,64,4.443533557413179
12,3.8223400177176696,64,4.443533557413179
12,3.8223400177176696,64,4.443533557413179
12,4.077948784067481,64,4.443541104215077
12,4.350650703075626,64,4.443548395543701
12,4.350650703075626,64,4.443548395543701
12,4.641588833612782,64,4.443555428432507
12,4.641588833612782,64,4.443555428432507
12,4.641588833612782,64,4.443555428432507
12,4.9519826735546415,64,4.443562201108477
12,4.9519826735546415,64,4.443562201108477
12,4.9519826735546415,64,4.443562201108477
12,4.9519826735546415,64,4.443562201108477
12,4.9519826735546415,64,4.443562201108477
12,4.9519826735546415,64,4.443562201108477
12,4.9519826735546415,64,4.443562201108477
12,4.9519826735546415,64,4.443562201108477
12,5.283133271435983,64,4.443568712917637
12,5.283133271435983,64,4.443568712917637
12,5.283133271435983,64,4.443568712917637
12,5.283133271435983,64,4.443568712917637
12,5.283133271435983,64,4.443568712917637
12,5.283133271435983,64,4.443568712917637
12,5.283133271435983,64,4.443568712917637
12,5.283133271435983,64,4.443568712917637
12,5.283133271435983,64,4.443568712917637
12,5.283133271435983,64,4.443568712917637
12,5.636428679932827,64,4.4435749642451885
12,5.636428679932827,64,4.4435749642451885
12,5.636428679932827,64,4.4435749642451885
12,5.636428679932827,64,4.4435749642451885
12,5.636428679932827,64,4.4435749642451885
12,5.636428679932827,64,4.4435749642451885
12,5.636428679932827,64,4.4435749642451885
12,5.636428679932827,64,4.4435749642451885
12,6.013349774031784,64,4.443580956431966
12,6.013349774031784,64,4.443580956431966
12,6.013349774031784,64,4.443580956431966
12,6.013349774031784,64,4.443580956431966
12,6.013349774031784,64,4.443580956431966
12,6.415476458273763,64,4.443586691688746
12,6.415476458273763,64,4.443586691688746
12,6.415476458273763,64,4.443586691688746
12,6.415476458273763,64,4.443586691688746
12,6.415476458273763,64,4.443586691688746
12,6.415476458273763,64,4.443586691688746
12,6.844494289090598,64,4.443592173009897
12,6.844494289090598,64,4.443592173009897
12,6.844494289090598,64,4.443592173009897
12,6.844494289090598,64,4.443592173009897
12,7.3022015399927485,64,4.443597404087637
12,7.3022015399927485,64,4.443597404087637
12,7.3022015399927485,64,4.443597404087637
12,7.3022015399927485,64,4.443597404087637
12,7.3022015399927485,64,4.443597404087637
12,7.3022015399927485,64,4.443597404087637
12,7.3022015399927485,64,4.443597404087637
12,7.3022015399927485,64,4.443597404087637
12,7.3022015399927485,64,4.443597404087637
12,7.790516739222392,64,4.443602389228062
12,7.790516739222392,64,4.443602389228062
12,7.790516739222392,64,4.443602389228062
12,7.790516739222392,64,4.443602389228062
12,7.790516739222392,64,4.443602389228062
12,7.790516739222392,64,4.443602389228062
12,8.311486711467111,64,4.443607133269938
12,8.311486711467111,64,4.443607133269938
12,8.311486711467111,64,4.443607133269938
12,8.311486711467111,64,4.443607133269938
12,8.867295157341472,64,4.443611641507094
12,8.867295157341472,64,4.443611641507094
12,8.867295157341472,64,4.443611641507094
12,8.867295157341472,64,4.443611641507094
12,8.867295157341472,64,4.443611641507094
12,8.867295157341472,64,4.443611641507094
12,8.867295157341472,64,4.443611641507094
12,9.460271806598614,64,4.443615919615098
12,9.460271806598614,64,4.443615919615098
12,10.092902183438433,64,4.4436199735827975
12,10.092902183438433,64,4.4436199735827975
12,10.092902183438433,64,4.4436199735827975
12,10.092902183438433,64,4.4436199735827975
12,10.767838024844412,64,4.44362380964912
12,10.767838024844412,64,4.44362380964912
12,11.48790839561917,64,4.44362743424548
12,11.48790839561917,64,4.44362743424548
12,11.48790839561917,64,4.44362743424548
12,11.48790839561917,64,4.44362743424548
12,11.48790839561917,64,4.44362743424548
12,13.075727566516196,64,4.443634075411694
12,13.075727566516196,64,4.443634075411694
12,13.075727566516196,64,4.443634075411694
12,13.075727566516196,64,4.443634075411694
12,13.950131878249618,64,4.443637105370684
12,13.950131878249618,64,4.443637105370684
12,13.950131878249618,64,4.443637105370684
12,13.950131878249618,64,4.443637105370684
12,13.950131878249618,64,4.443637105370684
12,13.950131878249618,64,4.443637105370684
12,13.950131878249618,64,4.443637105370684
12,14.883009639853281,64,4.443639950564489
12,14.883009639853281,64,4.443639950564489
12,14.883009639853281,64,4.443639950564489
12,14.883009639853281,64,4.443639950564489
12,15.878271106907928,64,4.443642617730379
12,15.878271106907928,64,4.443642617730379
12,15.878271106907928,64,4.443642617730379
12,15.878271106907928,64,4.443642617730379
12,16.940088022878722,64,4.443645113577755
12,16.940088022878722,64,4.443645113577755
12,16.940088022878722,64,4.443645113577755
12,16.940088022878722,64,4.443645113577755
12,16.940088022878722,64,4.443645113577755
12,16.940088022878722,64,4.443645113577755
12,18.07291110541828,64,4.443647444772543
12,19.281488702019512,64,4.44364961792756
12,19.281488702019512,64,4.44364961792756
12,19.281488702019512,64,4.44364961792756
12,19.281488702019512,64,4.44364961792756
12,19.281488702019512,64,4.44364961792756
12,19.281488702019512,64,4.44364961792756
12,19.281488702019512,64,4.44364961792756
12,20.570886693214934,64,4.443651639598848
12,20.570886693214934,64,4.443651639598848
12,20.570886693214934,64,4.443651639598848
12,20.570886693214934,64,4.443651639598848
12,20.570886693214934,64,4.443651639598848
12,20.570886693214934,64,4.443651639598848
12,20.570886693214934,64,4.443651639598848
12,20.570886693214934,64,4.443651639598848
12,21.946509726749827,64,4.443653516287981
12,21.946509726749827,64,4.443653516287981
12,21.946509726749827,64,4.443653516287981
12,21.946509726749827,64,4.443653516287981
12,23.414123871733302,64,4.44365525445041
12,23.414123871733302,64,4.44365525445041
12,23.414123871733302,64,4.44365525445041
12,23.414123871733302,64,4.44365525445041
12,23.414123871733302,64,4.44365525445041
12,23.414123871733302,64,4.44365525445041
12,24.979880787725563,64,4.443656860509923
12,24.979880787725563,64,4.443656860509923
12,24.979880787725563,64,4.443656860509923
12,24.979880787725563,64,4.443656860509923
12,24.979880787725563,64,4.443656860509923
12,24.979880787725563,64,4.443656860509923
12,24.979880787725563,64,4.443656860509923
12,24.979880787725563,64,4.443656860509923
12,26.65034351006826,64,4.443658340879384
12,26.65034351006826,64,4.443658340879384
12,26.65034351006826,64,4.443658340879384
12,28.432513959539357,64,4.443659701987931
12,28.432513959539357,64,4.443659701987931
12,30.333862291643364,64,4.44366095031493
12,32.36235820855605,64,4.4436620924309995
12,32.36235820855605,64,4.4436620924309995
12,32.36235820855605,64,4.4436620924309995
12,32.36235820855605,64,4.4436620924309995
12,32.36235820855605,64,4.4436620924309995
12,34.526504364972304,64,4.443663135046547
12,34.526504364972304,64,4.443663135046547
12,34.526504364972304,64,4.443663135046547
12,36.8353720078807,64,4.443664085068292
12,36.8353720078807,64,4.443664085068292
12,36.8353720078807,64,4.443664085068292
12,36.8353720078807,64,4.443664085068292
12,39.29863899965208,64,4.443664949664394
12,39.29863899965208,64,4.443664949664394
12,39.29863899965208,64,4.443664949664394
12,39.29863899965208,64,4.443664949664394
12,39.29863899965208,64,4.443664949664394
12,41.92663038382149,64,4.443665736338831
12,41.92663038382149,64,4.443665736338831
12,41.92663038382149,64,4.443665736338831
12,41.92663038382149,64,4.443665736338831
12,44.73036166359721,64,4.44366645301583
12,44.73036166359721,64,4.44366645301583
12,44.73036166359721,64,4.44366645301583
12,44.73036166359721,64,4.44366645301583
12,44.73036166359721,64,4.44366645301583
12,44.73036166359721,64,4.44366645301583
12,44.73036166359721,64,4.44366645301583
12,47.72158497450504,64,4.443667108135212
12,47.72158497450504,64,4.443667108135212
12,47.72158497450504,64,4.443667108135212
12,47.72158497450504,64,4.443667108135212
12,47.72158497450504,64,4.443667108135212
12,50.912838344704916,64,4.443667710759646
12,50.912838344704916,64,4.443667710759646
12,50.912838344704916,64,4.443667710759646
12,50.912838344704916,64,4.443667710759646
12,54.31749824945833,64,4.443668270694871
12,54.31749824945833,64,4.443668270694871
12,54.31749824945833,64,4.443668270694871
12,57.94983568003634,64,4.443668798624121
12,57.94983568003634,64,4.443668798624121
12,61.82507596208572,64,4.44366930625802
12,61.82507596208572,64,4.44366930625802
12,61.82507596208572,64,4.44366930625802
12,61.82507596208572,64,4.44366930625802
12,65.95946257418731,64,4.443669806501388
12,65.95946257418731,64,4.443669806501388
12,65.95946257418731,64,4.443669806501388
12,65.95946257418731,64,4.443669806501388
12,65.95946257418731,64,4.443669806501388
12,70.37032523411159,64,4.44367031363848
12,70.37032523411159,64,4.44367031363848
12,70.37032523411159,64,4.44367031363848
12,75.07615253815847,64,4.443670843538271
12,75.07615253815847,64,4.443670843538271
12,75.07615253815847,64,4.443670843538271
12,75.07615253815847,64,4.443670843538271
12,75.07615253815847,64,4.443670843538271
12,75.07615253815847,64,4.443670843538271
12,80.09666945806018,64,4.443671413881551
12,80.09666945806018,64,4.443671413881551
12,80.09666945806018,64,4.443671413881551
12,80.09666945806018,64,4.443671413881551
12,80.09666945806018,64,4.443671413881551
12,80.09666945806018,64,4.443671413881551
12,80.09666945806018,64,4.443671413881551
12,80.09666945806018,64,4.443671413881551
12,85.45292002028222,64,4.443672044411633
12,85.45292002028222,64,4.443672044411633
12,85.45292002028222,64,4.443672044411633
12,85.45292002028222,64,4.443672044411633
12,85.45292002028222,64,4.443672044411633
12,91.16735551427986,64,4.443672757210598
12,91.16735551427986,64,4.443672757210598
12,91.16735551427986,64,4.443672757210598
12,91.16735551427986,64,4.443672757210598
12,91.16735551427986,64,4.443672757210598
12,91.16735551427986,64,4.443672757210598
12,97.26392859944849,64,4.443673577003072
12,97.26392859944849,64,4.443673577003072
12,97.26392859944849,64,4.443673577003072
12,103.7681937052218,64,4.4436745314895845
12,103.7681937052218,64,4.4436745314895845
12,103.7681937052218,64,4.4436745314895845
12,103.7681937052218,64,4.4436745314895845
12,110.70741414515996,64,4.443675651711584
12,110.70741414515996,64,4.443675651711584
12,110.70741414515996,64,4.443675651711584
12,118.11067639400605,64,4.443676972450255
12,118.11067639400605,64,4.443676972450255
12,126.00901200671282,64,4.44367853266123
12,126.00901200671282,64,4.44367853266123
12,126.00901200671282,64,4.44367853266123
12,134.43552769048173,64,4.443680375947267
12,134.43552769048173,64,4.443680375947267
12,143.42554407501817,64,4.443682551070948
12,143.42554407501817,64,4.443682551070948
12,143.42554407501817,64,4.443682551070948
12,143.42554407501817,64,4.443682551070948
12,143.42554407501817,64,4.443682551070948
12,143.42554407501817,64,4.443682551070948
12,143.42554407501817,64,4.443682551070948
12,143.42554407501817,64,4.443682551070948
12,143.42554407501817,64,4.443682551070948
12,143.42554407501817,64,4.443682551070948
12,153.01674376267866,64,4.443685112509293
12,153.01674376267866,64,4.443685112509293
12,153.01674376267866,64,4.443685112509293
12,153.01674376267866,64,4.443685112509293
12,163.24932927907625,64,4.443688121052082
12,163.24932927907625,64,4.443688121052082
12,163.24932927907625,64,4.443688121052082
12,163.24932927907625,64,4.443688121052082
12,163.24932927907625,64,4.443688121052082
12,163.24932927907625,64,4.443688121052082
12,174.16619158620682,64,4.443691644445503
12,174.16619158620682,64,4.443691644445503
12,174.16619158620682,64,4.443691644445503
12,185.81308986444498,64,4.443695758082524
12,185.81308986444498,64,4.443695758082524
12,185.81308986444498,64,4.443695758082524
12,185.81308986444498,64,4.443695758082524
12,185.81308986444498,64,4.443695758082524
12,185.81308986444498,64,4.443695758082524
12,185.81308986444498,64,4.443695758082524
12,185.81308986444498,64,4.443695758082524
12,185.81308986444498,64,4.443695758082524
12,185.81308986444498,64,4.443695758082524
12,185.81308986444498,64,4.443695758082524
12,185.81308986444498,64,4.443695758082524
12,198.238843316975,64,4.443700545741103
12,198.238843316975,64,4.443700545741103
12,198.238843316975,64,4.443700545741103
12,198.238843316975,64,4.443700545741103
12,211.49553580063366,64,4.4437061003710605
12,211.49553580063366,64,4.4437061003710605
12,211.49553580063366,64,4.4437061003710605
12,211.49553580063366,64,4.4437061003710605
12,225.63873414089372,64,4.443712524930055
12,225.63873414089372,64,4.443712524930055
12,225.63873414089372,64,4.443712524930055
12,225.63873414089372,64,4.443712524930055
12,225.63873414089372,64,4.443712524930055
12,240.72772104607358,64,4.443719933268714
12,256.82574359706877,64,4.443728451064487
12,256.82574359706877,64,4.443728451064487
12,256.82574359706877,64,4.443728451064487
12,256.82574359706877,64,4.443728451064487
12,256.82574359706877,64,4.443728451064487
12,256.82574359706877,64,4.443728451064487
12,274.0002783541624,64,4.443738216803286
12,274.0002783541624,64,4.443738216803286
12,274.0002783541624,64,4.443738216803286
12,274.0002783541624,64,4.443738216803286
12,274.0002783541624,64,4.443738216803286
12,274.0002783541624,64,4.443738216803286
12,274.0002783541624,64,4.443738216803286
12,292.3233141921493,64,4.443749382807436
12,292.3233141921493,64,4.443749382807436
12,292.3233141921493,64,4.443749382807436
12,292.3233141921493,64,4.443749382807436
12,292.3233141921493,64,4.443749382807436
12,292.3233141921493,64,4.443749382807436
12,292.3233141921493,64,4.443749382807436
12,292.3233141921493,64,4.443749382807436
12,292.3233141921493,64,4.443749382807436
12,292.3233141921493,64,4.443749382807436
12,292.3233141921493,64,4.443749382807436
12,311.8716540493036,64,4.443762116307812
12,311.8716540493036,64,4.443762116307812
12,311.8716540493036,64,4.443762116307812
12,311.8716540493036,64,4.443762116307812
12,311.8716540493036,64,4.443762116307812
12,311.8716540493036,64,4.443762116307812
12,311.8716540493036,64,4.443762116307812
12,311.8716540493036,64,4.443762116307812
12,332.72723685499466,64,4.443776600557436
12,332.72723685499466,64,4.443776600557436
12,332.72723685499466,64,4.443776600557436
12,332.72723685499466,64,4.443776600557436
12,332.72723685499466,64,4.443776600557436
12,332.72723685499466,64,4.443776600557436
12,354.9774809853617,64,4.443793035983084
12,354.9774809853617,64,4.443793035983084
12,354.9774809853617,64,4.443793035983084
12,354.9774809853617,64,4.443793035983084
12,354.9774809853617,64,4.443793035983084
12,354.9774809853617,64,4.443793035983084
12,378.7156506866572,64,4.443811641370731
12,378.7156506866572,64,4.443811641370731
12,378.7156506866572,64,4.443811641370731
12,378.7156506866572,64,4.443811641370731
12,378.7156506866572,64,4.443811641370731
12,378.7156506866572,64,4.443811641370731
12,378.7156506866572,64,4.443811641370731
12,404.0412470021791,64,4.443832655079904
12,404.0412470021791,64,4.443832655079904
12,404.0412470021791,64,4.443832655079904
12,404.0412470021791,64,4.443832655079904
12,404.0412470021791,64,4.443832655079904
12,404.0412470021791,64,4.443832655079904
12,431.0604248413962,64,4.443856336281231
12,431.0604248413962,64,4.443856336281231
12,431.0604248413962,64,4.443856336281231
12,431.0604248413962,64,4.443856336281231
12,459.88643793944743,64,4.4438829662106585
12,459.88643793944743,64,4.4438829662106585
12,459.88643793944743,64,4.4438829662106585
12,459.88643793944743,64,4.4438829662106585
12,490.640113572131,64,4.44391284943301
12,490.640113572131,64,4.44391284943301
12,490.640113572131,64,4.44391284943301
12,523.4503590161748,64,4.443946315106803
12,523.4503590161748,64,4.443946315106803
12,523.4503590161748,64,4.443946315106803
12,523.4503590161748,64,4.443946315106803
12,523.4503590161748,64,4.443946315106803
12,523.4503590161748,64,4.443946315106803
12,523.4503590161748,64,4.443946315106803
12,523.4503590161748,64,4.443946315106803
12,523.4503590161748,64,4.443946315106803
12,558.454701877693,64,4.443983718241448
12,558.454701877693,64,4.443983718241448
12,558.454701877693,64,4.443983718241448
12,595.7998665536622,64,4.444025440937358
12,595.7998665536622,64,4.444025440937358
12,595.7998665536622,64,4.444025440937358
12,595.7998665536622,64,4.444025440937358
12,635.6423892427093,64,4.444071893598889
12,635.6423892427093,64,4.444071893598889
12,635.6423892427093,64,4.444071893598889
12,635.6423892427093,64,4.444071893598889
12,635.6423892427093,64,4.444071893598889
12,635.6423892427093,64,4.444071893598889
12,678.1492740831088,64,4.444123516109756
12,678.1492740831088,64,4.444123516109756
12,678.1492740831088,64,4.444123516109756
12,678.1492740831088,64,4.444123516109756
12,678.1492740831088,64,4.444123516109756
12,678.1492740831088,64,4.444123516109756
12,723.4986931682564,64,4.444180778960366
12,723.4986931682564,64,4.444180778960366
12,723.4986931682564,64,4.444180778960366
12,723.4986931682564,64,4.444180778960366
12,723.4986931682564,64,4.444180778960366
12,723.4986931682564,64,4.444180778960366
12,771.8807333737907,64,4.444244184316792
12,771.8807333737907,64,4.444244184316792
12,771.8807333737907,64,4.444244184316792
12,771.8807333737907,64,4.444244184316792
12,771.8807333737907,64,4.444244184316792
12,771.8807333737907,64,4.444244184316792
12,771.8807333737907,64,4.444244184316792
12,771.8807333737907,64,4.444244184316792
12,771.8807333737907,64,4.444244184316792
12,823.4981931268027,64,4.444314267021694
12,823.4981931268027,64,4.444314267021694
12,823.4981931268027,64,4.444314267021694
12,823.4981931268027,64,4.444314267021694
12,878.5674324568332,64,4.44439159551865
12,878.5674324568332,64,4.44439159551865
12,878.5674324568332,64,4.44439159551865
12,878.5674324568332,64,4.44439159551865
12,878.5674324568332,64,4.44439159551865
12,878.5674324568332,64,4.44439159551865
12,937.3192798917728,64,4.444476772693111
12,937.3192798917728,64,4.444476772693111
12,937.3192798917728,64,4.444476772693111
12,937.3192798917728,64,4.444476772693111
12,937.3192798917728,64,4.444476772693111
12,937.3192798917728,64,4.444476772693111
12,937.3192798917728,64,4.444476772693111
12,937.3192798917728,64,4.444476772693111
12,937.3192798917728,64,4.444476772693111
12,1000.0,64,4.444570436625693
12,1000.0,64,4.444570436625693
12,1000.0,64,4.444570436625693
12,1000.0,64,4.444570436625693
